{"type":"FeatureCollection", "features": [
{"type":"Feature","geometry":{"type":"Polygon","coordinates":[[[136.280742114,35.658630865],[136.290423022,35.665825279],[136.289165006,35.671725532],[136.298932309,35.678810225],[136.291918106,35.684070775],[136.291773671,35.690392198],[136.297620636,35.691775775],[136.304740078,35.701533054],[136.310847886,35.705665],[136.313094527,35.712892802],[136.322692866,35.715631973],[136.320524254,35.722933387],[136.326960078,35.731517027],[136.325025357,35.744660414],[136.318401997,35.750975414],[136.321656719,35.765299919],[136.327947834,35.775101865],[136.346765616,35.77624436],[136.348412283,35.780024387],[136.376658418,35.795178027],[136.400136446,35.789366919],[136.40885144,35.780302748],[136.418963943,35.782303306],[136.430727523,35.775029135],[136.441206978,35.775178306],[136.461580584,35.778713865],[136.467576667,35.773216387],[136.48457917,35.775142505],[136.496514695,35.765533054],[136.50336214,35.750873333],[136.511915188,35.758574171],[136.511963839,35.771910838],[136.525236083,35.78796664],[136.530646615,35.784149973],[136.545281025,35.778711081],[136.550681582,35.781080802],[136.572323774,35.778044108],[136.585996278,35.784429946],[136.586094086,35.791523532],[136.599149637,35.798529919],[136.611451284,35.788796279],[136.623024864,35.78776736],[136.626110999,35.795417919],[136.638183774,35.797490667],[136.645195188,35.806831748],[136.652510999,35.79872536],[136.654326252,35.785882586],[136.666135422,35.785136441],[136.672049585,35.79130836],[136.689778755,35.789282748],[136.700042918,35.794173838],[136.710047912,35.792043252],[136.72058406,35.800217919],[136.724517691,35.808147586],[136.7323838,35.806576252],[136.74109655,35.801068775],[136.754466031,35.809242441],[136.763909637,35.810607198],[136.774385473,35.80667336],[136.774141829,35.800047252],[136.789316835,35.799435919],[136.795874086,35.809058135],[136.802290895,35.844026441],[136.815449754,35.842536198],[136.825116135,35.845406505],[136.832362866,35.857443441],[136.82600572,35.874581721],[136.820219637,35.879396414],[136.823768586,35.892766387],[136.813702581,35.910922694],[136.80582786,35.912875748],[136.799467639,35.920318225],[136.786503476,35.922297108],[136.783863217,35.927775721],[136.793385525,35.940923441],[136.78906,35.948658441],[136.772100026,35.950226],[136.752865357,35.956459919],[136.74884594,35.963601865],[136.753477367,35.968144081],[136.753335473,35.978212135],[136.749693333,35.990900198],[136.727079494,35.995615559],[136.728885422,36.009355559],[136.73438939,36.020989135],[136.735395357,36.047892468],[136.744432361,36.059942198],[136.764256835,36.067682414],[136.764074086,36.074195198],[136.754284449,36.086290225],[136.745298612,36.085145252],[136.738816641,36.080388613],[136.715325551,36.082065027],[136.695598586,36.074443973],[136.678517471,36.070540135],[136.674238301,36.067228198],[136.659021115,36.068912946],[136.654965279,36.077754613],[136.656818366,36.08457236],[136.651344747,36.09223236],[136.642073359,36.098072054],[136.632263359,36.099410946],[136.622170311,36.106463135],[136.614730856,36.108307838],[136.612274747,36.116819748],[136.604429468,36.122181667],[136.603408664,36.127944694],[136.590484773,36.131217135],[136.576324553,36.142226225],[136.562850999,36.14636536],[136.56009214,36.153014775],[136.551752412,36.15490336],[136.526678249,36.148123865],[136.521527691,36.151377171],[136.511944332,36.146273279],[136.497067977,36.149668225],[136.488045746,36.159140748],[136.470058716,36.145425252],[136.46445144,36.137933892],[136.456511725,36.136293081],[136.448814773,36.140689748],[136.440605305,36.137255054],[136.431763087,36.143472586],[136.424193671,36.154578694],[136.414285305,36.156623721],[136.413267004,36.166953748],[136.409306161,36.172226802],[136.390714449,36.167526865],[136.368895525,36.169834694],[136.357969663,36.165140532],[136.355098833,36.168836387],[136.344118249,36.172979748],[136.33760856,36.183726721],[136.336961336,36.190793387],[136.329635525,36.201670081],[136.327867471,36.209904802],[136.331178885,36.218377613],[136.329007523,36.224297054],[136.332403359,36.229586225],[136.316677004,36.23508064],[136.315297588,36.245884802],[136.308420363,36.246817865],[136.302114034,36.25751564],[136.289487082,36.260409505],[136.268267665,36.269270613],[136.256199663,36.279910865],[136.258594423,36.289320865],[136.249247471,36.291761694],[136.240745694,36.291151468],[136.217356472,36.275853441],[136.175954137,36.254100198],[136.162033995,36.249781505],[136.153919105,36.253409135],[136.141172918,36.252828225],[136.136482555,36.250459081],[136.123397497,36.250029694],[136.130840726,36.241803892],[136.125461362,36.238215387],[136.133172503,36.228400135],[136.134710804,36.220745532],[136.132017082,36.213922054],[136.12183214,36.201137198],[136.126553606,36.198917892],[136.127652192,36.190087586],[136.114423696,36.192686802],[136.090394189,36.160527865],[136.093367082,36.15322464],[136.076601725,36.138456919],[136.062054812,36.129881838],[136.054821025,36.127920306],[136.054317665,36.121043468],[136.048560117,36.116947838],[136.048630195,36.109968225],[136.035854747,36.102423973],[136.030832529,36.093095198],[136.030378781,36.086014252],[136.021290026,36.070922892],[136.018947756,36.056892775],[136.012083658,36.047088063],[136.009691206,36.036912315],[135.997557782,36.019176946],[135.985590337,36.008916586],[135.963957951,35.997449667],[135.965295162,35.991961613],[135.957689585,35.981768279],[135.958510441,35.976119252],[135.966992633,35.969665505],[135.969535422,35.962397171],[135.980430817,35.955700694],[135.986597121,35.948961928],[135.986465383,35.943967441],[135.996708885,35.935878613],[135.998018288,35.925064342],[135.995194695,35.914178649],[135.99778642,35.902378414],[135.995161777,35.892454405],[135.998256135,35.883965009],[136.012074137,35.871388892],[136.031960649,35.856300099],[136.0456993,35.842967694],[136.061568003,35.829680586],[136.070309948,35.824832],[136.076399948,35.811653108],[136.087676887,35.797870892],[136.09014415,35.791123694],[136.099802438,35.779161198],[136.096719663,35.767344252],[136.101209948,35.758150081],[136.099925499,35.746676505],[136.09456022,35.742174324],[136.096026589,35.729473171],[136.098566861,35.726314],[136.090956304,35.716935946],[136.092422114,35.711039027],[136.078536615,35.703561225],[136.081403943,35.689165532],[136.08615511,35.685340171],[136.074294721,35.678059586],[136.074293528,35.667396919],[136.071848664,35.660677252],[136.056011673,35.65667],[136.048279559,35.657061108],[136.042849663,35.669483198],[136.026530363,35.679095081],[136.025456978,35.683496171],[136.031517108,35.691637306],[136.041009027,35.69863036],[136.041768223,35.705943667],[136.035781336,35.721032532],[136.03640939,35.729625027],[136.028141634,35.73736291],[136.030287134,35.753215865],[136.025952309,35.754824595],[136.019985473,35.763662505],[136.001155162,35.74988109],[135.994806667,35.748656946],[135.984500947,35.739733171],[135.981100272,35.733104721],[135.968447224,35.735115559],[135.954404669,35.720121694],[135.959431894,35.716678919],[135.959655473,35.701823081],[135.975432088,35.69827236],[135.977565162,35.686693667],[135.973006498,35.677529252],[135.968251751,35.674237865],[135.966820272,35.659694838],[135.985590441,35.643194586],[135.984885279,35.636486225],[135.978288612,35.627580973],[135.968903307,35.622478505],[135.962346783,35.622452838],[135.954577056,35.629088892],[135.945029728,35.623768892],[135.938781115,35.614613595],[135.925797004,35.610108333],[135.913498638,35.60939391],[135.908900052,35.613504396],[135.90787144,35.624351225],[135.898859144,35.623990667],[135.891507224,35.612066135],[135.885111803,35.617845667],[135.876639663,35.610331252],[135.870151336,35.608303748],[135.859256057,35.611070694],[135.855526641,35.624697081],[135.849060246,35.62277236],[135.843565253,35.626623198],[135.846134449,35.635495414],[135.827694721,35.638848198],[135.822056083,35.637502802],[135.823146057,35.62870464],[135.839014423,35.620299667],[135.827392996,35.608193865],[135.834235422,35.604795973],[135.84303511,35.607536279],[135.846184228,35.601369333],[135.853518586,35.603070946],[135.857375006,35.581803532],[135.848410558,35.577531919],[135.839692892,35.563147721],[135.827938664,35.564013108],[135.827825772,35.568520333],[135.821206744,35.57373164],[135.803197562,35.568372387],[135.811673359,35.559012694],[135.824587523,35.552586027],[135.827400026,35.543511027],[135.833734643,35.53590336],[135.827221673,35.533283559],[135.816415551,35.532963802],[135.811948029,35.527546892],[135.80588275,35.532042414],[135.796215499,35.526120748],[135.788456887,35.531420468],[135.784840532,35.54297964],[135.77966275,35.550302694],[135.75883131,35.542571865],[135.753969922,35.545995387],[135.750057717,35.555654054],[135.750768859,35.565650171],[135.74508022,35.564306279],[135.735829689,35.571347946],[135.728667173,35.569047946],[135.715097717,35.569988775],[135.703554332,35.558092667],[135.690067912,35.548777387],[135.694464306,35.542682667],[135.702889287,35.544305],[135.716782114,35.540743775],[135.718523476,35.53584436],[135.716642049,35.525394081],[135.718069001,35.519703532],[135.732068054,35.525442468],[135.737138975,35.535280586],[135.7633338,35.537578748],[135.763411414,35.531055613],[135.751975162,35.532062838],[135.750683943,35.517453667],[135.740595032,35.502673748],[135.737468949,35.494414468],[135.730741777,35.495158613],[135.719995162,35.491119775],[135.714207445,35.483223054],[135.7077007,35.489827586],[135.700222581,35.492775919],[135.691737108,35.487723387],[135.675471025,35.487574108],[135.660274228,35.492103532],[135.654327613,35.480423027],[135.648179274,35.478289306],[135.620746109,35.485967225],[135.603813191,35.483476054],[135.597959948,35.488311468],[135.616109857,35.492420865],[135.628502335,35.491846333],[135.636419585,35.503945252],[135.642048249,35.506879],[135.6347738,35.518849198],[135.65469703,35.530930252],[135.66159192,35.525993973],[135.668850558,35.525218],[135.665308638,35.541375279],[135.656925888,35.544947694],[135.633084747,35.537518414],[135.619676744,35.526514198],[135.620637497,35.521493252],[135.603263722,35.515090306],[135.591910026,35.502407667],[135.5808207,35.498198748],[135.574882866,35.493380586],[135.564463411,35.490329],[135.556065525,35.490567252],[135.546121582,35.494463171],[135.536140078,35.488866387],[135.519037134,35.493778333],[135.507308975,35.505702225],[135.513454501,35.515682802],[135.516684358,35.526103838],[135.514137782,35.535749892],[135.518316913,35.549614081],[135.503678833,35.549489667],[135.4994338,35.547522721],[135.502814384,35.533277],[135.502633256,35.524731892],[135.482160726,35.529968559],[135.47794655,35.542123838],[135.478566083,35.551110559],[135.486599637,35.557936333],[135.46684489,35.551913838],[135.460484578,35.548456892],[135.449862049,35.527249694],[135.4499262,35.520796081],[135.46665594,35.509486081],[135.476224553,35.505492748],[135.47257594,35.50117636],[135.476303165,35.489681081],[135.462480921,35.478807468],[135.458429222,35.468856919],[135.470321751,35.454487198],[135.480862023,35.448082198],[135.48608869,35.448599135],[135.490983696,35.438552468],[135.497788171,35.437545252],[135.500485383,35.432547198],[135.495363969,35.426409414],[135.505694553,35.420897468],[135.510144838,35.424421919],[135.520807886,35.422926333],[135.527022633,35.418415225],[135.529969831,35.408423838],[135.525197886,35.403084694],[135.531642335,35.392796919],[135.527541193,35.380217198],[135.536980117,35.37667136],[135.56583847,35.37732664],[135.57172847,35.374263865],[135.579611556,35.374873865],[135.588102387,35.368257468],[135.607062698,35.371495532],[135.623470778,35.369899135],[135.636637471,35.363709414],[135.642364423,35.366715252],[135.661343333,35.356341919],[135.668198366,35.35706636],[135.677114475,35.349837748],[135.700986472,35.343686946],[135.71072428,35.348001387],[135.718938495,35.3553],[135.72501655,35.351735279],[135.736370467,35.351146387],[135.744141089,35.358938333],[135.755181673,35.354445586],[135.768785305,35.356014468],[135.777749001,35.365939198],[135.779145694,35.373524748],[135.79196022,35.381115586],[135.79089358,35.386638919],[135.807529196,35.385361721],[135.810760272,35.409466694],[135.813214423,35.412977802],[135.826695227,35.414650027],[135.838372918,35.414223081],[135.85537144,35.409496973],[135.854338949,35.40077836],[135.86453192,35.394422802],[135.890570078,35.403175],[135.893545914,35.410734441],[135.892981505,35.419847505],[135.902711193,35.429433054],[135.914162244,35.432106108],[135.912455084,35.448685559],[135.915576744,35.456118892],[135.916009831,35.470578306],[135.921690921,35.476119694],[135.92229428,35.485818306],[135.929833722,35.49196136],[135.938021803,35.511161919],[135.939647082,35.520542748],[135.947022361,35.520475532],[135.951820117,35.511223586],[135.96257978,35.501333027],[135.97264642,35.500105532],[135.980951051,35.486689171],[135.989506887,35.492681946],[136.006664916,35.491819441],[136.011686304,35.497616667],[136.011726887,35.504840559],[136.015963554,35.512272225],[136.028842166,35.523428081],[136.028275525,35.529067802],[136.048346615,35.534531721],[136.06071655,35.531867279],[136.069233476,35.526247279],[136.077046809,35.530541441],[136.08322847,35.540558414],[136.093557328,35.537343135],[136.103783113,35.530411198],[136.1094062,35.545118694],[136.105449585,35.555419279],[136.110095694,35.559286775],[136.10889406,35.567196775],[136.112599053,35.573410946],[136.121580441,35.576164],[136.138686809,35.575672586],[136.143330143,35.571148694],[136.15086847,35.572881441],[136.170329805,35.571088081],[136.166466005,35.582654468],[136.177485525,35.594983865],[136.166889831,35.618624973],[136.159865966,35.625227748],[136.159773554,35.634959108],[136.151543917,35.648276613],[136.14781511,35.662519919],[136.137487056,35.665076306],[136.134493774,35.669822973],[136.150260532,35.69112264],[136.151356939,35.698429865],[136.166774721,35.702214838],[136.185284747,35.703726198],[136.193091414,35.700761721],[136.198502503,35.689573667],[136.208042503,35.687694748],[136.21181083,35.682446387],[136.219471141,35.684353865],[136.227679468,35.680469946],[136.234407004,35.682462135],[136.244649805,35.673788225],[136.250372607,35.676245135],[136.257475668,35.671279838],[136.269359883,35.668727838],[136.280742114,35.658630865]]]},"properties":{"N03_001":"福井県"}},
{"type":"Feature","geometry":{"type":"MultiPolygon","coordinates":[[[[136.055476394,34.738555559],[136.068031115,34.723887225],[136.071065837,34.714676667],[136.066345837,34.70979],[136.054185551,34.706164721],[136.059942503,34.699753892],[136.075083061,34.697701108],[136.082107224,34.679008613],[136.086464721,34.675347495],[136.07778083,34.658760559],[136.070581673,34.657752225],[136.064514721,34.651965],[136.043989728,34.660226667],[136.050474449,34.652296387],[136.064846394,34.651564441],[136.073576939,34.634094162],[136.06885834,34.622303613],[136.062466939,34.619957775],[136.055830272,34.610156946],[136.04656834,34.600557495],[136.052141388,34.593058333],[136.049767224,34.580270559],[136.060801673,34.574964721],[136.060311388,34.569417775],[136.071355279,34.567727225],[136.091020272,34.557286667],[136.110587497,34.556451108],[136.113631673,34.546446108],[136.118629728,34.546486387],[136.139602776,34.559258892],[136.146610272,34.555787225],[136.155498612,34.559730559],[136.159773891,34.546711667],[136.171773891,34.534819162],[136.167714449,34.520912495],[136.182116667,34.516751108],[136.189784721,34.523957225],[136.193613061,34.523478613],[136.209941388,34.529029162],[136.219775837,34.515885559],[136.214667224,34.501311946],[136.218256394,34.497020559],[136.229036109,34.494722225],[136.228519728,34.489065279],[136.215559728,34.481153054],[136.214733061,34.472716946],[136.209323061,34.467056387],[136.208600272,34.455496946],[136.205360272,34.448346108],[136.188521946,34.450605],[136.178484163,34.445521387],[136.158235551,34.449006387],[136.151436667,34.441853333],[136.144215006,34.441090279],[136.131320558,34.445104441],[136.118021388,34.442709721],[136.111255279,34.435704162],[136.095898054,34.435221667],[136.08869917,34.428724162],[136.090265006,34.416042495],[136.07653834,34.405863054],[136.074988885,34.398366667],[136.06914083,34.394256946],[136.069305837,34.389341108],[136.078159442,34.386403892],[136.086091673,34.379624721],[136.09194083,34.368557495],[136.090544163,34.362823333],[136.095520558,34.359808613],[136.096726394,34.349535559],[136.102068054,34.342159162],[136.102362776,34.336048333],[136.10923083,34.329106946],[136.122217224,34.325422775],[136.129505279,34.316174441],[136.111646109,34.305013892],[136.10036,34.305540559],[136.094903606,34.301451108],[136.097829442,34.288821946],[136.113418612,34.278763054],[136.119356394,34.265666946],[136.118063606,34.260596387],[136.127806109,34.256654162],[136.131849442,34.251896387],[136.130305837,34.242873054],[136.124692776,34.241319162],[136.110666939,34.229354721],[136.11729834,34.22311],[136.118735006,34.215505829],[136.115466394,34.210835],[136.097576109,34.202471667],[136.092682776,34.190394162],[136.108864721,34.185137775],[136.105596939,34.171618333],[136.112044721,34.167557775],[136.114692218,34.160816387],[136.105685837,34.152516946],[136.106216939,34.143857775],[136.10194917,34.141329441],[136.108404449,34.126784441],[136.099677782,34.120419721],[136.10406083,34.115104162],[136.104301946,34.105903613],[136.107865837,34.103093333],[136.10236083,34.096029721],[136.115985551,34.081758333],[136.096096667,34.086348613],[136.096591673,34.079061108],[136.093915837,34.066613892],[136.097082218,34.057413054],[136.092225551,34.048173613],[136.097821388,34.044824721],[136.104469442,34.026956667],[136.096375006,34.022462495],[136.085537782,34.028788613],[136.082124721,34.027555279],[136.072655837,34.033862775],[136.062380272,34.032280279],[136.038996667,34.036518054],[136.031727782,34.031867225],[136.022982776,34.036521946],[136.017044163,34.033523333],[136.014963606,34.024597775],[136.00734917,34.019746946],[136.003606939,34.009881387],[136.006954721,34.007398333],[135.997156667,33.997762225],[136.004042218,33.991770279],[136.004153061,33.985711387],[136.013363891,33.974231387],[136.013330272,33.969227225],[135.997156939,33.956881667],[135.991457224,33.965048892],[135.985448612,33.968555559],[135.977606667,33.966975829],[135.975156667,33.960636946],[135.97796083,33.951459721],[135.975539442,33.941463054],[135.969764163,33.930024441],[135.964552503,33.928362225],[135.957586394,33.934468333],[135.944193891,33.939552495],[135.929544163,33.941430559],[135.927951673,33.934801108],[135.919001673,33.931752775],[135.917287224,33.925056108],[135.923685837,33.919817225],[135.909083606,33.918474441],[135.898146109,33.921598054],[135.897873606,33.912608892],[135.893951388,33.906150829],[135.88076083,33.909372225],[135.880856394,33.902317775],[135.887919442,33.896302495],[135.884218885,33.886536667],[135.891047497,33.880973613],[135.893102776,33.893487225],[135.901313061,33.885406387],[135.897633061,33.869745829],[135.890883333,33.868392495],[135.886412776,33.872020279],[135.877789442,33.871337495],[135.874832218,33.861596387],[135.867074163,33.859896667],[135.862185837,33.862721387],[135.857921115,33.873152775],[135.858893333,33.868480829],[135.853438054,33.857838613],[135.860587497,33.848958333],[135.855731388,33.836689441],[135.858929728,33.830188333],[135.855856109,33.820336387],[135.864395551,33.810467775],[135.872168885,33.809000829],[135.880406939,33.802962775],[135.890913333,33.801678333],[135.89822917,33.790100279],[135.905675006,33.768480279],[135.91586,33.767024721],[135.920502503,33.758761667],[135.928371115,33.754020279],[135.938883891,33.756258613],[135.939933333,33.738586946],[135.945934163,33.732031946],[135.963523333,33.724313892],[135.977071115,33.724771387],[135.97169917,33.731725829],[135.972958885,33.735441667],[135.983275006,33.736367495],[136.008083891,33.727021667],[136.011889961,33.72330073],[136.018317588,33.730559865],[136.024272477,33.755412054],[136.028201219,33.765866586],[136.038081556,33.785808865],[136.045984721,33.805712667],[136.051952309,33.813935865],[136.057102581,33.826084721],[136.0767538,33.857671],[136.085951997,33.869559198],[136.106694617,33.890093495],[136.114112218,33.888938252],[136.118128495,33.898807468],[136.124840337,33.897424495],[136.128416226,33.886899468],[136.136075694,33.888027108],[136.150800532,33.900187559],[136.141556589,33.904285721],[136.144459831,33.912034775],[136.151689053,33.912241586],[136.154734475,33.920683829],[136.147295811,33.926659775],[136.150390169,33.931379694],[136.164007108,33.929781829],[136.168690506,33.924988586],[136.169764475,33.913353414],[136.184827782,33.914824135],[136.198020441,33.922114414],[136.189344332,33.933878468],[136.190695966,33.939667829],[136.203397912,33.944038225],[136.211190415,33.937430495],[136.219932309,33.941221054],[136.216606109,33.946633586],[136.23175725,33.946292667],[136.227452218,33.951821892],[136.224878859,33.966827667],[136.218987367,33.974619667],[136.203792996,33.964742532],[136.20191939,33.971164252],[136.210505551,33.981667586],[136.215429922,33.983249252],[136.212227717,33.99533436],[136.213721479,34.001063559],[136.226926498,33.988718919],[136.248093217,33.985413198],[136.235540636,33.980101802],[136.239266667,33.968693225],[136.24903345,33.972682919],[136.252580558,33.967345667],[136.262838612,33.967132775],[136.270847639,33.971317054],[136.269638885,33.981130333],[136.272296005,33.988356387],[136.263618859,33.989621775],[136.271201219,34.005848108],[136.263493281,34.003916559],[136.263332672,34.010670919],[136.280887756,34.022682081],[136.265872361,34.031665054],[136.257836135,34.032465667],[136.2550393,34.036365468],[136.244362607,34.038448333],[136.244597912,34.055824081],[136.241574086,34.063558586],[136.226565966,34.065336081],[136.221451479,34.062987441],[136.210917198,34.065498108],[136.201793748,34.072091468],[136.201605227,34.07698336],[136.216870428,34.07907345],[136.236914773,34.089288613],[136.227496615,34.098730054],[136.230567613,34.102560306],[136.243087639,34.105952973],[136.252490726,34.111744748],[136.257912827,34.119806414],[136.265592412,34.124318613],[136.274445525,34.122671559],[136.266701089,34.112693586],[136.258426161,34.106915495],[136.248115227,34.102947613],[136.250699364,34.093259775],[136.257557951,34.087766081],[136.264864527,34.097115694],[136.273671971,34.082833279],[136.286343865,34.093808495],[136.292839831,34.096705252],[136.298311894,34.090504946],[136.302230726,34.100787162],[136.313224527,34.117532721],[136.298825888,34.118321775],[136.292633359,34.112479441],[136.28400978,34.118081135],[136.283189728,34.122481946],[136.291775162,34.127149081],[136.280058197,34.130957829],[136.276461051,34.139485],[136.284581699,34.148002135],[136.279208275,34.152872441],[136.277580467,34.160430414],[136.289927056,34.165060054],[136.297087108,34.16545],[136.29610022,34.17194636],[136.302930947,34.179721081],[136.31726214,34.179472252],[136.320961673,34.186139901],[136.332160921,34.187691748],[136.338607613,34.19290064],[136.338970246,34.204673721],[136.353939754,34.208177387],[136.349614332,34.199299162],[136.356017756,34.198936252],[136.362491699,34.192444532],[136.374493995,34.197471387],[136.378536057,34.204751135],[136.386206109,34.208331748],[136.389076394,34.218312387],[136.399219533,34.218458306],[136.393717328,34.211231694],[136.40010489,34.20501364],[136.409001362,34.206709225],[136.413146252,34.210827081],[136.426181141,34.214563108],[136.434966031,34.221007054],[136.442555863,34.219869586],[136.455451167,34.221595973],[136.452090272,34.230881414],[136.455096498,34.234193414],[136.453456083,34.245089694],[136.466030078,34.257035559],[136.468745188,34.249588865],[136.463879585,34.247153559],[136.460309027,34.239242892],[136.468144968,34.232480414],[136.482817691,34.227997973],[136.481951336,34.219946054],[136.492655694,34.225217495],[136.506545642,34.235175333],[136.496420778,34.236864198],[136.497368171,34.244216108],[136.502471025,34.25492664],[136.50888358,34.258578495],[136.505651336,34.264390225],[136.505567056,34.278957135],[136.513985084,34.278333027],[136.512605305,34.269939441],[136.52465,34.267069081],[136.529167367,34.273310865],[136.540761505,34.277585892],[136.542821803,34.266185225],[136.537821141,34.26079164],[136.545832438,34.253178892],[136.553148716,34.260984135],[136.555122529,34.270247027],[136.553459948,34.280775279],[136.558751803,34.285260162],[136.570436355,34.288869279],[136.597141777,34.290914721],[136.576661777,34.278316198],[136.581089689,34.274952387],[136.579441803,34.268993441],[136.585853606,34.257467468],[136.605291362,34.258625108],[136.612915227,34.269389135],[136.621183917,34.273942775],[136.634973022,34.275677667],[136.635631751,34.284629441],[136.654980558,34.287071279],[136.653646057,34.296815027],[136.663905551,34.302078694],[136.6651838,34.306628306],[136.674538781,34.312081586],[136.664610246,34.315860252],[136.662304306,34.311122198],[136.651634254,34.312797892],[136.640373774,34.308034054],[136.63733808,34.312513468],[136.649566278,34.316153559],[136.661001829,34.323068748],[136.672940311,34.326415468],[136.670694812,34.337233333],[136.656922866,34.339335748],[136.661412088,34.345505306],[136.681471894,34.342866027],[136.687038885,34.333355495],[136.694663256,34.335728162],[136.699025279,34.346002081],[136.709378495,34.33658836],[136.718508911,34.342307973],[136.721726887,34.338264559],[136.72044661500001,34.33032338700002],[136.71028250300014,34.33058927899998],[136.69800763900002,34.32335144100011],[136.68937985699995,34.30570808100009],[136.68997603100013,34.28755077500006],[136.69883927400008,34.29278691900004],[136.71148702999994,34.29357491900004],[136.71401319100016,34.301391],[136.724522581,34.304320468],[136.735686472,34.302324973],[136.750867445,34.293093225],[136.759638664,34.297218919],[136.765568366,34.306642027],[136.762619585,34.313225667],[136.775814423,34.313930306],[136.773125331,34.296393027],[136.778662918,34.291705694],[136.78709642,34.289207081],[136.798309857,34.290758775],[136.808978392,34.297825135],[136.804413774,34.305746775],[136.797640921,34.307609135],[136.802525837,34.31528236],[136.813530532,34.310384532],[136.818769637,34.312529],[136.829570311,34.308060946],[136.837705551,34.307946252],[136.841526446,34.314251387],[136.850440636,34.307303532],[136.848036913,34.30391064],[136.839089079,34.305111721],[136.829041971,34.302976225],[136.83277725,34.296925532],[136.840433087,34.297753586],[136.850254916,34.291097081],[136.83790546,34.290629514],[136.832459222,34.284232135],[136.830512412,34.275958613],[136.838967977,34.27070064],[136.854338054,34.279833306],[136.851875227,34.26842464],[136.846778781,34.269683081],[136.841607886,34.264528027],[136.827873061,34.267292333],[136.821350467,34.273283279],[136.803751699,34.273280495],[136.798394137,34.276263225],[136.785002672,34.278352973],[136.765614747,34.278201135],[136.761728859,34.273555865],[136.765382996,34.260647],[136.775865694,34.260787468],[136.783850441,34.258058252],[136.806122633,34.254467892],[136.819340778,34.250654414],[136.84051428,34.252287468],[136.852968716,34.261722946],[136.870150973,34.262672667],[136.869945668,34.273432333],[136.878204669,34.272836108],[136.894702944,34.276950775],[136.897925966,34.286512162],[136.893980337,34.292665279],[136.884271336,34.300081919],[136.891236394,34.31060936],[136.878902672,34.325285667],[136.877796809,34.335417919],[136.88190594,34.345479252],[136.901154501,34.355520054],[136.903067419,34.362810225],[136.894543113,34.361768],[136.892138716,34.365603414],[136.874738249,34.354023829],[136.865391479,34.344978468],[136.867708521,34.358848],[136.861364228,34.361636162],[136.85092345,34.357048198],[136.852136472,34.36859036],[136.84034406,34.365098387],[136.840448171,34.358278126],[136.826565357,34.352662135],[136.820090661,34.357838306],[136.823016472,34.364934865],[136.834383528,34.361763198],[136.837757951,34.366882135],[136.847087951,34.372040387],[136.861566524,34.367328721],[136.87632345,34.373936108],[136.873402062,34.384154892],[136.892883256,34.389263225],[136.899165551,34.386908586],[136.898005668,34.378677081],[136.907130947,34.375552802],[136.912066719,34.38154164],[136.90696153,34.385234892],[136.909002672,34.396345162],[136.915975136,34.402151252],[136.919907224,34.41111864],[136.923943554,34.411960532],[136.923641414,34.421065532],[136.91888022,34.426477027],[136.92242856,34.430990721],[136.919360078,34.445222495],[136.914999611,34.452299721],[136.907050363,34.451399306],[136.897114449,34.453685225],[136.892876783,34.447159775],[136.868122633,34.455843892],[136.872345383,34.464246946],[136.871723995,34.473919775],[136.866559416,34.481104973],[136.857994384,34.477932559],[136.847310052,34.480518559],[136.845246589,34.487705559],[136.834744981,34.491595847],[136.834236329,34.503658775],[136.824495473,34.505034],[136.82884725,34.492764613],[136.820417691,34.484492748],[136.8160007,34.496603279],[136.808900078,34.508265054],[136.795747004,34.506532721],[136.787303307,34.509234027],[136.776858885,34.508921973],[136.765338223,34.513549775],[136.753199442,34.524756532],[136.747202633,34.526299532],[136.736245447,34.533525279],[136.716008145,34.544496802],[136.694222776,34.547043081],[136.688334189,34.551261],[136.666862283,34.558326721],[136.660937834,34.563890721],[136.647056498,34.588842162],[136.626464864,34.597515],[136.601966252,34.60159036],[136.588086861,34.602437946],[136.573286498,34.609883532],[136.564914864,34.607678865],[136.554985305,34.612251414],[136.548765318,34.606930486],[136.542777445,34.610019919],[136.529857315,34.608538261],[136.531899105,34.616434054],[136.537626615,34.616445108],[136.544175863,34.621829279],[136.549987912,34.638091162],[136.547953139,34.645353973],[136.549327808,34.670816162],[136.536090246,34.680300162],[136.523353385,34.68508564],[136.521056524,34.698463027],[136.528115383,34.725775027],[136.531299196,34.746752414],[136.538713191,34.76409436],[136.554913917,34.788005802],[136.589462996,34.82474536],[136.604365525,34.842529946],[136.615512996,34.853335414],[136.616228366,34.856948775],[136.631570195,34.877805919],[136.635871803,34.885641973],[136.638805305,34.897440775],[136.647276693,34.908010054],[136.645016355,34.920716081],[136.645746472,34.934412225],[136.653211219,34.937367414],[136.66687022,34.937000865],[136.663133165,34.945409973],[136.648473645,34.946835802],[136.641110584,34.938746387],[136.637573606,34.946398586],[136.645534073,34.955871297],[136.650405305,34.974744667],[136.645989248,34.976522279],[136.651824112,34.993302532],[136.660442361,35.001043252],[136.675228249,35.006866775],[136.68480463,35.008233982],[136.686210999,35.004104973],[136.700004721,35.007212108],[136.69768013,35.020339153],[136.710737471,35.024251],[136.727302114,35.025452387],[136.74950275,35.03651918],[136.757699416,35.026553225],[136.765404034,35.02072536],[136.772707497,35.02439],[136.760857497,35.037714171],[136.753401115,35.053015559],[136.752047224,35.071701108],[136.749573891,35.080728333],[136.741863606,35.085955],[136.731275279,35.097281108],[136.714071673,35.105166946],[136.695194669,35.124605505],[136.676393281,35.128867171],[136.661494358,35.14920464],[136.655642412,35.161052667],[136.64628406,35.165808505],[136.646018521,35.147659613],[136.630490169,35.150221279],[136.624267419,35.146528225],[136.615552114,35.149928505],[136.612508223,35.159420414],[136.604780999,35.168504586],[136.602301245,35.178039279],[136.597021245,35.177305667],[136.591744034,35.185665108],[136.584695966,35.188597892],[136.585189274,35.194459532],[136.577343165,35.19680564],[136.574500117,35.201696748],[136.561745383,35.205525919],[136.556826498,35.220685919],[136.546963748,35.222435387],[136.550282088,35.231906468],[136.539780143,35.241001775],[136.533544332,35.255419279],[136.528048781,35.257648468],[136.513642114,35.250422081],[136.510819611,35.23882764],[136.50598489,35.235060721],[136.48281214,35.239761306],[136.480336304,35.234926586],[136.465822698,35.237476586],[136.453758807,35.229560225],[136.450595499,35.224126613],[136.440721894,35.216742721],[136.43453939,35.220448279],[136.430901336,35.229404387],[136.415130506,35.217743586],[136.416137198,35.205483865],[136.409433891,35.187661108],[136.419441946,35.182722225],[136.42446083,35.184510279],[136.443871388,35.171701108],[136.454653061,35.161417775],[136.45499834,35.152414721],[136.446040558,35.149871387],[136.442947782,35.139057225],[136.435638885,35.130655279],[136.448023061,35.123841387],[136.439965837,35.116632225],[136.442513606,35.110854171],[136.44191083,35.101577225],[136.438699442,35.096367505],[136.442108885,35.086153892],[136.435266667,35.082487225],[136.44159834,35.066719441],[136.42472,35.056984441],[136.417853061,35.049502505],[136.416454721,35.037295],[136.421283891,35.021270838],[136.417122218,35.019600559],[136.416962218,35.011238054],[136.421364449,35.000056387],[136.416356667,34.992129721],[136.415874449,34.980801108],[136.403146109,34.969152495],[136.394787782,34.951422775],[136.387709442,34.953081387],[136.372689728,34.942257495],[136.373913061,34.923779162],[136.367812218,34.921900829],[136.365152218,34.912686108],[136.366097497,34.905006387],[136.350330558,34.898965559],[136.346045551,34.894728054],[136.33940917,34.895471946],[136.326341946,34.888642225],[136.313226109,34.886972225],[136.312917782,34.880627495],[136.305019442,34.875182225],[136.289061388,34.869572775],[136.280683061,34.873038613],[136.268894449,34.867904721],[136.267896667,34.864467495],[136.250675006,34.857728054],[136.235387224,34.861474162],[136.227831946,34.860971667],[136.198074449,34.869862225],[136.187076394,34.878390279],[136.180778612,34.885789721],[136.166897782,34.887894441],[136.148545837,34.882016387],[136.136438885,34.888208892],[136.131532776,34.883134162],[136.120445837,34.891439721],[136.116280272,34.892157225],[136.112296939,34.901880279],[136.101784721,34.896143892],[136.089600272,34.8825],[136.086980272,34.876355559],[136.098891946,34.870581387],[136.113238885,34.869304441],[136.122131946,34.872751946],[136.126381673,34.862022495],[136.117409442,34.855887225],[136.108300558,34.852823892],[136.104402776,34.840566108],[136.09507834,34.840176946],[136.087554721,34.830450279],[136.095186939,34.819104162],[136.090615551,34.812226667],[136.072993061,34.804212495],[136.051554449,34.799091108],[136.041171388,34.798457775],[136.028429442,34.790680279],[136.022288885,34.791555279],[136.022605837,34.782310559],[136.033577497,34.779439441],[136.033314721,34.771819441],[136.029344163,34.764815559],[136.030203891,34.755905279],[136.038132503,34.756223333],[136.03926917,34.749388054],[136.055476394,34.738555559]]],[[[136.665462776,35],[136.65281153,34.991852829],[136.650125279,34.977348946],[136.665621388,34.972939775],[136.676982918,34.987450532],[136.661285577,34.993473306],[136.665462776,35]]],[[[136.875,34.483748865],[136.879698249,34.480744333],[136.895572698,34.483923694],[136.904501479,34.490510441],[136.909579585,34.499656946],[136.903983217,34.503211721],[136.898852698,34.498837613],[136.878477302,34.494398748],[136.872273333,34.486777387],[136.875,34.483748865]]],[[[136.875,34.524610775],[136.871870272,34.519093054],[136.858598145,34.517560946],[136.848017977,34.511402081],[136.85821214,34.505855667],[136.877736252,34.514676586],[136.885968755,34.516082919],[136.894208444,34.523101108],[136.902127367,34.521748414],[136.902246913,34.531065667],[136.898093476,34.538897973],[136.875,34.524610775]]],[[[136.85615725,34.482528748],[136.863611751,34.485522865],[136.858341414,34.490770667],[136.851107276,34.487385586],[136.85615725,34.482528748]]],[[[136.981340856,34.541640306],[136.987697134,34.549581027],[136.980759663,34.550592532],[136.977351479,34.545752333],[136.981340856,34.541640306]]]]},"properties":{"N03_001":"三重県"}},
{"type":"Feature","geometry":{"type":"Polygon","coordinates":[[[135.768785305,35.356014468],[135.76407275,35.344557532],[135.780818521,35.340561973],[135.790871115,35.323802775],[135.811248885,35.313530279],[135.814967497,35.301257505],[135.821402503,35.296835],[135.820053333,35.29107],[135.829623333,35.276735279],[135.834608612,35.274079441],[135.849615837,35.280281946],[135.851681115,35.285967775],[135.860755279,35.28296],[135.852478612,35.268958613],[135.844667224,35.261307505],[135.837532218,35.237546667],[135.837351946,35.225956946],[135.830864163,35.222761387],[135.831086939,35.210417225],[135.841908054,35.189839721],[135.840630272,35.180065559],[135.846813061,35.162386946],[135.856153061,35.159436946],[135.852614163,35.146180279],[135.84871,35.141852225],[135.852294163,35.134266946],[135.849812503,35.120539721],[135.843262503,35.109903333],[135.84293834,35.102515],[135.835046109,35.091326946],[135.839839728,35.086136946],[135.838317497,35.079078613],[135.831891946,35.071455559],[135.835846667,35.062329721],[135.834852503,35.055553892],[135.826983061,35.053853054],[135.815901388,35.047369171],[135.815416939,35.042150838],[135.824616667,35.035638333],[135.834517782,35.022080559],[135.835464163,35.012328613],[135.832681673,35.009425279],[135.836558885,35.001226387],[135.827475279,34.991119162],[135.842300272,34.989941946],[135.85676,34.980002225],[135.852275279,34.971347495],[135.86387834,34.957601667],[135.875426667,34.953665279],[135.878679442,34.947206108],[135.87602834,34.943229721],[135.879924449,34.934525],[135.870713333,34.926003892],[135.869052776,34.920170829],[135.87117834,34.909948613],[135.863131115,34.903696387],[135.867520558,34.893336667],[135.875864721,34.886285559],[135.888720558,34.881287495],[135.888722503,34.875495829],[135.899669442,34.871404441],[135.909460272,34.876897495],[135.912655551,34.883516387],[135.923951388,34.884906108],[135.936026109,34.891640559],[135.941181946,34.884732775],[135.943626939,34.872794441],[135.94098834,34.863738892],[135.949585279,34.851580279],[135.957133606,34.854776387],[135.972054449,34.846048892],[135.971471388,34.838494441],[136.005269728,34.843110279],[136.002327782,34.832761946],[136.005382503,34.826555559],[136.01549,34.826599162],[136.027711388,34.821801667],[136.029033891,34.81739],[136.015051388,34.809145829],[136.010271115,34.799553333],[136.011331115,34.795805559],[136.022288885,34.791555279],[136.028429442,34.790680279],[136.041171388,34.798457775],[136.051554449,34.799091108],[136.072993061,34.804212495],[136.090615551,34.812226667],[136.095186939,34.819104162],[136.087554721,34.830450279],[136.09507834,34.840176946],[136.104402776,34.840566108],[136.108300558,34.852823892],[136.117409442,34.855887225],[136.126381673,34.862022495],[136.122131946,34.872751946],[136.113238885,34.869304441],[136.098891946,34.870581387],[136.086980272,34.876355559],[136.089600272,34.8825],[136.101784721,34.896143892],[136.112296939,34.901880279],[136.116280272,34.892157225],[136.120445837,34.891439721],[136.131532776,34.883134162],[136.136438885,34.888208892],[136.148545837,34.882016387],[136.166897782,34.887894441],[136.180778612,34.885789721],[136.187076394,34.878390279],[136.198074449,34.869862225],[136.227831946,34.860971667],[136.235387224,34.861474162],[136.250675006,34.857728054],[136.267896667,34.864467495],[136.268894449,34.867904721],[136.280683061,34.873038613],[136.289061388,34.869572775],[136.305019442,34.875182225],[136.312917782,34.880627495],[136.313226109,34.886972225],[136.326341946,34.888642225],[136.33940917,34.895471946],[136.346045551,34.894728054],[136.350330558,34.898965559],[136.366097497,34.905006387],[136.365152218,34.912686108],[136.367812218,34.921900829],[136.373913061,34.923779162],[136.372689728,34.942257495],[136.387709442,34.953081387],[136.394787782,34.951422775],[136.403146109,34.969152495],[136.415874449,34.980801108],[136.416356667,34.992129721],[136.421364449,35.000056387],[136.416962218,35.011238054],[136.417122218,35.019600559],[136.421283891,35.021270838],[136.416454721,35.037295],[136.417853061,35.049502505],[136.42472,35.056984441],[136.44159834,35.066719441],[136.435266667,35.082487225],[136.442108885,35.086153892],[136.438699442,35.096367505],[136.44191083,35.101577225],[136.442513606,35.110854171],[136.439965837,35.116632225],[136.448023061,35.123841387],[136.435638885,35.130655279],[136.442947782,35.139057225],[136.446040558,35.149871387],[136.45499834,35.152414721],[136.454653061,35.161417775],[136.443871388,35.171701108],[136.42446083,35.184510279],[136.419441946,35.182722225],[136.409433891,35.187661108],[136.416137198,35.205483865],[136.415130506,35.217743586],[136.408270506,35.223677748],[136.399134384,35.226059414],[136.391381089,35.234379414],[136.385685525,35.235114694],[136.379743307,35.240937468],[136.379126355,35.247388027],[136.389154423,35.24976664],[136.396939974,35.257909946],[136.393541362,35.261913],[136.395735253,35.280945225],[136.391149689,35.290196892],[136.396147782,35.294260775],[136.406781673,35.309998252],[136.412264163,35.315562694],[136.411173917,35.327942135],[136.422325058,35.348389613],[136.421423113,35.353916838],[136.413528418,35.359972919],[136.411911777,35.369895973],[136.415574553,35.373560387],[136.426084838,35.373318468],[136.43689345,35.37913236],[136.444142944,35.388655387],[136.440889339,35.393861748],[136.427965227,35.400784505],[136.420306109,35.412908054],[136.41180808,35.418598054],[136.418886744,35.427775505],[136.415729001,35.433422414],[136.423119027,35.43973436],[136.426169053,35.448160973],[136.421466057,35.455638721],[136.420363917,35.466234775],[136.40176725,35.469940613],[136.398005357,35.480928613],[136.386880117,35.488406387],[136.387833748,35.496832748],[136.397220246,35.509661865],[136.40229,35.513252387],[136.400404501,35.530081838],[136.384252776,35.533091333],[136.38026808,35.546068586],[136.373564189,35.559394171],[136.362516109,35.558481387],[136.35666214,35.539914468],[136.346055966,35.536231441],[136.340927886,35.537283414],[136.337320143,35.550254532],[136.329751219,35.550956],[136.322100246,35.544347198],[136.317503385,35.54739736],[136.316262581,35.555939306],[136.322750441,35.570007054],[136.321692218,35.598256198],[136.319061115,35.603803108],[136.323675914,35.616516441],[136.315561193,35.623395613],[136.306492555,35.622264505],[136.298165837,35.617477027],[136.288559416,35.620588171],[136.287406693,35.627947865],[136.279164189,35.63668564],[136.283103139,35.643736441],[136.276566226,35.651475919],[136.280742114,35.658630865],[136.269359883,35.668727838],[136.257475668,35.671279838],[136.250372607,35.676245135],[136.244649805,35.673788225],[136.234407004,35.682462135],[136.227679468,35.680469946],[136.219471141,35.684353865],[136.21181083,35.682446387],[136.208042503,35.687694748],[136.198502503,35.689573667],[136.193091414,35.700761721],[136.185284747,35.703726198],[136.166774721,35.702214838],[136.151356939,35.698429865],[136.150260532,35.69112264],[136.134493774,35.669822973],[136.137487056,35.665076306],[136.14781511,35.662519919],[136.151543917,35.648276613],[136.159773554,35.634959108],[136.159865966,35.625227748],[136.166889831,35.618624973],[136.177485525,35.594983865],[136.166466005,35.582654468],[136.170329805,35.571088081],[136.15086847,35.572881441],[136.143330143,35.571148694],[136.138686809,35.575672586],[136.121580441,35.576164],[136.112599053,35.573410946],[136.10889406,35.567196775],[136.110095694,35.559286775],[136.105449585,35.555419279],[136.1094062,35.545118694],[136.103783113,35.530411198],[136.093557328,35.537343135],[136.08322847,35.540558414],[136.077046809,35.530541441],[136.069233476,35.526247279],[136.06071655,35.531867279],[136.048346615,35.534531721],[136.028275525,35.529067802],[136.028842166,35.523428081],[136.015963554,35.512272225],[136.011726887,35.504840559],[136.011686304,35.497616667],[136.006664916,35.491819441],[135.989506887,35.492681946],[135.980951051,35.486689171],[135.97264642,35.500105532],[135.96257978,35.501333027],[135.951820117,35.511223586],[135.947022361,35.520475532],[135.939647082,35.520542748],[135.938021803,35.511161919],[135.929833722,35.49196136],[135.92229428,35.485818306],[135.921690921,35.476119694],[135.916009831,35.470578306],[135.915576744,35.456118892],[135.912455084,35.448685559],[135.914162244,35.432106108],[135.902711193,35.429433054],[135.892981505,35.419847505],[135.893545914,35.410734441],[135.890570078,35.403175],[135.86453192,35.394422802],[135.854338949,35.40077836],[135.85537144,35.409496973],[135.838372918,35.414223081],[135.826695227,35.414650027],[135.813214423,35.412977802],[135.810760272,35.409466694],[135.807529196,35.385361721],[135.79089358,35.386638919],[135.79196022,35.381115586],[135.779145694,35.373524748],[135.777749001,35.365939198],[135.768785305,35.356014468]]]},"properties":{"N03_001":"滋賀県"}},
{"type":"Feature","geometry":{"type":"Polygon","coordinates":[[[136.022288885,34.791555279],[136.011331115,34.795805559],[136.010271115,34.799553333],[136.015051388,34.809145829],[136.029033891,34.81739],[136.027711388,34.821801667],[136.01549,34.826599162],[136.005382503,34.826555559],[136.002327782,34.832761946],[136.005269728,34.843110279],[135.971471388,34.838494441],[135.972054449,34.846048892],[135.957133606,34.854776387],[135.949585279,34.851580279],[135.94098834,34.863738892],[135.943626939,34.872794441],[135.941181946,34.884732775],[135.936026109,34.891640559],[135.923951388,34.884906108],[135.912655551,34.883516387],[135.909460272,34.876897495],[135.899669442,34.871404441],[135.888722503,34.875495829],[135.888720558,34.881287495],[135.875864721,34.886285559],[135.867520558,34.893336667],[135.863131115,34.903696387],[135.87117834,34.909948613],[135.869052776,34.920170829],[135.870713333,34.926003892],[135.879924449,34.934525],[135.87602834,34.943229721],[135.878679442,34.947206108],[135.875426667,34.953665279],[135.86387834,34.957601667],[135.852275279,34.971347495],[135.85676,34.980002225],[135.842300272,34.989941946],[135.827475279,34.991119162],[135.836558885,35.001226387],[135.832681673,35.009425279],[135.835464163,35.012328613],[135.834517782,35.022080559],[135.824616667,35.035638333],[135.815416939,35.042150838],[135.815901388,35.047369171],[135.826983061,35.053853054],[135.834852503,35.055553892],[135.835846667,35.062329721],[135.831891946,35.071455559],[135.838317497,35.079078613],[135.839839728,35.086136946],[135.835046109,35.091326946],[135.84293834,35.102515],[135.843262503,35.109903333],[135.849812503,35.120539721],[135.852294163,35.134266946],[135.84871,35.141852225],[135.852614163,35.146180279],[135.856153061,35.159436946],[135.846813061,35.162386946],[135.840630272,35.180065559],[135.841908054,35.189839721],[135.831086939,35.210417225],[135.830864163,35.222761387],[135.837351946,35.225956946],[135.837532218,35.237546667],[135.844667224,35.261307505],[135.852478612,35.268958613],[135.860755279,35.28296],[135.851681115,35.285967775],[135.849615837,35.280281946],[135.834608612,35.274079441],[135.829623333,35.276735279],[135.820053333,35.29107],[135.821402503,35.296835],[135.814967497,35.301257505],[135.811248885,35.313530279],[135.790871115,35.323802775],[135.780818521,35.340561973],[135.76407275,35.344557532],[135.768785305,35.356014468],[135.755181673,35.354445586],[135.744141089,35.358938333],[135.736370467,35.351146387],[135.72501655,35.351735279],[135.718938495,35.3553],[135.71072428,35.348001387],[135.700986472,35.343686946],[135.677114475,35.349837748],[135.668198366,35.35706636],[135.661343333,35.356341919],[135.642364423,35.366715252],[135.636637471,35.363709414],[135.623470778,35.369899135],[135.607062698,35.371495532],[135.588102387,35.368257468],[135.579611556,35.374873865],[135.57172847,35.374263865],[135.56583847,35.37732664],[135.536980117,35.37667136],[135.527541193,35.380217198],[135.531642335,35.392796919],[135.525197886,35.403084694],[135.529969831,35.408423838],[135.527022633,35.418415225],[135.520807886,35.422926333],[135.510144838,35.424421919],[135.505694553,35.420897468],[135.495363969,35.426409414],[135.500485383,35.432547198],[135.497788171,35.437545252],[135.490983696,35.438552468],[135.48608869,35.448599135],[135.480862023,35.448082198],[135.470321751,35.454487198],[135.458429222,35.468856919],[135.462480921,35.478807468],[135.476303165,35.489681081],[135.47257594,35.50117636],[135.476224553,35.505492748],[135.46665594,35.509486081],[135.4499262,35.520796081],[135.449862049,35.527249694],[135.460484578,35.548456892],[135.46684489,35.551913838],[135.486599637,35.557936333],[135.47431358,35.556878892],[135.465060661,35.571202532],[135.449504358,35.572241838],[135.449553476,35.580457306],[135.456105837,35.584779441],[135.456590272,35.600207505],[135.450126394,35.594851387],[135.435244449,35.588361387],[135.434582776,35.580972225],[135.425462361,35.574871946],[135.424924384,35.566737081],[135.413347302,35.570090946],[135.403860726,35.561784027],[135.39013297,35.556547171],[135.379381089,35.56203836],[135.36649136200003,35.551348468000015],[135.35736461700014,35.54945622500003],[135.35190747100012,35.544302],[135.34395077800002,35.544523171000094],[135.33651077800005,35.53769386500005],[135.33910031100004,35.52363383799997],[135.34970322999993,35.51923236],[135.344067795,35.515735667000115],[135.35499092099997,35.502378540999985],[135.37201108900013,35.50617274799998],[135.384301284,35.505411946],[135.388894643,35.516424225],[135.394077004,35.499756243],[135.400451829,35.494655081],[135.394903904,35.484456162],[135.385414968,35.478652333],[135.373503307,35.476901171],[135.382076874,35.485835811],[135.374936355,35.491706252],[135.363710843,35.487984811],[135.349552827,35.486394198],[135.344409883,35.475046252],[135.33731808,35.473011586],[135.326986278,35.463897054],[135.32751061,35.459953892],[135.313373502,35.452432667],[135.31091415,35.458070793],[135.317890778,35.463409],[135.319507276,35.473726775],[135.324327523,35.481869198],[135.322930376,35.486615144],[135.332086744,35.495172054],[135.334700169,35.50567736],[135.331239364,35.516833252],[135.32344808,35.525654441],[135.310316252,35.512172405],[135.286086355,35.516839649],[135.271751167,35.525025838],[135.269298249,35.533340306],[135.245572166,35.535326667],[135.240399585,35.539721532],[135.236527198,35.550008441],[135.238332218,35.555422721],[135.245406226,35.561482721],[135.261126459,35.553710351],[135.274830169,35.560161721],[135.262450921,35.568050559],[135.250980117,35.570427468],[135.2470162,35.581687748],[135.247658301,35.587534468],[135.254858911,35.588115135],[135.256152361,35.598497892],[135.23775917,35.581565667],[135.227813722,35.585272838],[135.230164475,35.576669495],[135.225365616,35.567931081],[135.207626161,35.562765279],[135.203993748,35.555267252],[135.210867704,35.54792964],[135.20182428,35.537579243],[135.192524695,35.540182306],[135.187522218,35.547360423],[135.186723217,35.557171505],[135.189746524,35.566696775],[135.205095422,35.582542748],[135.214379611,35.598253613],[135.225377886,35.603338802],[135.2354993,35.616462919],[135.244756005,35.62068936],[135.245821582,35.630505559],[135.252884358,35.64898064],[135.267574578,35.666806306],[135.283314449,35.670568333],[135.287781388,35.675605279],[135.294480272,35.670568892],[135.293161388,35.660488613],[135.303419442,35.663137775],[135.29856,35.673607505],[135.298908612,35.679038613],[135.30865917,35.693763333],[135.306521388,35.699207505],[135.298914449,35.700676108],[135.287451388,35.707824721],[135.289547224,35.718599441],[135.283980272,35.728495559],[135.273036667,35.732435],[135.273716109,35.739777505],[135.266538054,35.744672775],[135.257180272,35.744380838],[135.252647224,35.750086108],[135.250356394,35.758884721],[135.243513606,35.760274171],[135.230605331,35.772636333],[135.221124617,35.778841802],[135.220145447,35.770431279],[135.206987056,35.763909441],[135.196126719,35.767515054],[135.186012503,35.764477333],[135.183486083,35.760583748],[135.174580661,35.761321748],[135.161867224,35.753773252],[135.155783528,35.754215973],[135.146752802,35.749885279],[135.135183411,35.752537721],[135.124353748,35.745686721],[135.108312023,35.743891775],[135.100780661,35.741309468],[135.094654358,35.742974892],[135.085765966,35.739875613],[135.087804968,35.731824919],[135.0852607,35.725775468],[135.053335577,35.704200775],[135.042099857,35.699608838],[135.036823774,35.702265748],[135.029780752,35.697349054],[135.029846589,35.691757667],[135.014997886,35.690197468],[135.002957652,35.693793243],[134.999309131,35.690951297],[134.986448923,35.692112631],[134.981742114,35.684663865],[134.974738067,35.68345664],[134.972782387,35.676358685],[134.96665144,35.675694171],[134.966672802,35.666443946],[134.963067886,35.662225306],[134.943179222,35.652585306],[134.923345668,35.646369586],[134.909164578,35.645280613],[134.899915305,35.648544441],[134.883699637,35.646636667],[134.885680078,35.656670468],[134.878754838,35.660862586],[134.86750473400014,35.658232368999876],[134.86571472100013,35.639405838000016],[134.87389194599996,35.621052224999914],[134.867413333,35.608429441],[134.86551778199998,35.599372505000076],[134.853726667,35.589079721],[134.862729442,35.586916108],[134.866062503,35.581058613],[134.875763333,35.573951667],[134.88105166,35.564033613],[134.900875551,35.556063333],[134.903126394,35.549397505],[134.914806939,35.544939721],[134.919291946,35.538121108],[134.91512917,35.527708054],[134.92315083,35.52169],[134.923355837,35.516314721],[134.930063891,35.511677225],[134.94211,35.514200838],[134.963435837,35.514524721],[134.965270272,35.519819171],[134.993415279,35.534307775],[135.00800834,35.533632775],[135.027187497,35.540029721],[135.036946667,35.538568613],[135.036191115,35.53061],[135.042961388,35.520008613],[135.041287497,35.503742775],[135.032416667,35.497589721],[135.042163333,35.494060559],[135.040132503,35.481660838],[135.035124163,35.477028333],[135.041036394,35.473304171],[135.045365279,35.455072505],[135.049799442,35.451070559],[135.047029728,35.423899441],[135.050254449,35.413659441],[135.048743333,35.407361108],[135.030034449,35.410100279],[135.029720558,35.405580838],[135.019240558,35.394122775],[135.005375837,35.390651667],[135.001966109,35.387050279],[134.990553606,35.385713054],[134.988611115,35.392832225],[134.980755551,35.398368333],[134.970946667,35.398951108],[134.958933891,35.409111387],[134.946148612,35.413309721],[134.932275551,35.405946387],[134.922981115,35.391061946],[134.926508885,35.38573],[134.926826109,35.377460838],[134.91894166,35.364437225],[134.923466394,35.354238054],[134.918867224,35.350125],[134.917205837,35.340158054],[134.925583061,35.336678054],[134.928060558,35.330238613],[134.925932218,35.321771667],[134.921318612,35.317408892],[134.9247,35.31166],[134.934243333,35.307752505],[134.940903891,35.308746108],[134.960053333,35.297912505],[134.986442503,35.292585559],[135.007322776,35.285583333],[135.011913606,35.280506108],[135.010480272,35.269737225],[135.035767782,35.262567775],[135.049491388,35.261962775],[135.056941946,35.264483333],[135.058025006,35.254936387],[135.064337224,35.246436387],[135.067874721,35.237351108],[135.074738612,35.243254171],[135.082899728,35.246379721],[135.085423333,35.253191108],[135.09464834,35.260024441],[135.100331388,35.259728054],[135.109315837,35.266292225],[135.12892917,35.260716946],[135.134792218,35.264993054],[135.157253606,35.26123],[135.167026109,35.242744721],[135.161819728,35.23123],[135.154691673,35.226699441],[135.163067224,35.220090559],[135.170966667,35.220266946],[135.175131388,35.214600838],[135.182065006,35.215983613],[135.188835006,35.206828613],[135.197057782,35.203017505],[135.200131946,35.195520279],[135.186713061,35.190223892],[135.19014,35.183186108],[135.187251946,35.171943333],[135.193374449,35.172104441],[135.20663,35.160614441],[135.216461388,35.161632775],[135.228571115,35.165781387],[135.232029728,35.177456667],[135.250064449,35.178035],[135.267435837,35.175710838],[135.274095279,35.177229171],[135.284723333,35.171185838],[135.289318885,35.172416946],[135.292205837,35.161305559],[135.27993,35.146967225],[135.293745551,35.141569721],[135.303481115,35.142756387],[135.326841673,35.149215838],[135.340959442,35.149657505],[135.337435551,35.144086667],[135.343220558,35.135641108],[135.354711673,35.136655279],[135.359876109,35.132158054],[135.372736109,35.128957505],[135.382220272,35.129798333],[135.391203891,35.126484441],[135.386074449,35.120736108],[135.393314721,35.110508054],[135.389172503,35.108333613],[135.387684721,35.099153054],[135.400681946,35.093820559],[135.399535279,35.076099441],[135.387073606,35.072543892],[135.376613606,35.066024441],[135.377153061,35.060867775],[135.368728885,35.054889721],[135.371245551,35.045288892],[135.380044449,35.039106387],[135.381688885,35.026192505],[135.377693061,35.020638613],[135.38155083,35.010375279],[135.397473891,35.010641667],[135.403247224,35.006691946],[135.409767224,35.011525559],[135.418103891,35.003221667],[135.422817782,35.002109441],[135.43618834,35.008406667],[135.451969728,35.001751387],[135.459873061,35.001586946],[135.471221673,34.994804721],[135.481885551,34.995145559],[135.493055837,34.98767],[135.483162776,34.981868333],[135.488455551,34.966571667],[135.481936394,34.965229721],[135.484775551,34.954560279],[135.480859442,34.950291387],[135.490417782,34.941794441],[135.499674721,34.941345],[135.504028885,34.946286946],[135.514702218,34.943725829],[135.515021115,34.936922495],[135.522562776,34.930284162],[135.536993606,34.925525],[135.536007224,34.920916387],[135.55332834,34.915548333],[135.562737497,34.917790829],[135.572291115,34.916383333],[135.581258054,34.922451667],[135.581053333,34.937035829],[135.571915551,34.939081667],[135.561843606,34.937764721],[135.563131388,34.953663892],[135.578577782,34.955885],[135.578360272,34.960461946],[135.571231115,34.963915559],[135.570926667,34.969788333],[135.584667497,34.97514],[135.589242218,34.967221108],[135.603318885,34.971148613],[135.613263606,34.971195279],[135.618792503,34.958816387],[135.610801388,34.93974],[135.603448054,34.93582],[135.601111115,34.929716946],[135.615199442,34.927624721],[135.623750272,34.934908054],[135.632973061,34.934622225],[135.648535551,34.925986108],[135.648502218,34.909547495],[135.654085837,34.909345],[135.662032776,34.903696946],[135.674637224,34.900178054],[135.682694449,34.887842225],[135.679922218,34.881341387],[135.682552218,34.872151387],[135.69106,34.868484162],[135.691642776,34.853292225],[135.695652503,34.848168892],[135.702256667,34.85173],[135.710171115,34.846629721],[135.724268885,34.823218333],[135.73263083,34.822275829],[135.746588612,34.801244441],[135.740674449,34.788367225],[135.728634721,34.777998054],[135.733353333,34.754783613],[135.736395006,34.749966667],[135.746355551,34.746833054],[135.757057782,34.735919162],[135.754803891,34.728264721],[135.761335279,34.725980279],[135.781703606,34.723090559],[135.791959442,34.724733333],[135.803680558,34.721857225],[135.819785837,34.711694441],[135.826644721,34.71366],[135.839000558,34.711799162],[135.849015551,34.705972225],[135.863309442,34.706240829],[135.876137497,34.713877495],[135.885158885,34.713620279],[135.890171115,34.709438892],[135.897386394,34.730871946],[135.90302083,34.732915829],[135.91174917,34.743852225],[135.916156109,34.753686387],[135.924417224,34.757672495],[135.928919728,34.752729721],[135.923181673,34.744595],[135.932471946,34.737646667],[135.941113333,34.739045829],[135.954924449,34.748285279],[135.958263333,34.740884162],[135.972778054,34.742075279],[135.980953606,34.737135829],[135.986093333,34.726324441],[135.986161673,34.715306946],[135.999745279,34.712980829],[136.005235837,34.717328333],[136.012682503,34.714028892],[136.013866109,34.707798892],[136.026813061,34.706104721],[136.029315279,34.713744162],[136.039445279,34.720119721],[136.041866939,34.734275559],[136.044894721,34.737250559],[136.055476394,34.738555559],[136.03926917,34.749388054],[136.038132503,34.756223333],[136.030203891,34.755905279],[136.029344163,34.764815559],[136.033314721,34.771819441],[136.033577497,34.779439441],[136.022605837,34.782310559],[136.022288885,34.791555279]]]},"properties":{"N03_001":"京都府"}},
{"type":"Feature","geometry":{"type":"MultiPolygon","coordinates":[[[[135.375,34.649007613],[135.378938911,34.643189198],[135.392795668,34.64183864],[135.40452345,34.653718135],[135.399728042,34.656943586],[135.379380272,34.660123613],[135.372900078,34.652076162],[135.375,34.649007613]]],[[[135.387764747,34.666666667],[135.387921971,34.662746423],[135.409784228,34.659049081],[135.409390402,34.668787306],[135.402584617,34.673170595],[135.387764747,34.666666667]]],[[[135.407294021,34.697096135],[135.417713606,34.688063081],[135.422259728,34.679632973],[135.416666667,34.673210135],[135.417393645,34.663759198],[135.414360246,34.652059748],[135.423537834,34.657138495],[135.428132892,34.65115009],[135.444121894,34.644460135],[135.448244669,34.634876865],[135.447564786,34.617880189],[135.442913722,34.618120892],[135.44129917,34.626175919],[135.431287393,34.621806802],[135.4369738,34.604709973],[135.446565837,34.601861162],[135.44382786,34.597660748],[135.423542114,34.60491736],[135.425549364,34.593344775],[135.436809689,34.589023414],[135.449389974,34.586970748],[135.451747004,34.577150919],[135.449425357,34.568046532],[135.445297419,34.567410586],[135.441509364,34.582949252],[135.426189883,34.589623694],[135.429429494,34.570704162],[135.420817108,34.569679054],[135.415762477,34.593728667],[135.402066005,34.599672559],[135.41053904,34.560747315],[135.43048725,34.560769667],[135.444786031,34.557220784],[135.44215022,34.547854973],[135.431942114,34.532332135],[135.418631699,34.519265135],[135.410364332,34.522912495],[135.406475305,34.516985775],[135.397312724,34.513937027],[135.387524578,34.514369054],[135.380783476,34.530144946],[135.378334825,34.531893063],[135.367161388,34.51704464],[135.378581102,34.508540072],[135.37086464300012,34.502728613000045],[135.370277562,34.490189],[135.377372114,34.486511613],[135.37431856,34.475884162],[135.363804358,34.477615108],[135.370169274,34.467753135],[135.362117056,34.468403468],[135.360804864,34.461546865],[135.353465305,34.451353865],[135.343521362,34.450090108],[135.337155227,34.445763919],[135.332495058,34.434961613],[135.324899831,34.436937279],[135.313772218,34.426620667],[135.319630921,34.42265364],[135.30954192,34.417068865],[135.293512815,34.414024712],[135.293073722,34.407172559],[135.263790415,34.381079081],[135.257089468,34.381673982],[135.234039092,34.360171658],[135.223431686,34.347542577],[135.217605162,34.344268676],[135.202744773,34.342598541],[135.192154034,34.337504604],[135.169457328,34.336496748],[135.163817717,34.331512613],[135.152940895,34.331147306],[135.148135798,34.323327495],[135.141428923,34.318281586],[135.134048482,34.319021757],[135.130556589,34.326173694],[135.101461608,34.319286559],[135.092835668,34.312007829],[135.097082503,34.307944721],[135.106412776,34.305800829],[135.096934163,34.297103613],[135.098696939,34.289036387],[135.109072503,34.282665829],[135.110295551,34.273786387],[135.120986939,34.273913613],[135.125971946,34.277393054],[135.132087782,34.272351667],[135.146482218,34.283648333],[135.157406667,34.277084162],[135.171524449,34.280594162],[135.180661673,34.279887775],[135.191611388,34.286465],[135.202652776,34.287621946],[135.205349442,34.300534441],[135.211434163,34.306445279],[135.225005551,34.300861387],[135.235523333,34.303635559],[135.246595837,34.313286108],[135.257924449,34.315678613],[135.261665837,34.312540829],[135.272736667,34.312207495],[135.282812218,34.31791],[135.291635551,34.299548054],[135.302643606,34.304878054],[135.303967497,34.313714721],[135.313160272,34.314093613],[135.324198612,34.319131946],[135.328028054,34.324028613],[135.339135551,34.329429721],[135.358977224,34.333039721],[135.361705551,34.329346108],[135.374138054,34.330963054],[135.380344721,34.328444162],[135.405427497,34.333854441],[135.409221388,34.341938054],[135.424786667,34.339970279],[135.428696939,34.345562495],[135.45341917,34.349861108],[135.457585006,34.347335],[135.477739728,34.353553892],[135.485376109,34.362832495],[135.488698612,34.356366667],[135.501745006,34.350202225],[135.504895279,34.341217225],[135.51204,34.338328892],[135.527069728,34.351181946],[135.534859442,34.352361946],[135.54145834,34.357630559],[135.554439442,34.359434721],[135.563403061,34.369329162],[135.57712083,34.376049441],[135.594986939,34.375380829],[135.595949728,34.379213613],[135.613265551,34.376581108],[135.619911115,34.384482495],[135.631947224,34.383043892],[135.651128612,34.383206387],[135.654714721,34.383834721],[135.665912503,34.397061108],[135.675552776,34.399458054],[135.680178885,34.408903613],[135.675556394,34.413736667],[135.669421946,34.413675279],[135.665329442,34.424240559],[135.678611946,34.432356667],[135.681732776,34.443345279],[135.686978054,34.451460829],[135.682408054,34.456045279],[135.684805551,34.483598054],[135.678976394,34.493055829],[135.676834163,34.506659162],[135.676927497,34.525531387],[135.667948885,34.531048613],[135.662834721,34.529629441],[135.659158054,34.543837225],[135.655773061,34.549199162],[135.657780272,34.561319162],[135.664516667,34.567617495],[135.673354163,34.571631387],[135.670600272,34.576201108],[135.681758885,34.584778333],[135.674907497,34.601715279],[135.661168612,34.601912495],[135.652286109,34.603946667],[135.650987224,34.609953333],[135.656795837,34.611736667],[135.65888834,34.623129721],[135.663196109,34.629520829],[135.664263606,34.649976946],[135.671154721,34.661062225],[135.671053606,34.666919721],[135.678704721,34.677759441],[135.678378054,34.683169441],[135.673098054,34.690146108],[135.673403606,34.702254721],[135.683078885,34.711292225],[135.701691673,34.721680829],[135.702736394,34.725103613],[135.696920558,34.741413054],[135.702255006,34.750717495],[135.710194721,34.755905279],[135.706615006,34.772337495],[135.711968885,34.781331946],[135.720233333,34.774621946],[135.728634721,34.777998054],[135.740674449,34.788367225],[135.746588612,34.801244441],[135.73263083,34.822275829],[135.724268885,34.823218333],[135.710171115,34.846629721],[135.702256667,34.85173],[135.695652503,34.848168892],[135.691642776,34.853292225],[135.69106,34.868484162],[135.682552218,34.872151387],[135.679922218,34.881341387],[135.682694449,34.887842225],[135.674637224,34.900178054],[135.662032776,34.903696946],[135.654085837,34.909345],[135.648502218,34.909547495],[135.648535551,34.925986108],[135.632973061,34.934622225],[135.623750272,34.934908054],[135.615199442,34.927624721],[135.601111115,34.929716946],[135.603448054,34.93582],[135.610801388,34.93974],[135.618792503,34.958816387],[135.613263606,34.971195279],[135.603318885,34.971148613],[135.589242218,34.967221108],[135.584667497,34.97514],[135.570926667,34.969788333],[135.571231115,34.963915559],[135.578360272,34.960461946],[135.578577782,34.955885],[135.563131388,34.953663892],[135.561843606,34.937764721],[135.571915551,34.939081667],[135.581053333,34.937035829],[135.581258054,34.922451667],[135.572291115,34.916383333],[135.562737497,34.917790829],[135.55332834,34.915548333],[135.536007224,34.920916387],[135.536993606,34.925525],[135.522562776,34.930284162],[135.515021115,34.936922495],[135.514702218,34.943725829],[135.504028885,34.946286946],[135.499674721,34.941345],[135.490417782,34.941794441],[135.480859442,34.950291387],[135.484775551,34.954560279],[135.481936394,34.965229721],[135.488455551,34.966571667],[135.483162776,34.981868333],[135.493055837,34.98767],[135.481885551,34.995145559],[135.471221673,34.994804721],[135.459873061,35.001586946],[135.451969728,35.001751387],[135.43618834,35.008406667],[135.422817782,35.002109441],[135.418103891,35.003221667],[135.409767224,35.011525559],[135.403247224,35.006691946],[135.397473891,35.010641667],[135.38155083,35.010375279],[135.377693061,35.020638613],[135.381688885,35.026192505],[135.380044449,35.039106387],[135.371245551,35.045288892],[135.359478054,35.050111946],[135.349484449,35.050869171],[135.349085551,35.046198613],[135.337895006,35.042649721],[135.333579728,35.035158054],[135.339802776,35.025877225],[135.35471917,35.024611387],[135.355763606,35.016517505],[135.352562776,34.990388892],[135.359532776,34.982515559],[135.352244163,34.979527225],[135.345068612,34.966846108],[135.363923606,34.956235279],[135.381885837,34.956229721],[135.387170558,34.946606667],[135.407291388,34.943665829],[135.415755837,34.940793892],[135.418484721,34.933894441],[135.425346394,34.936427495],[135.438548054,34.936941667],[135.441592503,34.939379162],[135.452818612,34.929718892],[135.461012218,34.926274721],[135.465407224,34.919588054],[135.456710272,34.917905559],[135.439302776,34.920504441],[135.419100272,34.909753333],[135.425682503,34.906740829],[135.430503061,34.893516387],[135.440938249,34.890456532],[135.437518054,34.876814441],[135.430057497,34.861055559],[135.43135834,34.856415279],[135.418637224,34.849469162],[135.424228612,34.83822],[135.423799442,34.829947495],[135.415990558,34.817692775],[135.423740272,34.802053333],[135.429107224,34.801522775],[135.438478054,34.792000279],[135.44617917,34.775287225],[135.444696667,34.768529162],[135.450408885,34.766322495],[135.450069442,34.760032775],[135.459352218,34.752031946],[135.459334449,34.733487495],[135.448986939,34.734097225],[135.445635551,34.730033613],[135.448106109,34.721688892],[135.445812776,34.718086387],[135.429578885,34.711347225],[135.424565837,34.705896667],[135.412864721,34.701996667],[135.407294021,34.697096135]]],[[[135.345673839,34.617282405],[135.358707263,34.627777351],[135.353443878,34.632402342],[135.343981725,34.622725333],[135.345673839,34.617282405]]],[[[135.391666667,34.626651252],[135.399441608,34.620655468],[135.402665188,34.61211164],[135.420427562,34.61291636],[135.418429585,34.619546387],[135.399501115,34.620718892],[135.391666667,34.626651252]]],[[[135.4,34.63140436],[135.410429831,34.625865748],[135.420569481,34.625853658],[135.422159922,34.621906829],[135.441696005,34.629206829],[135.439300467,34.641212802],[135.432346809,34.644020315],[135.424210117,34.642652369],[135.416465759,34.644815279],[135.398511258,34.638167505],[135.4,34.63140436]]],[[[135.405261907,34.547233937],[135.399165863,34.536489559],[135.404598586,34.530136414],[135.417714501,34.524241919],[135.421468586,34.524814],[135.430669248,34.534003252],[135.440813969,34.549257775],[135.440958677,34.554258568],[135.430662892,34.553816108],[135.420231673,34.537978198],[135.411325357,34.541998586],[135.415876524,34.549987198],[135.409450104,34.554433604],[135.405261907,34.547233937]]],[[[135.35,34.466657162],[135.359570882,34.473702306],[135.350563761,34.475825658],[135.35,34.466657162]]],[[[135.401108859,34.527420288],[135.394642283,34.532491306],[135.388357393,34.524004865],[135.395043256,34.517322586],[135.400429831,34.519325829],[135.401108859,34.527420288]]],[[[135.32828061,34.449937162],[135.333080208,34.44474936],[135.342126913,34.450844135],[135.347207756,34.458686027],[135.340786719,34.466929162],[135.32828061,34.449937162]]],[[[135.229325162,34.446049306],[135.201197134,34.428113586],[135.206203359,34.423101613],[135.221728482,34.433423126],[135.225934734,34.429124838],[135.21912275,34.422223721],[135.227687173,34.413475829],[135.233778392,34.418485802],[135.264372594,34.438510748],[135.241582555,34.455224414],[135.229325162,34.446049306]]]]},"properties":{"N03_001":"大阪府"}},
{"type":"Feature","geometry":{"type":"MultiPolygon","coordinates":[[[[135.275,34.662446153],[135.27680786,34.65130091],[135.282847302,34.651410261],[135.280457601,34.666075505],[135.275,34.662446153]]],[[[135.3,34.705253946],[135.304294163,34.705921829],[135.303288418,34.716876775],[135.293868911,34.717613802],[135.29335153,34.70472764],[135.3,34.705253946]]],[[[134.86750473400014,35.658232368999876],[134.85718119299997,35.659492225000065],[134.850763476,35.65577705400011],[134.83939143999999,35.642906198000105],[134.83355869000002,35.64878613500014],[134.83627927400005,35.65668150500005],[134.82633228300006,35.655367414000125],[134.81444221800018,35.66361725200005],[134.80453555099996,35.66395753199998],[134.795397523,35.669636252],[134.78437761300017,35.66663117100012],[134.78095027200015,35.662133720999975],[134.77056885900015,35.658870973000035],[134.76104885900008,35.66416038699998],[134.7574401170001,35.6611875320001],[134.744985746,35.66191327900003],[134.73679902700007,35.65990510800003],[134.728131855,35.66238364],[134.7249807,35.666998225],[134.711453917,35.665480748],[134.709257445,35.657710441],[134.696619416,35.653964135],[134.692144254,35.659593973],[134.680545136,35.655015414],[134.666831556,35.662601054],[134.664016005,35.666794108],[134.647109533,35.660025108],[134.64136572,35.649902279],[134.629759585,35.649807667],[134.629506835,35.642050613],[134.614443256,35.640450667],[134.600727613,35.658034559],[134.592686446,35.655158919],[134.585210389,35.65895964],[134.563388807,35.655354748],[134.550682361,35.658262414],[134.546006355,35.665435225],[134.538955863,35.670201468],[134.522262581,35.663737252],[134.512435279,35.658125279],[134.505546109,35.661367225],[134.489913891,35.653042505],[134.471877224,35.638753613],[134.462762218,35.639974441],[134.453052672,35.628999865],[134.446571115,35.629104667],[134.43482166,35.633313613],[134.431958885,35.629819721],[134.433950752,35.620993505],[134.424935551,35.621547775],[134.402611115,35.616628054],[134.395304994,35.619710279],[134.387429442,35.613737505],[134.37483,35.613331108],[134.370492815,35.610600577],[134.381634721,35.603339441],[134.387287497,35.603720838],[134.393103891,35.598273892],[134.401636667,35.595026667],[134.408258612,35.587318333],[134.405073606,35.570709441],[134.409953891,35.562896667],[134.421498612,35.562911108],[134.42506,35.552031387],[134.421016939,35.544886946],[134.424014163,35.542004171],[134.420674721,35.528571667],[134.413102503,35.517599721],[134.430876394,35.502469171],[134.427432776,35.496565],[134.437913606,35.474276387],[134.434207497,35.469643613],[134.43962,35.443973892],[134.452258327,35.436451387],[134.462734721,35.436799441],[134.479866394,35.424962775],[134.476703061,35.414563054],[134.481433891,35.410498333],[134.474416667,35.392026387],[134.471384994,35.380032225],[134.474749442,35.374708333],[134.486555837,35.369189171],[134.503313061,35.3651],[134.504595279,35.359433613],[134.513498327,35.354093613],[134.509396394,35.342131387],[134.504549728,35.337269441],[134.501920558,35.326543333],[134.505047782,35.316302775],[134.514802218,35.307672225],[134.511628612,35.305291387],[134.509283606,35.293776108],[134.515240558,35.277231946],[134.495087224,35.266851387],[134.489908054,35.261391946],[134.483588054,35.260277775],[134.476523891,35.249091667],[134.461769442,35.243100838],[134.463821115,35.237403333],[134.44802166,35.237935838],[134.43531917,35.229172505],[134.415301115,35.239101387],[134.402814449,35.241024441],[134.396997782,35.227618333],[134.382516939,35.221724441],[134.381316394,35.206346946],[134.38369083,35.193933892],[134.39475,35.191353892],[134.399674163,35.187624721],[134.411083061,35.186966946],[134.412633333,35.177649721],[134.406183891,35.165776946],[134.413161115,35.158618613],[134.407021388,35.147330559],[134.397471946,35.152141387],[134.383084721,35.152490279],[134.367393333,35.146961387],[134.362475551,35.140092505],[134.363293891,35.135526108],[134.356430272,35.124824171],[134.360730272,35.120349171],[134.352283891,35.111100279],[134.35503083,35.099427775],[134.349551115,35.090222775],[134.336539442,35.088750838],[134.319083333,35.083442505],[134.321159442,35.067497225],[134.314540272,35.060904441],[134.316331946,35.043199721],[134.307735551,35.045501946],[134.305305279,35.040169171],[134.297787224,35.043106667],[134.281588054,35.033616108],[134.275208054,35.023309721],[134.267598054,35.021537505],[134.264438327,35.016691667],[134.265762218,35.004966946],[134.278971115,35.001015],[134.282364721,34.996593054],[134.277837224,34.987107495],[134.271088885,34.983902225],[134.277075279,34.975788613],[134.274295551,34.965750829],[134.276955551,34.963330279],[134.25999,34.952306387],[134.254326394,34.946218333],[134.253727224,34.939086946],[134.262884163,34.937656946],[134.276096394,34.929680279],[134.274799442,34.924280279],[134.28449166,34.921034721],[134.28401917,34.916966108],[134.295014994,34.907462495],[134.289148054,34.897691108],[134.27779083,34.895140829],[134.269292776,34.889091108],[134.267075279,34.875477775],[134.254000558,34.856958333],[134.254557497,34.849262495],[134.260963891,34.846967495],[134.264611388,34.837312775],[134.261730272,34.831148613],[134.266295279,34.825641387],[134.283346667,34.829745],[134.287931388,34.821559441],[134.30735083,34.810923333],[134.311285279,34.802552225],[134.316361388,34.802574441],[134.319209442,34.788187775],[134.315827782,34.781040829],[134.323268054,34.774255829],[134.329599728,34.774238054],[134.333066394,34.765736946],[134.321530558,34.761709162],[134.318448612,34.756261108],[134.316619728,34.744129162],[134.313026939,34.738397225],[134.328799248,34.730691721],[134.339667056,34.738886081],[134.344983165,34.735471892],[134.363819948,34.740846054],[134.368506057,34.744776135],[134.37564144,34.731538387],[134.385279248,34.726116829],[134.392896472,34.72901236],[134.416256615,34.731245586],[134.423087588,34.737289252],[134.427944228,34.745354775],[134.434339105,34.74760164],[134.426079754,34.75518964],[134.43232856,34.760656919],[134.433087588,34.766171333],[134.449708638,34.768910865],[134.46431630400014,34.76427469400005],[134.45681518800018,34.778892694000035],[134.4572781060001,34.78579519800007],[134.464670415,34.78801872100013],[134.46968194600004,34.784303],[134.46997481200003,34.77167702699995],[134.47350591400004,34.755997225000044],[134.481198054,34.759936613],[134.481197562,34.765892613],[134.494413554,34.771731],[134.508565837,34.765713081],[134.519074553,34.772742027],[134.522946304,34.779238027],[134.532170441,34.776653694],[134.539702335,34.771010198],[134.547863113,34.77322536],[134.559500363,34.769463892],[134.558300143,34.764341027],[134.570048327,34.757953054],[134.586436394,34.761864162],[134.584844994,34.768728892],[134.608777497,34.77499],[134.611537497,34.767804721],[134.623951388,34.773165279],[134.622435668,34.783759559],[134.642309728,34.78376582900012],[134.64392583699998,34.780277775],[134.63194666700008,34.777518053999984],[134.63339596599997,34.76730938700007],[134.645726394,34.76732472100008],[134.65257693900014,34.77058805400003],[134.66076543500014,34.78381336899997],[134.67027749700003,34.780017774999976],[134.659738327,34.773821666999936],[134.66786691300013,34.77060205400011],[134.6736922440001,34.77649313500001],[134.69283963700013,34.77017727900005],[134.6994371730001,34.77611291900001],[134.7115084180001,34.77655902700013],[134.72544797700004,34.7711657210001],[134.740802477,34.76815913500002],[134.746309053,34.76880100000011],[134.760808171,34.762168108],[134.757229248,34.751841036],[134.7689093,34.750288541],[134.787676355,34.740106117],[134.797147173,34.732486712],[134.812936693,34.730714919],[134.808803774,34.718478306],[134.826578366,34.706351532],[134.83658153,34.707368468],[134.843616511,34.720582541],[134.85321869,34.713528495],[134.895588223,34.689007586],[134.90762153,34.676485721],[134.929673424,34.671033243],[134.943029663,34.663189748],[134.957215837,34.652080865],[134.972627056,34.64382364],[134.987846109,34.641665586],[135.018508119,34.643249324],[135.045601855,34.624766009],[135.060079857,34.625575694],[135.074266329,34.630761414],[135.102259248,34.63706164],[135.106369585,34.639975081],[135.122851803,34.642359252],[135.136852335,34.641426604],[135.147547069,34.645810315],[135.183312374,34.649598414],[135.17981144,34.662407441],[135.185998612,34.663249532],[135.190313645,34.681321108],[135.207498638,34.684285667],[135.218184617,34.690018495],[135.23831061,34.69327],[135.234954228,34.698542027],[135.288100934,34.703950369],[135.287265837,34.714609414],[135.294270026,34.719455667],[135.305495655,34.718482604],[135.306022633,34.714486667],[135.323949805,34.718098468],[135.323858003,34.724726694],[135.338922451,34.722302315],[135.350319494,34.715214586],[135.360884267,34.705831459],[135.353904695,34.696816162],[135.371284423,34.68086636],[135.381140921,34.691314225],[135.389306719,34.691915694],[135.396027951,34.700320198],[135.401232361,34.699219586],[135.392661777,34.688206532],[135.37570546,34.679979991],[135.376212192,34.676660595],[135.391965927,34.680061063],[135.407294021,34.697096135],[135.412864721,34.701996667],[135.424565837,34.705896667],[135.429578885,34.711347225],[135.445812776,34.718086387],[135.448106109,34.721688892],[135.445635551,34.730033613],[135.448986939,34.734097225],[135.459334449,34.733487495],[135.459352218,34.752031946],[135.450069442,34.760032775],[135.450408885,34.766322495],[135.444696667,34.768529162],[135.44617917,34.775287225],[135.438478054,34.792000279],[135.429107224,34.801522775],[135.423740272,34.802053333],[135.415990558,34.817692775],[135.423799442,34.829947495],[135.424228612,34.83822],[135.418637224,34.849469162],[135.43135834,34.856415279],[135.430057497,34.861055559],[135.437518054,34.876814441],[135.440938249,34.890456532],[135.430503061,34.893516387],[135.425682503,34.906740829],[135.419100272,34.909753333],[135.439302776,34.920504441],[135.456710272,34.917905559],[135.465407224,34.919588054],[135.461012218,34.926274721],[135.452818612,34.929718892],[135.441592503,34.939379162],[135.438548054,34.936941667],[135.425346394,34.936427495],[135.418484721,34.933894441],[135.415755837,34.940793892],[135.407291388,34.943665829],[135.387170558,34.946606667],[135.381885837,34.956229721],[135.363923606,34.956235279],[135.345068612,34.966846108],[135.352244163,34.979527225],[135.359532776,34.982515559],[135.352562776,34.990388892],[135.355763606,35.016517505],[135.35471917,35.024611387],[135.339802776,35.025877225],[135.333579728,35.035158054],[135.337895006,35.042649721],[135.349085551,35.046198613],[135.349484449,35.050869171],[135.359478054,35.050111946],[135.371245551,35.045288892],[135.368728885,35.054889721],[135.377153061,35.060867775],[135.376613606,35.066024441],[135.387073606,35.072543892],[135.399535279,35.076099441],[135.400681946,35.093820559],[135.387684721,35.099153054],[135.389172503,35.108333613],[135.393314721,35.110508054],[135.386074449,35.120736108],[135.391203891,35.126484441],[135.382220272,35.129798333],[135.372736109,35.128957505],[135.359876109,35.132158054],[135.354711673,35.136655279],[135.343220558,35.135641108],[135.337435551,35.144086667],[135.340959442,35.149657505],[135.326841673,35.149215838],[135.303481115,35.142756387],[135.293745551,35.141569721],[135.27993,35.146967225],[135.292205837,35.161305559],[135.289318885,35.172416946],[135.284723333,35.171185838],[135.274095279,35.177229171],[135.267435837,35.175710838],[135.250064449,35.178035],[135.232029728,35.177456667],[135.228571115,35.165781387],[135.216461388,35.161632775],[135.20663,35.160614441],[135.193374449,35.172104441],[135.187251946,35.171943333],[135.19014,35.183186108],[135.186713061,35.190223892],[135.200131946,35.195520279],[135.197057782,35.203017505],[135.188835006,35.206828613],[135.182065006,35.215983613],[135.175131388,35.214600838],[135.170966667,35.220266946],[135.163067224,35.220090559],[135.154691673,35.226699441],[135.161819728,35.23123],[135.167026109,35.242744721],[135.157253606,35.26123],[135.134792218,35.264993054],[135.12892917,35.260716946],[135.109315837,35.266292225],[135.100331388,35.259728054],[135.09464834,35.260024441],[135.085423333,35.253191108],[135.082899728,35.246379721],[135.074738612,35.243254171],[135.067874721,35.237351108],[135.064337224,35.246436387],[135.058025006,35.254936387],[135.056941946,35.264483333],[135.049491388,35.261962775],[135.035767782,35.262567775],[135.010480272,35.269737225],[135.011913606,35.280506108],[135.007322776,35.285583333],[134.986442503,35.292585559],[134.960053333,35.297912505],[134.940903891,35.308746108],[134.934243333,35.307752505],[134.9247,35.31166],[134.921318612,35.317408892],[134.925932218,35.321771667],[134.928060558,35.330238613],[134.925583061,35.336678054],[134.917205837,35.340158054],[134.918867224,35.350125],[134.923466394,35.354238054],[134.91894166,35.364437225],[134.926826109,35.377460838],[134.926508885,35.38573],[134.922981115,35.391061946],[134.932275551,35.405946387],[134.946148612,35.413309721],[134.958933891,35.409111387],[134.970946667,35.398951108],[134.980755551,35.398368333],[134.988611115,35.392832225],[134.990553606,35.385713054],[135.001966109,35.387050279],[135.005375837,35.390651667],[135.019240558,35.394122775],[135.029720558,35.405580838],[135.030034449,35.410100279],[135.048743333,35.407361108],[135.050254449,35.413659441],[135.047029728,35.423899441],[135.049799442,35.451070559],[135.045365279,35.455072505],[135.041036394,35.473304171],[135.035124163,35.477028333],[135.040132503,35.481660838],[135.042163333,35.494060559],[135.032416667,35.497589721],[135.041287497,35.503742775],[135.042961388,35.520008613],[135.036191115,35.53061],[135.036946667,35.538568613],[135.027187497,35.540029721],[135.00800834,35.533632775],[134.993415279,35.534307775],[134.965270272,35.519819171],[134.963435837,35.514524721],[134.94211,35.514200838],[134.930063891,35.511677225],[134.923355837,35.516314721],[134.92315083,35.52169],[134.91512917,35.527708054],[134.919291946,35.538121108],[134.914806939,35.544939721],[134.903126394,35.549397505],[134.900875551,35.556063333],[134.88105166,35.564033613],[134.875763333,35.573951667],[134.866062503,35.581058613],[134.862729442,35.586916108],[134.853726667,35.589079721],[134.86551778199998,35.599372505000076],[134.867413333,35.608429441],[134.87389194599996,35.621052224999914],[134.86571472100013,35.639405838000016],[134.86750473400014,35.658232368999876]]],[[[135.258333333,34.678200919],[135.290505136,34.681703586],[135.288158301,34.696667721],[135.272768586,34.698753559],[135.264160571,34.697781369],[135.252205811,34.693300721],[135.254463087,34.677761108],[135.258333333,34.678200919]]],[[[135.201886083,34.666666667],[135.202358638,34.659235613],[135.217159533,34.650081604],[135.245113671,34.650815495],[135.238893061,34.661247135],[135.228148197,34.657969162],[135.225722698,34.661996027],[135.23644773,34.665288117],[135.231886329,34.673434387],[135.219998807,34.682779225],[135.201441997,34.673629306],[135.201886083,34.666666667]]],[[[135.209113593,34.631567991],[135.214802607,34.630540135],[135.238711089,34.632396802],[135.235699883,34.641727721],[135.213516472,34.639999802],[135.209113593,34.631567991]]],[[[134.591666667,34.769128081],[134.600323839,34.765065306],[134.604367497,34.772172495],[134.591666667,34.769128081]]],[[[134.688064449,34.758333333],[134.697940324,34.759964775],[134.701349105,34.770690946],[134.692671829,34.768265667],[134.688064449,34.758333333]]],[[[134.5,34.644383387],[134.495087782,34.659443333],[134.496016252,34.667935919],[134.486003969,34.670969694],[134.486173891,34.661353333],[134.480413891,34.658903892],[134.467069222,34.661601108],[134.46029917,34.650864441],[134.460913333,34.646241108],[134.467647497,34.640362225],[134.480838612,34.649901667],[134.488373217,34.649389694],[134.49251917,34.645089162],[134.5,34.644383387]]],[[[134.50779917,34.639967225],[134.514554721,34.636518613],[134.517888327,34.644040829],[134.516538327,34.655505],[134.502457782,34.649393892],[134.502151115,34.643346387],[134.50779917,34.639967225]]],[[[134.526476355,34.666666667],[134.536130558,34.658381946],[134.541897224,34.658194721],[134.545553061,34.664529162],[134.545384449,34.674113892],[134.532838781,34.680639775],[134.516291946,34.681571387],[134.510529728,34.676700279],[134.517449442,34.668160559],[134.526476355,34.666666667]]],[[[134.562736005,34.666666667],[134.571001115,34.652373054],[134.585439585,34.657819532],[134.590826835,34.662028865],[134.590412633,34.668069667],[134.573869559,34.676907973],[134.562736005,34.666666667]]],[[[134.86661083,34.696361523],[134.857367691,34.691981532],[134.877600415,34.68441464],[134.883990999,34.691873306],[134.872417756,34.700463108],[134.86661083,34.696361523]]],[[[135.325,34.710370225],[135.338814228,34.710917072],[135.341162672,34.715791189],[135.330239196,34.721717333],[135.32480834,34.716986225],[135.325,34.710370225]]],[[[134.74061476,34.352451261],[134.730869416,34.334563748],[134.713468249,34.322297],[134.693498029,34.32447836],[134.689889922,34.329338667],[134.68174275,34.320094],[134.673966472,34.317548027],[134.662175357,34.296927775],[134.661525188,34.277033495],[134.671783281,34.268567748],[134.675928366,34.256183532],[134.671902529,34.249868],[134.695085357,34.24784264],[134.700181608,34.244417441],[134.718071479,34.256747667],[134.7208338,34.244917694],[134.710173748,34.238915892],[134.699777808,34.222199081],[134.703453165,34.216737748],[134.71886061,34.214854667],[134.730679196,34.20662464],[134.732485279,34.198874802],[134.729321582,34.190196108],[134.734090778,34.188719946],[134.775238003,34.200472559],[134.784568911,34.199164721],[134.800444578,34.199990946],[134.803296278,34.203788054],[134.8150738,34.208142441],[134.829272918,34.221614775],[134.846348911,34.231026162],[134.88462061,34.244223162],[134.898441751,34.252152667],[134.924071193,34.257980559],[134.951641946,34.26652736],[134.948957808,34.274338559],[134.949084994,34.286807252],[134.94395703,34.297122027],[134.928539196,34.305232892],[134.920970532,34.311436721],[134.918157445,34.317336802],[134.9149038,34.336539495],[134.911787639,34.340790027],[134.903588781,34.341177667],[134.893714137,34.353204829],[134.898012633,34.369136495],[134.894681479,34.397725982],[134.901101077,34.418615541],[134.934308833,34.454778811],[134.945100156,34.471415847],[134.958447419,34.488847667],[134.972600441,34.497002054],[134.979575032,34.503633973],[134.992650856,34.522548775],[134.995461855,34.545574441],[135.017608495,34.564465054],[135.025699663,34.576583387],[135.023210545,34.587608189],[135.016963061,34.590777559],[135.010271414,34.601796495],[135.002193139,34.609168279],[134.984072244,34.603573586],[134.97655939,34.598053892],[134.966049001,34.586296108],[134.960258716,34.575716946],[134.94722131,34.560859559],[134.935067795,34.549423685],[134.926059468,34.548547919],[134.919722827,34.544319279],[134.913454449,34.536032721],[134.896831556,34.528898],[134.887747613,34.530308162],[134.879146861,34.524295027],[134.873822581,34.515373919],[134.869319339,34.513150829],[134.84703188100002,34.476925261000076],[134.8359647210001,34.46673781100003],[134.81857016900005,34.468314937000116],[134.80394866400002,34.45035549500011],[134.79619997400016,34.44552484700006],[134.78964433200008,34.42843329700008],[134.779744942,34.413359387],[134.775594228,34.411410892],[134.763766939,34.386945865],[134.754950467,34.384771162],[134.74061476,34.352451261]]],[[[135.306642879,34.708256306],[135.32095131,34.704850198],[135.321940584,34.716406694],[135.306226498,34.713297225],[135.306642879,34.708256306]]],[[[134.812701777,34.166666667],[134.811201725,34.157108865],[134.821340532,34.156830054],[134.830561582,34.164576414],[134.830656887,34.172054865],[134.820761089,34.179550495],[134.819141336,34.16768236],[134.812701777,34.166666667]]],[[[134.841666667,34.696323135],[134.85323345,34.694143775],[134.862116329,34.707442081],[134.853145668,34.705732559],[134.845916913,34.708251441],[134.841666667,34.696323135]]]]},"properties":{"N03_001":"兵庫県"}},
{"type":"Feature","geometry":{"type":"Polygon","coordinates":[[[136.055476394,34.738555559],[136.044894721,34.737250559],[136.041866939,34.734275559],[136.039445279,34.720119721],[136.029315279,34.713744162],[136.026813061,34.706104721],[136.013866109,34.707798892],[136.012682503,34.714028892],[136.005235837,34.717328333],[135.999745279,34.712980829],[135.986161673,34.715306946],[135.986093333,34.726324441],[135.980953606,34.737135829],[135.972778054,34.742075279],[135.958263333,34.740884162],[135.954924449,34.748285279],[135.941113333,34.739045829],[135.932471946,34.737646667],[135.923181673,34.744595],[135.928919728,34.752729721],[135.924417224,34.757672495],[135.916156109,34.753686387],[135.91174917,34.743852225],[135.90302083,34.732915829],[135.897386394,34.730871946],[135.890171115,34.709438892],[135.885158885,34.713620279],[135.876137497,34.713877495],[135.863309442,34.706240829],[135.849015551,34.705972225],[135.839000558,34.711799162],[135.826644721,34.71366],[135.819785837,34.711694441],[135.803680558,34.721857225],[135.791959442,34.724733333],[135.781703606,34.723090559],[135.761335279,34.725980279],[135.754803891,34.728264721],[135.757057782,34.735919162],[135.746355551,34.746833054],[135.736395006,34.749966667],[135.733353333,34.754783613],[135.728634721,34.777998054],[135.720233333,34.774621946],[135.711968885,34.781331946],[135.706615006,34.772337495],[135.710194721,34.755905279],[135.702255006,34.750717495],[135.696920558,34.741413054],[135.702736394,34.725103613],[135.701691673,34.721680829],[135.683078885,34.711292225],[135.673403606,34.702254721],[135.673098054,34.690146108],[135.678378054,34.683169441],[135.678704721,34.677759441],[135.671053606,34.666919721],[135.671154721,34.661062225],[135.664263606,34.649976946],[135.663196109,34.629520829],[135.65888834,34.623129721],[135.656795837,34.611736667],[135.650987224,34.609953333],[135.652286109,34.603946667],[135.661168612,34.601912495],[135.674907497,34.601715279],[135.681758885,34.584778333],[135.670600272,34.576201108],[135.673354163,34.571631387],[135.664516667,34.567617495],[135.657780272,34.561319162],[135.655773061,34.549199162],[135.659158054,34.543837225],[135.662834721,34.529629441],[135.667948885,34.531048613],[135.676927497,34.525531387],[135.676834163,34.506659162],[135.678976394,34.493055829],[135.684805551,34.483598054],[135.682408054,34.456045279],[135.686978054,34.451460829],[135.681732776,34.443345279],[135.678611946,34.432356667],[135.665329442,34.424240559],[135.669421946,34.413675279],[135.675556394,34.413736667],[135.680178885,34.408903613],[135.675552776,34.399458054],[135.665912503,34.397061108],[135.654714721,34.383834721],[135.651128612,34.383206387],[135.65583834,34.366225],[135.663525279,34.355443892],[135.660326667,34.326930829],[135.668125279,34.325748054],[135.669085837,34.315372225],[135.666388054,34.308687225],[135.669249442,34.296945559],[135.675164721,34.288098613],[135.67276,34.281481946],[135.682771673,34.270183054],[135.689391673,34.271722495],[135.692469442,34.278271946],[135.718446667,34.263319721],[135.720148885,34.249899721],[135.723448612,34.240076667],[135.730016939,34.231601108],[135.727475551,34.220726667],[135.713641388,34.214455279],[135.707791946,34.208236108],[135.697807224,34.211826387],[135.693875006,34.217066667],[135.677693606,34.223436108],[135.667817224,34.224193613],[135.661965837,34.218310829],[135.655289442,34.216276108],[135.648078054,34.218986387],[135.634482503,34.204595],[135.634123333,34.199076946],[135.641324449,34.191492225],[135.641962503,34.183191108],[135.628568885,34.176887775],[135.620572776,34.166087495],[135.62191834,34.158421667],[135.60769834,34.155299441],[135.590856109,34.149001108],[135.585188885,34.140664441],[135.584624163,34.132236946],[135.57878834,34.116370829],[135.565837782,34.112835],[135.55730083,34.108052495],[135.558407497,34.103389441],[135.549719728,34.100587775],[135.549793061,34.084984721],[135.543132776,34.081802495],[135.539698054,34.075379721],[135.552107497,34.065656667],[135.563531388,34.063277225],[135.567062218,34.057346108],[135.575161388,34.058843333],[135.580606109,34.056190279],[135.587995551,34.046774721],[135.594613606,34.043989162],[135.599660272,34.032019441],[135.594833333,34.027838613],[135.591487782,34.019370279],[135.595733891,34.011591108],[135.608381673,34.013618892],[135.611811115,34.010280279],[135.621757782,34.009778333],[135.623550272,34.002142495],[135.629026667,33.997749441],[135.63088,33.991012495],[135.636729728,33.989869162],[135.639242776,33.982732775],[135.63759,33.976516667],[135.640320272,33.967419721],[135.635673061,33.959078054],[135.636948054,33.950546387],[135.625383061,33.950211946],[135.618096394,33.954605279],[135.615387224,33.948445829],[135.618611388,33.944212495],[135.616844449,33.936884721],[135.609459442,33.932075829],[135.614054449,33.925141108],[135.610234163,33.912868333],[135.599993891,33.908260279],[135.606203061,33.899118892],[135.61948,33.899429441],[135.626775279,33.884740279],[135.617963722,33.872063892],[135.629046667,33.873099162],[135.635547497,33.876950559],[135.647988054,33.876897775],[135.655911388,33.881570829],[135.662204449,33.889083054],[135.660604449,33.897565559],[135.670956939,33.900407495],[135.678710558,33.898169162],[135.685377782,33.903719721],[135.72411,33.903287775],[135.740770558,33.891255559],[135.755938054,33.885186946],[135.76605834,33.890792225],[135.777653333,33.888184441],[135.792574449,33.894616387],[135.801823606,33.895823054],[135.803361673,33.902981108],[135.808602776,33.906468054],[135.816319442,33.905613892],[135.836856667,33.895400279],[135.846326109,33.896737225],[135.855289442,33.887816667],[135.852145837,33.882021667],[135.857921115,33.873152775],[135.862185837,33.862721387],[135.867074163,33.859896667],[135.874832218,33.861596387],[135.874817782,33.872884162],[135.882688054,33.878870829],[135.871621946,33.888651108],[135.861465279,33.88715],[135.858717224,33.901192225],[135.868938054,33.914463054],[135.867466667,33.920545829],[135.881891388,33.914667775],[135.88076083,33.909372225],[135.893951388,33.906150829],[135.897873606,33.912608892],[135.898146109,33.921598054],[135.909083606,33.918474441],[135.909731388,33.922696946],[135.898434721,33.926685559],[135.898088054,33.933781667],[135.893066939,33.939183333],[135.893849442,33.950074162],[135.902293061,33.953907225],[135.915988054,33.967858892],[135.915674449,33.972591946],[135.926563333,33.981447495],[135.953982503,33.980329441],[135.960931673,33.984528613],[135.974603061,33.985966667],[135.984614721,33.991641108],[135.989483891,34.002247495],[136.000776394,34.005972225],[136.003606939,34.009881387],[136.00734917,34.019746946],[136.014963606,34.024597775],[136.017044163,34.033523333],[136.022982776,34.036521946],[136.031727782,34.031867225],[136.038996667,34.036518054],[136.062380272,34.032280279],[136.072655837,34.033862775],[136.082124721,34.027555279],[136.085537782,34.028788613],[136.096375006,34.022462495],[136.104469442,34.026956667],[136.097821388,34.044824721],[136.092225551,34.048173613],[136.097082218,34.057413054],[136.093915837,34.066613892],[136.096591673,34.079061108],[136.096096667,34.086348613],[136.115985551,34.081758333],[136.10236083,34.096029721],[136.107865837,34.103093333],[136.104301946,34.105903613],[136.10406083,34.115104162],[136.099677782,34.120419721],[136.108404449,34.126784441],[136.10194917,34.141329441],[136.106216939,34.143857775],[136.105685837,34.152516946],[136.114692218,34.160816387],[136.112044721,34.167557775],[136.105596939,34.171618333],[136.108864721,34.185137775],[136.092682776,34.190394162],[136.097576109,34.202471667],[136.115466394,34.210835],[136.118735006,34.215505829],[136.11729834,34.22311],[136.110666939,34.229354721],[136.124692776,34.241319162],[136.130305837,34.242873054],[136.131849442,34.251896387],[136.127806109,34.256654162],[136.118063606,34.260596387],[136.119356394,34.265666946],[136.113418612,34.278763054],[136.097829442,34.288821946],[136.094903606,34.301451108],[136.10036,34.305540559],[136.111646109,34.305013892],[136.129505279,34.316174441],[136.122217224,34.325422775],[136.10923083,34.329106946],[136.102362776,34.336048333],[136.102068054,34.342159162],[136.096726394,34.349535559],[136.095520558,34.359808613],[136.090544163,34.362823333],[136.09194083,34.368557495],[136.086091673,34.379624721],[136.078159442,34.386403892],[136.069305837,34.389341108],[136.06914083,34.394256946],[136.074988885,34.398366667],[136.07653834,34.405863054],[136.090265006,34.416042495],[136.08869917,34.428724162],[136.095898054,34.435221667],[136.111255279,34.435704162],[136.118021388,34.442709721],[136.131320558,34.445104441],[136.144215006,34.441090279],[136.151436667,34.441853333],[136.158235551,34.449006387],[136.178484163,34.445521387],[136.188521946,34.450605],[136.205360272,34.448346108],[136.208600272,34.455496946],[136.209323061,34.467056387],[136.214733061,34.472716946],[136.215559728,34.481153054],[136.228519728,34.489065279],[136.229036109,34.494722225],[136.218256394,34.497020559],[136.214667224,34.501311946],[136.219775837,34.515885559],[136.209941388,34.529029162],[136.193613061,34.523478613],[136.189784721,34.523957225],[136.182116667,34.516751108],[136.167714449,34.520912495],[136.171773891,34.534819162],[136.159773891,34.546711667],[136.155498612,34.559730559],[136.146610272,34.555787225],[136.139602776,34.559258892],[136.118629728,34.546486387],[136.113631673,34.546446108],[136.110587497,34.556451108],[136.091020272,34.557286667],[136.071355279,34.567727225],[136.060311388,34.569417775],[136.060801673,34.574964721],[136.049767224,34.580270559],[136.052141388,34.593058333],[136.04656834,34.600557495],[136.055830272,34.610156946],[136.062466939,34.619957775],[136.06885834,34.622303613],[136.073576939,34.634094162],[136.064846394,34.651564441],[136.050474449,34.652296387],[136.043989728,34.660226667],[136.064514721,34.651965],[136.070581673,34.657752225],[136.07778083,34.658760559],[136.086464721,34.675347495],[136.082107224,34.679008613],[136.075083061,34.697701108],[136.059942503,34.699753892],[136.054185551,34.706164721],[136.066345837,34.70979],[136.071065837,34.714676667],[136.068031115,34.723887225],[136.055476394,34.738555559]]]},"properties":{"N03_001":"奈良県"}},
{"type":"Feature","geometry":{"type":"MultiPolygon","coordinates":[[[[135.010963139,34.275835802],[135.01227869,34.283718829],[135.005031855,34.284736081],[134.999345837,34.281365829],[135.010963139,34.275835802]]],[[[135.033333333,34.29542464],[135.043755032,34.291991081],[135.048986498,34.299165721],[135.037372503,34.298584495],[135.033333333,34.29542464]]],[[[135.651128612,34.383206387],[135.631947224,34.383043892],[135.619911115,34.384482495],[135.613265551,34.376581108],[135.595949728,34.379213613],[135.594986939,34.375380829],[135.57712083,34.376049441],[135.563403061,34.369329162],[135.554439442,34.359434721],[135.54145834,34.357630559],[135.534859442,34.352361946],[135.527069728,34.351181946],[135.51204,34.338328892],[135.504895279,34.341217225],[135.501745006,34.350202225],[135.488698612,34.356366667],[135.485376109,34.362832495],[135.477739728,34.353553892],[135.457585006,34.347335],[135.45341917,34.349861108],[135.428696939,34.345562495],[135.424786667,34.339970279],[135.409221388,34.341938054],[135.405427497,34.333854441],[135.380344721,34.328444162],[135.374138054,34.330963054],[135.361705551,34.329346108],[135.358977224,34.333039721],[135.339135551,34.329429721],[135.328028054,34.324028613],[135.324198612,34.319131946],[135.313160272,34.314093613],[135.303967497,34.313714721],[135.302643606,34.304878054],[135.291635551,34.299548054],[135.282812218,34.31791],[135.272736667,34.312207495],[135.261665837,34.312540829],[135.257924449,34.315678613],[135.246595837,34.313286108],[135.235523333,34.303635559],[135.225005551,34.300861387],[135.211434163,34.306445279],[135.205349442,34.300534441],[135.202652776,34.287621946],[135.191611388,34.286465],[135.180661673,34.279887775],[135.171524449,34.280594162],[135.157406667,34.277084162],[135.146482218,34.283648333],[135.132087782,34.272351667],[135.125971946,34.277393054],[135.120986939,34.273913613],[135.110295551,34.273786387],[135.109072503,34.282665829],[135.098696939,34.289036387],[135.096934163,34.297103613],[135.106412776,34.305800829],[135.097082503,34.307944721],[135.092835668,34.312007829],[135.08749856,34.307496468],[135.074273554,34.305373387],[135.068101115,34.290760495],[135.074287198,34.280968108],[135.072085084,34.275326081],[135.065215746,34.273150198],[135.062703774,34.26236664],[135.072338833,34.260564559],[135.08955131,34.260821279],[135.095840441,34.252918946],[135.111087639,34.245118775],[135.116286809,34.24641436],[135.123083839,34.241592748],[135.13273547300003,34.22988249500003],[135.1282478600001,34.227327252000066],[135.118393554,34.234734414],[135.103773217,34.237065748],[135.107102607,34.228467919],[135.12151725,34.224900108],[135.13952871599997,34.225409],[135.144849689,34.21479086500011],[135.139907224,34.2120694140001],[135.14351869000006,34.20279649500014],[135.1372540860001,34.201052279000066],[135.140443022,34.18921758600004],[135.15476263300002,34.184536107999975],[135.1628634110001,34.187949946],[135.170641842,34.1818755860001],[135.17364083000018,34.18825922500008],[135.17997477300014,34.18691297300006],[135.17774182900007,34.17905949500005],[135.18198583700007,34.171928748000084],[135.184205409,34.148425604],[135.193379339,34.144436108],[135.178084034,34.140824829],[135.16677939,34.134327054],[135.155509364,34.138975613],[135.132284669,34.138279586],[135.126072581,34.136765775],[135.121840337,34.130498721],[135.134468366,34.126064802],[135.133498301,34.11887836],[135.144016083,34.115905441],[135.144726589,34.111586775],[135.122874864,34.114907198],[135.114254527,34.119132892],[135.113244553,34.109474766],[135.107878418,34.098265414],[135.096721881,34.091196396],[135.095699741,34.079438847],[135.089725188,34.075616081],[135.091086031,34.068725099],[135.104404514,34.071260459],[135.135850947,34.064578297],[135.137953243,34.057814937],[135.146367458,34.056109811],[135.146161803,34.045321108],[135.157720895,34.047275919],[135.162495473,34.043748973],[135.170766719,34.032224667],[135.165701388,34.028514441],[135.150791673,34.024647225],[135.151765253,34.019768333],[135.142965837,34.015552775],[135.151544955,34.007654712],[135.133890584,33.999293387],[135.120192866,33.999227306],[135.104906278,33.993026748],[135.093509559,33.993213414],[135.088073333,33.979207225],[135.072233256,33.977478946],[135.086040661,33.967369441],[135.079983139,33.955839586],[135.098812607,33.959630387],[135.101850441,33.964338667],[135.110790584,33.96287864],[135.114418638,33.956765802],[135.105476446,33.956245225],[135.100569922,33.949577495],[135.088974449,33.949138054],[135.083402776,33.941618613],[135.08503834,33.935212225],[135.07570083,33.934853333],[135.074120324,33.92769355],[135.079715006,33.924427775],[135.082979442,33.917518333],[135.081783891,33.906603333],[135.076163372,33.90306764],[135.06695,33.906206387],[135.058979728,33.904891387],[135.064306394,33.891747495],[135.057000272,33.888735279],[135.060823891,33.879806108],[135.069977497,33.883498333],[135.080067497,33.890955559],[135.08417083,33.887168054],[135.100465006,33.888983054],[135.111907082,33.893382721],[135.131615006,33.888937225],[135.149669948,33.879374802],[135.158963411,33.867304946],[135.159377639,33.858343748],[135.165618444,33.852123135],[135.168440246,33.843195279],[135.174728223,33.839739027],[135.17446678300018,33.83261266699998],[135.184816641,33.827096640000036],[135.18609153,33.819505386999936],[135.19641763899995,33.81368619800014],[135.216252698,33.809678613],[135.220687497,33.804684441],[135.235862503,33.797867495],[135.23703917,33.791115559],[135.23328083,33.784125829],[135.23816,33.780495829],[135.253466226,33.782526919],[135.270685616,33.782625279],[135.292761777,33.772443027],[135.301034449,33.766713054],[135.311941582,33.769546775],[135.317089611,33.767673198],[135.324670506,33.759733946],[135.324828223,33.753897441],[135.330494112,33.744203919],[135.351073087,33.746680414],[135.35736978,33.739970802],[135.351905577,33.734822946],[135.356616394,33.72685],[135.363177782,33.732685468],[135.373096446,33.729531252],[135.378473917,33.721310883],[135.389239248,33.715565414],[135.394893632,33.702443036],[135.387076861,33.700794468],[135.377271336,33.695077126],[135.372876355,33.689217108],[135.360262166,33.683751532],[135.355161751,33.685827279],[135.355748275,33.69212236],[135.349357134,33.694442892],[135.344477471,33.688847306],[135.342806667,33.677955694],[135.332432633,33.673872135],[135.331973606,33.666215],[135.342626394,33.658785279],[135.353026939,33.654834441],[135.38188917,33.651137081],[135.391384553,33.643009721],[135.395869883,33.626495919],[135.39022297,33.617282748],[135.389701193,33.609313027],[135.385998003,33.600146306],[135.391221025,33.597738333],[135.392599079,33.588562252],[135.402932866,33.582892198],[135.410027134,33.575609225],[135.416671362,33.580609667],[135.419287523,33.569646306],[135.424176744,33.571427],[135.44386,33.563215414],[135.449134721,33.55647036],[135.451565837,33.548532919],[135.46772083,33.546279468],[135.474524721,33.550979721],[135.478882776,33.546],[135.487905279,33.54963636],[135.499367951,33.540991468],[135.501163113,33.53523936],[135.508904747,33.535363333],[135.513913606,33.531921225],[135.512266109,33.525541667],[135.518036498,33.521872108],[135.524245253,33.523285225],[135.530689974,33.519433559],[135.544809144,33.520274108],[135.547130895,33.516107495],[135.559676278,33.514178613],[135.569496913,33.517366495],[135.575,33.515673865],[135.578902477,33.507095532],[135.596860389,33.507046775],[135.606454358,33.509693252],[135.619477523,33.503216306],[135.626105642,33.503083865],[135.628236615,33.50818936],[135.639856005,33.50504464],[135.643433917,33.501785973],[135.653952387,33.500571081],[135.663167691,33.490725946],[135.669968755,33.491712694],[135.67526192,33.48778364],[135.682237588,33.490122198],[135.69076511,33.487901946],[135.698973645,33.490370468],[135.70981153,33.488075081],[135.716040726,33.482017279],[135.727077782,33.477414559],[135.733408249,33.482942468],[135.73827022,33.476789865],[135.747293696,33.482374802],[135.752239585,33.480418252],[135.759306861,33.484370387],[135.767435863,33.481158414],[135.773933969,33.471928802],[135.775431556,33.460663748],[135.76173406,33.456233279],[135.750026667,33.449355694],[135.755877173,33.444297495],[135.753755642,33.436442333],[135.764653722,33.435386495],[135.770989209,33.447192144],[135.778535551,33.446023775],[135.783454137,33.439747495],[135.79334131,33.447843586],[135.792754838,33.452529252],[135.782289105,33.470084865],[135.794170337,33.486033532],[135.797059974,33.496847468],[135.80590703,33.502893721],[135.811082827,33.501744027],[135.825242944,33.514588108],[135.842409922,33.512792865],[135.841971634,33.517197],[135.856592698,33.522885135],[135.8588307,33.526281279],[135.915860921,33.55282536],[135.908719805,33.561885306],[135.911576719,33.569279333],[135.927589831,33.57724636],[135.93438406,33.573414946],[135.939698444,33.577830721],[135.954057951,33.578019721],[135.960687328,33.593496108],[135.950382827,33.589648225],[135.94395703,33.603727054],[135.930796161,33.595386081],[135.929493281,33.604406973],[135.925086278,33.608763775],[135.941153307,33.615580414],[135.944910661,33.627929081],[135.936522335,33.640247559],[135.939021505,33.645377694],[135.948701089,33.649512162],[135.9580962,33.650122279],[135.961011219,33.654456198],[135.969995694,33.652642414],[135.974985525,33.656720865],[135.979879637,33.651261586],[135.986164838,33.655201613],[135.984803865,33.660535414],[135.976401829,33.659511306],[135.973767639,33.67070264],[135.978956226,33.679936279],[135.988370584,33.684505081],[135.99216131,33.699837414],[135.998124163,33.708762775],[136.011889961,33.72330073],[136.008083891,33.727021667],[135.983275006,33.736367495],[135.972958885,33.735441667],[135.97169917,33.731725829],[135.977071115,33.724771387],[135.963523333,33.724313892],[135.945934163,33.732031946],[135.939933333,33.738586946],[135.938883891,33.756258613],[135.928371115,33.754020279],[135.920502503,33.758761667],[135.91586,33.767024721],[135.905675006,33.768480279],[135.89822917,33.790100279],[135.890913333,33.801678333],[135.880406939,33.802962775],[135.872168885,33.809000829],[135.864395551,33.810467775],[135.855856109,33.820336387],[135.858929728,33.830188333],[135.855731388,33.836689441],[135.860587497,33.848958333],[135.853438054,33.857838613],[135.858893333,33.868480829],[135.857921115,33.873152775],[135.852145837,33.882021667],[135.855289442,33.887816667],[135.846326109,33.896737225],[135.836856667,33.895400279],[135.816319442,33.905613892],[135.808602776,33.906468054],[135.803361673,33.902981108],[135.801823606,33.895823054],[135.792574449,33.894616387],[135.777653333,33.888184441],[135.76605834,33.890792225],[135.755938054,33.885186946],[135.740770558,33.891255559],[135.72411,33.903287775],[135.685377782,33.903719721],[135.678710558,33.898169162],[135.670956939,33.900407495],[135.660604449,33.897565559],[135.662204449,33.889083054],[135.655911388,33.881570829],[135.647988054,33.876897775],[135.635547497,33.876950559],[135.629046667,33.873099162],[135.617963722,33.872063892],[135.626775279,33.884740279],[135.61948,33.899429441],[135.606203061,33.899118892],[135.599993891,33.908260279],[135.610234163,33.912868333],[135.614054449,33.925141108],[135.609459442,33.932075829],[135.616844449,33.936884721],[135.618611388,33.944212495],[135.615387224,33.948445829],[135.618096394,33.954605279],[135.625383061,33.950211946],[135.636948054,33.950546387],[135.635673061,33.959078054],[135.640320272,33.967419721],[135.63759,33.976516667],[135.639242776,33.982732775],[135.636729728,33.989869162],[135.63088,33.991012495],[135.629026667,33.997749441],[135.623550272,34.002142495],[135.621757782,34.009778333],[135.611811115,34.010280279],[135.608381673,34.013618892],[135.595733891,34.011591108],[135.591487782,34.019370279],[135.594833333,34.027838613],[135.599660272,34.032019441],[135.594613606,34.043989162],[135.587995551,34.046774721],[135.580606109,34.056190279],[135.575161388,34.058843333],[135.567062218,34.057346108],[135.563531388,34.063277225],[135.552107497,34.065656667],[135.539698054,34.075379721],[135.543132776,34.081802495],[135.549793061,34.084984721],[135.549719728,34.100587775],[135.558407497,34.103389441],[135.55730083,34.108052495],[135.565837782,34.112835],[135.57878834,34.116370829],[135.584624163,34.132236946],[135.585188885,34.140664441],[135.590856109,34.149001108],[135.60769834,34.155299441],[135.62191834,34.158421667],[135.620572776,34.166087495],[135.628568885,34.176887775],[135.641962503,34.183191108],[135.641324449,34.191492225],[135.634123333,34.199076946],[135.634482503,34.204595],[135.648078054,34.218986387],[135.655289442,34.216276108],[135.661965837,34.218310829],[135.667817224,34.224193613],[135.677693606,34.223436108],[135.693875006,34.217066667],[135.697807224,34.211826387],[135.707791946,34.208236108],[135.713641388,34.214455279],[135.727475551,34.220726667],[135.730016939,34.231601108],[135.723448612,34.240076667],[135.720148885,34.249899721],[135.718446667,34.263319721],[135.692469442,34.278271946],[135.689391673,34.271722495],[135.682771673,34.270183054],[135.67276,34.281481946],[135.675164721,34.288098613],[135.669249442,34.296945559],[135.666388054,34.308687225],[135.669085837,34.315372225],[135.668125279,34.325748054],[135.660326667,34.326930829],[135.663525279,34.355443892],[135.65583834,34.366225],[135.651128612,34.383206387]]],[[[135.88076083,33.909372225],[135.881891388,33.914667775],[135.867466667,33.920545829],[135.868938054,33.914463054],[135.858717224,33.901192225],[135.861465279,33.88715],[135.871621946,33.888651108],[135.882688054,33.878870829],[135.874817782,33.872884162],[135.874832218,33.861596387],[135.877789442,33.871337495],[135.886412776,33.872020279],[135.890883333,33.868392495],[135.897633061,33.869745829],[135.901313061,33.885406387],[135.893102776,33.893487225],[135.891047497,33.880973613],[135.884218885,33.886536667],[135.887919442,33.896302495],[135.880856394,33.902317775],[135.88076083,33.909372225]]],[[[136.003606939,34.009881387],[136.000776394,34.005972225],[135.989483891,34.002247495],[135.984614721,33.991641108],[135.974603061,33.985966667],[135.960931673,33.984528613],[135.953982503,33.980329441],[135.926563333,33.981447495],[135.915674449,33.972591946],[135.915988054,33.967858892],[135.902293061,33.953907225],[135.893849442,33.950074162],[135.893066939,33.939183333],[135.898088054,33.933781667],[135.898434721,33.926685559],[135.909731388,33.922696946],[135.909083606,33.918474441],[135.923685837,33.919817225],[135.917287224,33.925056108],[135.919001673,33.931752775],[135.927951673,33.934801108],[135.929544163,33.941430559],[135.944193891,33.939552495],[135.957586394,33.934468333],[135.964552503,33.928362225],[135.969764163,33.930024441],[135.975539442,33.941463054],[135.97796083,33.951459721],[135.975156667,33.960636946],[135.977606667,33.966975829],[135.985448612,33.968555559],[135.991457224,33.965048892],[135.997156939,33.956881667],[136.013330272,33.969227225],[136.013363891,33.974231387],[136.004153061,33.985711387],[136.004042218,33.991770279],[135.997156667,33.997762225],[136.006954721,34.007398333],[136.003606939,34.009881387]]],[[[135.798660117,33.465743559],[135.820883865,33.462249441],[135.829165642,33.45616436],[135.83873978,33.455620135],[135.839725642,33.459753054],[135.854028301,33.461697108],[135.856099274,33.470712613],[135.845624306,33.474657081],[135.828470584,33.477500586],[135.814139144,33.476247306],[135.808045188,33.479281198],[135.798660117,33.465743559]]]]},"properties":{"N03_001":"和歌山県"}}
]}