{"type":"FeatureCollection","features":[{"type":"Feature","properties":{"route":"JR東西線","alias":"JR東西線","operator":"西日本旅客鉄道","section":"11"},"geometry":{"type":"LineString","coordinates":[[135.51768,34.69711],[135.52215,34.69735],[135.52479,34.69504]]}},{"type":"Feature","properties":{"route":"JR東西線","alias":"JR東西線","operator":"西日本旅客鉄道","section":"11"},"geometry":{"type":"LineString","coordinates":[[135.53334,34.69581],[135.53483,34.69624]]}},{"type":"Feature","properties":{"route":"JR東西線","alias":"JR東西線","operator":"西日本旅客鉄道","section":"11"},"geometry":{"type":"LineString","coordinates":[[135.4724,34.69613],[135.47354,34.69516]]}},{"type":"Feature","properties":{"route":"JR東西線","alias":"JR東西線","operator":"西日本旅客鉄道","section":"11"},"geometry":{"type":"LineString","coordinates":[[135.49828,34.69831],[135.50108,34.69816]]}},{"type":"Feature","properties":{"route":"JR東西線","alias":"JR東西線","operator":"西日本旅客鉄道","section":"11"},"geometry":{"type":"LineString","coordinates":[[135.49584,34.69843],[135.49828,34.69831]]}},{"type":"Feature","properties":{"route":"JR東西線","alias":"JR東西線","operator":"西日本旅客鉄道","section":"11"},"geometry":{"type":"LineString","coordinates":[[135.45442,34.72741],[135.45605,34.72523],[135.4556,34.7137]]}},{"type":"Feature","properties":{"route":"JR東西線","alias":"JR東西線","operator":"西日本旅客鉄道","section":"11"},"geometry":{"type":"LineString","coordinates":[[135.45562,34.71169],[135.4724,34.69613]]}},{"type":"Feature","properties":{"route":"JR東西線","alias":"JR東西線","operator":"西日本旅客鉄道","section":"11"},"geometry":{"type":"LineString","coordinates":[[135.4556,34.7137],[135.45562,34.71169]]}},{"type":"Feature","properties":{"route":"JR東西線","alias":"JR東西線","operator":"西日本旅客鉄道","section":"11"},"geometry":{"type":"LineString","coordinates":[[135.48647,34.69522],[135.49584,34.69843]]}},{"type":"Feature","properties":{"route":"JR東西線","alias":"JR東西線","operator":"西日本旅客鉄道","section":"11"},"geometry":{"type":"LineString","coordinates":[[135.51437,34.69734],[135.51768,34.69711]]}},{"type":"Feature","properties":{"route":"JR東西線","alias":"JR東西線","operator":"西日本旅客鉄道","section":"11"},"geometry":{"type":"LineString","coordinates":[[135.51232,34.69749],[135.51437,34.69734]]}},{"type":"Feature","properties":{"route":"JR東西線","alias":"JR東西線","operator":"西日本旅客鉄道","section":"11"},"geometry":{"type":"LineString","coordinates":[[135.50108,34.69816],[135.51232,34.69749]]}},{"type":"Feature","properties":{"route":"JR東西線","alias":"JR東西線","operator":"西日本旅客鉄道","section":"11"},"geometry":{"type":"LineString","coordinates":[[135.43066,34.73204],[135.4329,34.73167]]}},{"type":"Feature","properties":{"route":"JR東西線","alias":"JR東西線","operator":"西日本旅客鉄道","section":"11"},"geometry":{"type":"LineString","coordinates":[[135.4329,34.73167],[135.44812,34.72886]]}},{"type":"Feature","properties":{"route":"JR東西線","alias":"JR東西線","operator":"西日本旅客鉄道","section":"11"},"geometry":{"type":"LineString","coordinates":[[135.44812,34.72886],[135.45272,34.72806]]}},{"type":"Feature","properties":{"route":"JR東西線","alias":"JR東西線","operator":"西日本旅客鉄道","section":"11"},"geometry":{"type":"LineString","coordinates":[[135.45272,34.72806],[135.45442,34.72741]]}},{"type":"Feature","properties":{"route":"JR東西線","alias":"JR東西線","operator":"西日本旅客鉄道","section":"11"},"geometry":{"type":"LineString","coordinates":[[135.47354,34.69516],[135.48464,34.69454]]}},{"type":"Feature","properties":{"route":"JR東西線","alias":"JR東西線","operator":"西日本旅客鉄道","section":"11"},"geometry":{"type":"LineString","coordinates":[[135.52479,34.69504],[135.5259,34.69406]]}},{"type":"Feature","properties":{"route":"JR東西線","alias":"JR東西線","operator":"西日本旅客鉄道","section":"11"},"geometry":{"type":"LineString","coordinates":[[135.48464,34.69454],[135.48647,34.69522]]}},{"type":"Feature","properties":{"route":"JR東西線","alias":"JR東西線","operator":"西日本旅客鉄道","section":"11"},"geometry":{"type":"LineString","coordinates":[[135.5259,34.69406],[135.53334,34.69581]]}},{"type":"Feature","properties":{"route":"関西空港線","alias":"関西空港線","operator":"西日本旅客鉄道","section":"11"},"geometry":{"type":"LineString","coordinates":[[135.32854,34.38756],[135.33087,34.38997]]}},{"type":"Feature","properties":{"route":"関西空港線","alias":"関西空港線","operator":"西日本旅客鉄道","section":"11"},"geometry":{"type":"LineString","coordinates":[[135.33087,34.38997],[135.3317,34.39149]]}},{"type":"Feature","properties":{"route":"関西空港線","alias":"関西空港線","operator":"西日本旅客鉄道","section":"11"},"geometry":{"type":"LineString","coordinates":[[135.24057,34.43439],[135.24554,34.43775]]}},{"type":"Feature","properties":{"route":"関西空港線","alias":"関西空港線","operator":"西日本旅客鉄道","section":"11"},"geometry":{"type":"LineString","coordinates":[[135.24554,34.43775],[135.25048,34.44228],[135.25943,34.44171],[135.29887,34.41143]]}},{"type":"Feature","properties":{"route":"関西空港線","alias":"関西空港線","operator":"西日本旅客鉄道","section":"11"},"geometry":{"type":"LineString","coordinates":[[135.29887,34.41143],[135.30003,34.4105]]}},{"type":"Feature","properties":{"route":"関西空港線","alias":"関西空港線","operator":"西日本旅客鉄道","section":"11"},"geometry":{"type":"LineString","coordinates":[[135.30472,34.40714],[135.31394,34.39938],[135.32173,34.38843],[135.32854,34.38756]]}},{"type":"Feature","properties":{"route":"関西空港線","alias":"関西空港線","operator":"西日本旅客鉄道","section":"11"},"geometry":{"type":"LineString","coordinates":[[135.30003,34.4105],[135.30472,34.40714]]}},{"type":"Feature","properties":{"route":"関西線","alias":"大和路線/関西本線(非電化)","operator":"西日本旅客鉄道","section":"11"},"geometry":{"type":"LineString","coordinates":[[135.7031,34.59749],[135.70445,34.59744]]}},{"type":"Feature","properties":{"route":"関西線","alias":"大和路線/関西本線(非電化)","operator":"西日本旅客鉄道","section":"11"},"geometry":{"type":"LineString","coordinates":[[135.70741,34.59696],[135.70925,34.59586]]}},{"type":"Feature","properties":{"route":"関西線","alias":"大和路線/関西本線(非電化)","operator":"西日本旅客鉄道","section":"11"},"geometry":{"type":"LineString","coordinates":[[135.70445,34.59744],[135.70741,34.59696]]}},{"type":"Feature","properties":{"route":"関西線","alias":"大和路線/関西本線(非電化)","operator":"西日本旅客鉄道","section":"11"},"geometry":{"type":"LineString","coordinates":[[135.81781,34.67843],[135.81829,34.67937]]}},{"type":"Feature","properties":{"route":"関西線","alias":"大和路線/関西本線(非電化)","operator":"西日本旅客鉄道","section":"11"},"geometry":{"type":"LineString","coordinates":[[136.45237,34.84985],[136.44867,34.85032]]}},{"type":"Feature","properties":{"route":"関西線","alias":"大和路線/関西本線(非電化)","operator":"西日本旅客鉄道","section":"11"},"geometry":{"type":"LineString","coordinates":[[135.6397,34.57137],[135.64579,34.57276]]}},{"type":"Feature","properties":{"route":"関西線","alias":"大和路線/関西本線(非電化)","operator":"西日本旅客鉄道","section":"11"},"geometry":{"type":"LineString","coordinates":[[135.68785,34.58905],[135.6872,34.58871]]}},{"type":"Feature","properties":{"route":"関西線","alias":"大和路線/関西本線(非電化)","operator":"西日本旅客鉄道","section":"11"},"geometry":{"type":"LineString","coordinates":[[135.93487,34.75897],[135.93416,34.75929]]}},{"type":"Feature","properties":{"route":"関西線","alias":"大和路線/関西本線(非電化)","operator":"西日本旅客鉄道","section":"11"},"geometry":{"type":"LineString","coordinates":[[135.80981,34.71002],[135.81089,34.71104]]}},{"type":"Feature","properties":{"route":"関西線","alias":"大和路線/関西本線(非電化)","operator":"西日本旅客鉄道","section":"11"},"geometry":{"type":"LineString","coordinates":[[135.70741,34.59696],[135.69984,34.59707]]}},{"type":"Feature","properties":{"route":"関西線","alias":"大和路線/関西本線(非電化)","operator":"西日本旅客鉄道","section":"11"},"geometry":{"type":"LineString","coordinates":[[136.33976,34.84188],[136.34079,34.84325]]}},{"type":"Feature","properties":{"route":"関西線","alias":"大和路線/関西本線(非電化)","operator":"西日本旅客鉄道","section":"11"},"geometry":{"type":"LineString","coordinates":[[135.61621,34.59991],[135.62242,34.58793]]}},{"type":"Feature","properties":{"route":"関西線","alias":"大和路線/関西本線(非電化)","operator":"西日本旅客鉄道","section":"11"},"geometry":{"type":"LineString","coordinates":[[135.79068,34.64888],[135.79373,34.65938],[135.81781,34.67843]]}},{"type":"Feature","properties":{"route":"関西線","alias":"大和路線/関西本線(非電化)","operator":"西日本旅客鉄道","section":"11"},"geometry":{"type":"LineString","coordinates":[[135.86911,34.75203],[135.87008,34.75311]]}},{"type":"Feature","properties":{"route":"関西線","alias":"大和路線/関西本線(非電化)","operator":"西日本旅客鉄道","section":"11"},"geometry":{"type":"LineString","coordinates":[[136.206,34.82053],[136.19195,34.81403],[136.17227,34.80931],[136.16412,34.80465]]}},{"type":"Feature","properties":{"route":"関西線","alias":"大和路線/関西本線(非電化)","operator":"西日本旅客鉄道","section":"11"},"geometry":{"type":"LineString","coordinates":[[136.39342,34.84908],[136.39611,34.84909]]}},{"type":"Feature","properties":{"route":"関西線","alias":"大和路線/関西本線(非電化)","operator":"西日本旅客鉄道","section":"11"},"geometry":{"type":"LineString","coordinates":[[135.62331,34.58684],[135.62242,34.58793]]}},{"type":"Feature","properties":{"route":"関西線","alias":"大和路線/関西本線(非電化)","operator":"西日本旅客鉄道","section":"11"},"geometry":{"type":"LineString","coordinates":[[135.79003,34.64736],[135.78453,34.63991],[135.76401,34.62282]]}},{"type":"Feature","properties":{"route":"関西線","alias":"大和路線/関西本線(非電化)","operator":"西日本旅客鉄道","section":"11"},"geometry":{"type":"LineString","coordinates":[[135.79068,34.64888],[135.79003,34.64736]]}},{"type":"Feature","properties":{"route":"関西線","alias":"大和路線/関西本線(非電化)","operator":"西日本旅客鉄道","section":"11"},"geometry":{"type":"LineString","coordinates":[[135.66362,34.57498],[135.66274,34.57377]]}},{"type":"Feature","properties":{"route":"関西線","alias":"大和路線/関西本線(非電化)","operator":"西日本旅客鉄道","section":"11"},"geometry":{"type":"LineString","coordinates":[[136.25445,34.84971],[136.25574,34.84749]]}},{"type":"Feature","properties":{"route":"関西線","alias":"大和路線/関西本線(非電化)","operator":"西日本旅客鉄道","section":"11"},"geometry":{"type":"LineString","coordinates":[[136.20743,34.82154],[136.22657,34.83906],[136.24629,34.85142],[136.24969,34.85187],[136.25445,34.84971]]}},{"type":"Feature","properties":{"route":"関西線","alias":"大和路線/関西本線(非電化)","operator":"西日本旅客鉄道","section":"11"},"geometry":{"type":"LineString","coordinates":[[135.73801,34.60104],[135.72508,34.59412],[135.70925,34.59586]]}},{"type":"Feature","properties":{"route":"関西線","alias":"大和路線/関西本線(非電化)","operator":"西日本旅客鉄道","section":"11"},"geometry":{"type":"LineString","coordinates":[[135.73979,34.60206],[135.73801,34.60104]]}},{"type":"Feature","properties":{"route":"関西線","alias":"大和路線/関西本線(非電化)","operator":"西日本旅客鉄道","section":"11"},"geometry":{"type":"LineString","coordinates":[[135.69984,34.59707],[135.7031,34.59749]]}},{"type":"Feature","properties":{"route":"関西線","alias":"大和路線/関西本線(非電化)","operator":"西日本旅客鉄道","section":"11"},"geometry":{"type":"LineString","coordinates":[[135.64579,34.57276],[135.65581,34.57195]]}},{"type":"Feature","properties":{"route":"関西線","alias":"大和路線/関西本線(非電化)","operator":"西日本旅客鉄道","section":"11"},"geometry":{"type":"LineString","coordinates":[[135.76401,34.62282],[135.76289,34.62157]]}},{"type":"Feature","properties":{"route":"関西線","alias":"大和路線/関西本線(非電化)","operator":"西日本旅客鉄道","section":"11"},"geometry":{"type":"LineString","coordinates":[[135.61621,34.59991],[135.61561,34.60075]]}},{"type":"Feature","properties":{"route":"関西線","alias":"大和路線/関西本線(非電化)","operator":"西日本旅客鉄道","section":"11"},"geometry":{"type":"LineString","coordinates":[[135.93416,34.75929],[135.91871,34.76366],[135.90364,34.76543],[135.89398,34.76102],[135.88418,34.76157],[135.87684,34.75953],[135.87008,34.75311]]}},{"type":"Feature","properties":{"route":"関西線","alias":"大和路線/関西本線(非電化)","operator":"西日本旅客鉄道","section":"11"},"geometry":{"type":"LineString","coordinates":[[136.34079,34.84325],[136.35449,34.84579],[136.36855,34.85197],[136.37958,34.85243],[136.39342,34.84908]]}},{"type":"Feature","properties":{"route":"関西線","alias":"大和路線/関西本線(非電化)","operator":"西日本旅客鉄道","section":"11"},"geometry":{"type":"LineString","coordinates":[[135.68785,34.58905],[135.69984,34.59707]]}},{"type":"Feature","properties":{"route":"関西線","alias":"大和路線/関西本線(非電化)","operator":"西日本旅客鉄道","section":"11"},"geometry":{"type":"LineString","coordinates":[[136.05459,34.76835],[136.06061,34.77552],[136.07643,34.77769],[136.09464,34.7869],[136.12188,34.78906]]}},{"type":"Feature","properties":{"route":"関西線","alias":"大和路線/関西本線(非電化)","operator":"西日本旅客鉄道","section":"11"},"geometry":{"type":"LineString","coordinates":[[136.0237,34.76285],[136.01031,34.7685],[136.0061,34.77444],[135.99796,34.77224],[135.99244,34.77322],[135.9886,34.77207]]}},{"type":"Feature","properties":{"route":"関西線","alias":"大和路線/関西本線(非電化)","operator":"西日本旅客鉄道","section":"11"},"geometry":{"type":"LineString","coordinates":[[136.25659,34.84601],[136.25574,34.84749]]}},{"type":"Feature","properties":{"route":"関西線","alias":"大和路線/関西本線(非電化)","operator":"西日本旅客鉄道","section":"11"},"geometry":{"type":"LineString","coordinates":[[136.12413,34.7892],[136.16219,34.80374]]}},{"type":"Feature","properties":{"route":"関西線","alias":"大和路線/関西本線(非電化)","operator":"西日本旅客鉄道","section":"11"},"geometry":{"type":"LineString","coordinates":[[136.16219,34.80374],[136.16412,34.80465]]}},{"type":"Feature","properties":{"route":"関西線","alias":"大和路線/関西本線(非電化)","operator":"西日本旅客鉄道","section":"11"},"geometry":{"type":"LineString","coordinates":[[135.81941,34.68162],[135.82031,34.686],[135.81224,34.69329],[135.80696,34.70485],[135.80714,34.70736],[135.80981,34.71002]]}},{"type":"Feature","properties":{"route":"関西線","alias":"大和路線/関西本線(非電化)","operator":"西日本旅客鉄道","section":"11"},"geometry":{"type":"LineString","coordinates":[[135.81089,34.71104],[135.81555,34.71977],[135.82386,34.72922],[135.82465,34.73433]]}},{"type":"Feature","properties":{"route":"関西線","alias":"大和路線/関西本線(非電化)","operator":"西日本旅客鉄道","section":"11"},"geometry":{"type":"LineString","coordinates":[[136.12188,34.78906],[136.12413,34.7892]]}},{"type":"Feature","properties":{"route":"関西線","alias":"大和路線/関西本線(非電化)","operator":"西日本旅客鉄道","section":"11"},"geometry":{"type":"LineString","coordinates":[[136.0237,34.76285],[136.02545,34.76255]]}},{"type":"Feature","properties":{"route":"関西線","alias":"大和路線/関西本線(非電化)","operator":"西日本旅客鉄道","section":"11"},"geometry":{"type":"LineString","coordinates":[[136.33976,34.84188],[136.33685,34.84038],[136.33055,34.84306],[136.3212,34.84149],[136.31224,34.84409],[136.30848,34.83997],[136.29919,34.83552],[136.28863,34.83673],[136.27658,34.84395],[136.26257,34.84215],[136.25659,34.84601]]}},{"type":"Feature","properties":{"route":"関西線","alias":"大和路線/関西本線(非電化)","operator":"西日本旅客鉄道","section":"11"},"geometry":{"type":"LineString","coordinates":[[136.05358,34.76692],[136.05459,34.76835]]}},{"type":"Feature","properties":{"route":"関西線","alias":"大和路線/関西本線(非電化)","operator":"西日本旅客鉄道","section":"11"},"geometry":{"type":"LineString","coordinates":[[135.63835,34.57152],[135.63228,34.57331],[135.62331,34.58684]]}},{"type":"Feature","properties":{"route":"関西線","alias":"大和路線/関西本線(非電化)","operator":"西日本旅客鉄道","section":"11"},"geometry":{"type":"LineString","coordinates":[[136.44867,34.85032],[136.41811,34.85847],[136.40891,34.85391],[136.40482,34.84947],[136.39611,34.84909]]}},{"type":"Feature","properties":{"route":"関西線","alias":"大和路線/関西本線(非電化)","operator":"西日本旅客鉄道","section":"11"},"geometry":{"type":"LineString","coordinates":[[135.9886,34.77207],[135.98787,34.77183]]}},{"type":"Feature","properties":{"route":"関西線","alias":"大和路線/関西本線(非電化)","operator":"西日本旅客鉄道","section":"11"},"geometry":{"type":"LineString","coordinates":[[136.02545,34.76255],[136.03878,34.76611],[136.05079,34.76536],[136.05358,34.76692]]}},{"type":"Feature","properties":{"route":"関西線","alias":"大和路線/関西本線(非電化)","operator":"西日本旅客鉄道","section":"11"},"geometry":{"type":"LineString","coordinates":[[135.82465,34.73433],[135.8249,34.73686]]}},{"type":"Feature","properties":{"route":"関西線","alias":"大和路線/関西本線(非電化)","operator":"西日本旅客鉄道","section":"11"},"geometry":{"type":"LineString","coordinates":[[135.76289,34.62157],[135.74985,34.60734],[135.73979,34.60206]]}},{"type":"Feature","properties":{"route":"関西線","alias":"大和路線/関西本線(非電化)","operator":"西日本旅客鉄道","section":"11"},"geometry":{"type":"LineString","coordinates":[[135.8249,34.73686],[135.82622,34.74002],[135.83399,34.74313],[135.84444,34.73526],[135.85307,34.73586],[135.86223,34.74072],[135.86911,34.75203]]}},{"type":"Feature","properties":{"route":"関西線","alias":"大和路線/関西本線(非電化)","operator":"西日本旅客鉄道","section":"11"},"geometry":{"type":"LineString","coordinates":[[136.20743,34.82154],[136.206,34.82053]]}},{"type":"Feature","properties":{"route":"関西線","alias":"大和路線/関西本線(非電化)","operator":"西日本旅客鉄道","section":"11"},"geometry":{"type":"LineString","coordinates":[[135.98787,34.77183],[135.98221,34.76915],[135.96895,34.76675],[135.96436,34.76406],[135.95548,34.76404],[135.95233,34.76053],[135.9458,34.75738],[135.93487,34.75897]]}},{"type":"Feature","properties":{"route":"関西線","alias":"大和路線/関西本線(非電化)","operator":"西日本旅客鉄道","section":"11"},"geometry":{"type":"LineString","coordinates":[[135.6397,34.57137],[135.63835,34.57152]]}},{"type":"Feature","properties":{"route":"関西線","alias":"大和路線/関西本線(非電化)","operator":"西日本旅客鉄道","section":"11"},"geometry":{"type":"LineString","coordinates":[[135.49235,34.65467],[135.4923,34.65481]]}},{"type":"Feature","properties":{"route":"関西線","alias":"大和路線/関西本線(非電化)","operator":"西日本旅客鉄道","section":"11"},"geometry":{"type":"LineString","coordinates":[[135.51602,34.64665],[135.51522,34.64685]]}},{"type":"Feature","properties":{"route":"関西線","alias":"大和路線/関西本線(非電化)","operator":"西日本旅客鉄道","section":"11"},"geometry":{"type":"LineString","coordinates":[[135.51522,34.64685],[135.51208,34.64744]]}},{"type":"Feature","properties":{"route":"関西線","alias":"大和路線/関西本線(非電化)","operator":"西日本旅客鉄道","section":"11"},"geometry":{"type":"LineString","coordinates":[[135.51782,34.64615],[135.51602,34.64665]]}},{"type":"Feature","properties":{"route":"関西線","alias":"大和路線/関西本線(非電化)","operator":"西日本旅客鉄道","section":"11"},"geometry":{"type":"LineString","coordinates":[[135.49235,34.65467],[135.49301,34.65341]]}},{"type":"Feature","properties":{"route":"関西線","alias":"大和路線/関西本線(非電化)","operator":"西日本旅客鉄道","section":"11"},"geometry":{"type":"LineString","coordinates":[[135.50066,34.65019],[135.49301,34.65341]]}},{"type":"Feature","properties":{"route":"関西線","alias":"大和路線/関西本線(非電化)","operator":"西日本旅客鉄道","section":"11"},"geometry":{"type":"LineString","coordinates":[[135.50292,34.64962],[135.50066,34.65019]]}},{"type":"Feature","properties":{"route":"関西線","alias":"大和路線/関西本線(非電化)","operator":"西日本旅客鉄道","section":"11"},"geometry":{"type":"LineString","coordinates":[[135.51208,34.64744],[135.50292,34.64962]]}},{"type":"Feature","properties":{"route":"関西線","alias":"大和路線/関西本線(非電化)","operator":"西日本旅客鉄道","section":"11"},"geometry":{"type":"LineString","coordinates":[[135.59625,34.61759],[135.58523,34.62208]]}},{"type":"Feature","properties":{"route":"関西線","alias":"大和路線/関西本線(非電化)","operator":"西日本旅客鉄道","section":"11"},"geometry":{"type":"LineString","coordinates":[[135.58523,34.62208],[135.58364,34.62259]]}},{"type":"Feature","properties":{"route":"関西線","alias":"大和路線/関西本線(非電化)","operator":"西日本旅客鉄道","section":"11"},"geometry":{"type":"LineString","coordinates":[[135.49506,34.66558],[135.4923,34.65481]]}},{"type":"Feature","properties":{"route":"関西線","alias":"大和路線/関西本線(非電化)","operator":"西日本旅客鉄道","section":"11"},"geometry":{"type":"LineString","coordinates":[[135.53834,34.63767],[135.53702,34.63851]]}},{"type":"Feature","properties":{"route":"関西線","alias":"大和路線/関西本線(非電化)","operator":"西日本旅客鉄道","section":"11"},"geometry":{"type":"LineString","coordinates":[[135.59777,34.61692],[135.59625,34.61759]]}},{"type":"Feature","properties":{"route":"関西線","alias":"大和路線/関西本線(非電化)","operator":"西日本旅客鉄道","section":"11"},"geometry":{"type":"LineString","coordinates":[[135.54974,34.63123],[135.53834,34.63767]]}},{"type":"Feature","properties":{"route":"関西線","alias":"大和路線/関西本線(非電化)","operator":"西日本旅客鉄道","section":"11"},"geometry":{"type":"LineString","coordinates":[[135.56621,34.62702],[135.55231,34.63059]]}},{"type":"Feature","properties":{"route":"関西線","alias":"大和路線/関西本線(非電化)","operator":"西日本旅客鉄道","section":"11"},"geometry":{"type":"LineString","coordinates":[[135.61561,34.60075],[135.60897,34.60871],[135.59777,34.61692]]}},{"type":"Feature","properties":{"route":"関西線","alias":"大和路線/関西本線(非電化)","operator":"西日本旅客鉄道","section":"11"},"geometry":{"type":"LineString","coordinates":[[135.51782,34.64615],[135.51899,34.64559]]}},{"type":"Feature","properties":{"route":"関西線","alias":"大和路線/関西本線(非電化)","operator":"西日本旅客鉄道","section":"11"},"geometry":{"type":"LineString","coordinates":[[135.56728,34.62674],[135.56621,34.62702]]}},{"type":"Feature","properties":{"route":"関西線","alias":"大和路線/関西本線(非電化)","operator":"西日本旅客鉄道","section":"11"},"geometry":{"type":"LineString","coordinates":[[135.51599,34.64646],[135.51516,34.64667]]}},{"type":"Feature","properties":{"route":"関西線","alias":"大和路線/関西本線(非電化)","operator":"西日本旅客鉄道","section":"11"},"geometry":{"type":"LineString","coordinates":[[135.53702,34.63851],[135.51899,34.64559]]}},{"type":"Feature","properties":{"route":"関西線","alias":"大和路線/関西本線(非電化)","operator":"西日本旅客鉄道","section":"11"},"geometry":{"type":"LineString","coordinates":[[135.51599,34.64646],[135.51899,34.64559]]}},{"type":"Feature","properties":{"route":"関西線","alias":"大和路線/関西本線(非電化)","operator":"西日本旅客鉄道","section":"11"},"geometry":{"type":"LineString","coordinates":[[135.49552,34.66715],[135.49506,34.66558]]}},{"type":"Feature","properties":{"route":"関西線","alias":"大和路線/関西本線(非電化)","operator":"西日本旅客鉄道","section":"11"},"geometry":{"type":"LineString","coordinates":[[135.51516,34.64667],[135.51208,34.64744]]}},{"type":"Feature","properties":{"route":"関西線","alias":"大和路線/関西本線(非電化)","operator":"西日本旅客鉄道","section":"11"},"geometry":{"type":"LineString","coordinates":[[135.55231,34.63059],[135.54974,34.63123]]}},{"type":"Feature","properties":{"route":"関西線","alias":"大和路線/関西本線(非電化)","operator":"西日本旅客鉄道","section":"11"},"geometry":{"type":"LineString","coordinates":[[135.58364,34.62259],[135.56728,34.62674]]}},{"type":"Feature","properties":{"route":"関西線","alias":"大和路線/関西本線(非電化)","operator":"西日本旅客鉄道","section":"11"},"geometry":{"type":"LineString","coordinates":[[135.81829,34.67937],[135.81941,34.68162]]}},{"type":"Feature","properties":{"route":"関西線","alias":"大和路線/関西本線(非電化)","operator":"西日本旅客鉄道","section":"11"},"geometry":{"type":"LineString","coordinates":[[135.66274,34.57377],[135.65985,34.5717],[135.65581,34.57195]]}},{"type":"Feature","properties":{"route":"関西線","alias":"大和路線/関西本線(非電化)","operator":"西日本旅客鉄道","section":"11"},"geometry":{"type":"LineString","coordinates":[[135.65581,34.57195],[135.65113,34.57355],[135.64579,34.57276]]}},{"type":"Feature","properties":{"route":"関西線","alias":"大和路線/関西本線(非電化)","operator":"西日本旅客鉄道","section":"11"},"geometry":{"type":"LineString","coordinates":[[135.68028,34.58122],[135.6872,34.58871]]}},{"type":"Feature","properties":{"route":"関西線","alias":"大和路線/関西本線(非電化)","operator":"西日本旅客鉄道","section":"11"},"geometry":{"type":"LineString","coordinates":[[135.67548,34.57873],[135.68028,34.58122]]}},{"type":"Feature","properties":{"route":"関西線","alias":"大和路線/関西本線(非電化)","operator":"西日本旅客鉄道","section":"11"},"geometry":{"type":"LineString","coordinates":[[135.66362,34.57498],[135.66762,34.57887],[135.67548,34.57873]]}},{"type":"Feature","properties":{"route":"関西線","alias":"大和路線/関西本線(非電化)","operator":"西日本旅客鉄道","section":"11"},"geometry":{"type":"LineString","coordinates":[[135.67548,34.57873],[135.68028,34.58122]]}},{"type":"Feature","properties":{"route":"紀勢線","alias":"きのくに線","operator":"西日本旅客鉄道","section":"11"},"geometry":{"type":"LineString","coordinates":[[135.99505,33.72356],[135.99384,33.7251]]}},{"type":"Feature","properties":{"route":"紀勢線","alias":"きのくに線","operator":"西日本旅客鉄道","section":"11"},"geometry":{"type":"LineString","coordinates":[[135.92234,33.5825],[135.92366,33.5878],[135.92724,33.5909]]}},{"type":"Feature","properties":{"route":"紀勢線","alias":"きのくに線","operator":"西日本旅客鉄道","section":"11"},"geometry":{"type":"LineString","coordinates":[[135.73667,33.491],[135.75271,33.49422],[135.75949,33.49311],[135.76881,33.48746],[135.77066,33.48017],[135.77535,33.47843],[135.77692,33.47404],[135.77918,33.47352],[135.78137,33.47521]]}},{"type":"Feature","properties":{"route":"紀勢線","alias":"きのくに線","operator":"西日本旅客鉄道","section":"11"},"geometry":{"type":"LineString","coordinates":[[135.60347,33.50977],[135.60307,33.5092]]}},{"type":"Feature","properties":{"route":"紀勢線","alias":"きのくに線","operator":"西日本旅客鉄道","section":"11"},"geometry":{"type":"LineString","coordinates":[[135.9362,33.64328],[135.93678,33.64441]]}},{"type":"Feature","properties":{"route":"紀勢線","alias":"きのくに線","operator":"西日本旅客鉄道","section":"11"},"geometry":{"type":"LineString","coordinates":[[135.97073,33.68011],[135.97022,33.67957]]}},{"type":"Feature","properties":{"route":"紀勢線","alias":"きのくに線","operator":"西日本旅客鉄道","section":"11"},"geometry":{"type":"LineString","coordinates":[[135.93461,33.63677],[135.93423,33.63738]]}},{"type":"Feature","properties":{"route":"紀勢線","alias":"きのくに線","operator":"西日本旅客鉄道","section":"11"},"geometry":{"type":"LineString","coordinates":[[135.92724,33.5909],[135.9278,33.59191]]}},{"type":"Feature","properties":{"route":"紀勢線","alias":"きのくに線","operator":"西日本旅客鉄道","section":"11"},"geometry":{"type":"LineString","coordinates":[[135.73667,33.491],[135.73585,33.49087]]}},{"type":"Feature","properties":{"route":"紀勢線","alias":"きのくに線","operator":"西日本旅客鉄道","section":"11"},"geometry":{"type":"LineString","coordinates":[[135.97073,33.68011],[135.98452,33.68918]]}},{"type":"Feature","properties":{"route":"紀勢線","alias":"きのくに線","operator":"西日本旅客鉄道","section":"11"},"geometry":{"type":"LineString","coordinates":[[135.65525,33.5012],[135.65459,33.5011]]}},{"type":"Feature","properties":{"route":"紀勢線","alias":"きのくに線","operator":"西日本旅客鉄道","section":"11"},"geometry":{"type":"LineString","coordinates":[[135.92234,33.5825],[135.92187,33.58174]]}},{"type":"Feature","properties":{"route":"紀勢線","alias":"きのくに線","operator":"西日本旅客鉄道","section":"11"},"geometry":{"type":"LineString","coordinates":[[135.86832,33.53696],[135.86794,33.53599]]}},{"type":"Feature","properties":{"route":"紀勢線","alias":"きのくに線","operator":"西日本旅客鉄道","section":"11"},"geometry":{"type":"LineString","coordinates":[[135.97199,33.66239],[135.97261,33.66323]]}},{"type":"Feature","properties":{"route":"紀勢線","alias":"きのくに線","operator":"西日本旅客鉄道","section":"11"},"geometry":{"type":"LineString","coordinates":[[135.79636,33.49756],[135.79619,33.49703]]}},{"type":"Feature","properties":{"route":"紀勢線","alias":"きのくに線","operator":"西日本旅客鉄道","section":"11"},"geometry":{"type":"LineString","coordinates":[[135.82094,33.51779],[135.82079,33.51425],[135.81204,33.50393],[135.80469,33.50425],[135.80279,33.50121],[135.79755,33.50009],[135.79636,33.49756]]}},{"type":"Feature","properties":{"route":"紀勢線","alias":"きのくに線","operator":"西日本旅客鉄道","section":"11"},"geometry":{"type":"LineString","coordinates":[[135.89438,33.56076],[135.89367,33.5602]]}},{"type":"Feature","properties":{"route":"紀勢線","alias":"きのくに線","operator":"西日本旅客鉄道","section":"11"},"geometry":{"type":"LineString","coordinates":[[135.97261,33.66323],[135.97307,33.66771],[135.96849,33.6753],[135.97022,33.67957]]}},{"type":"Feature","properties":{"route":"紀勢線","alias":"きのくに線","operator":"西日本旅客鉄道","section":"11"},"geometry":{"type":"LineString","coordinates":[[135.94149,33.62867],[135.94102,33.63112],[135.93461,33.63677]]}},{"type":"Feature","properties":{"route":"紀勢線","alias":"きのくに線","operator":"西日本旅客鉄道","section":"11"},"geometry":{"type":"LineString","coordinates":[[135.98535,33.68988],[135.99105,33.69372],[135.99206,33.70247],[136.00111,33.71459],[135.99505,33.72356]]}},{"type":"Feature","properties":{"route":"紀勢線","alias":"きのくに線","operator":"西日本旅客鉄道","section":"11"},"geometry":{"type":"LineString","coordinates":[[135.73585,33.49087],[135.72926,33.49275],[135.71967,33.48819]]}},{"type":"Feature","properties":{"route":"紀勢線","alias":"きのくに線","operator":"西日本旅客鉄道","section":"11"},"geometry":{"type":"LineString","coordinates":[[135.65459,33.5011],[135.64374,33.50278],[135.63984,33.50675],[135.62776,33.51156],[135.61829,33.50647],[135.60678,33.51099],[135.60347,33.50977]]}},{"type":"Feature","properties":{"route":"紀勢線","alias":"きのくに線","operator":"西日本旅客鉄道","section":"11"},"geometry":{"type":"LineString","coordinates":[[135.78186,33.47577],[135.78137,33.47521]]}},{"type":"Feature","properties":{"route":"紀勢線","alias":"きのくに線","operator":"西日本旅客鉄道","section":"11"},"geometry":{"type":"LineString","coordinates":[[135.92187,33.58174],[135.91741,33.5739],[135.90901,33.56669],[135.90389,33.56316],[135.90033,33.56344],[135.89438,33.56076]]}},{"type":"Feature","properties":{"route":"紀勢線","alias":"きのくに線","operator":"西日本旅客鉄道","section":"11"},"geometry":{"type":"LineString","coordinates":[[135.8208,33.51889],[135.82094,33.51779]]}},{"type":"Feature","properties":{"route":"紀勢線","alias":"きのくに線","operator":"西日本旅客鉄道","section":"11"},"geometry":{"type":"LineString","coordinates":[[135.94127,33.62739],[135.94149,33.62867]]}},{"type":"Feature","properties":{"route":"紀勢線","alias":"きのくに線","operator":"西日本旅客鉄道","section":"11"},"geometry":{"type":"LineString","coordinates":[[135.86794,33.53599],[135.8651,33.52897],[135.85963,33.52728],[135.85488,33.52311],[135.85022,33.52324],[135.84288,33.51905],[135.83785,33.52279],[135.83003,33.52506],[135.82197,33.5221],[135.8208,33.51889]]}},{"type":"Feature","properties":{"route":"紀勢線","alias":"きのくに線","operator":"西日本旅客鉄道","section":"11"},"geometry":{"type":"LineString","coordinates":[[135.98535,33.68988],[135.98452,33.68918]]}},{"type":"Feature","properties":{"route":"紀勢線","alias":"きのくに線","operator":"西日本旅客鉄道","section":"11"},"geometry":{"type":"LineString","coordinates":[[135.67794,33.4903],[135.67712,33.4903]]}},{"type":"Feature","properties":{"route":"紀勢線","alias":"きのくに線","operator":"西日本旅客鉄道","section":"11"},"geometry":{"type":"LineString","coordinates":[[135.9278,33.59191],[135.92819,33.60031],[135.92492,33.60911]]}},{"type":"Feature","properties":{"route":"紀勢線","alias":"きのくに線","operator":"西日本旅客鉄道","section":"11"},"geometry":{"type":"LineString","coordinates":[[135.92542,33.61006],[135.93522,33.61637],[135.93648,33.61962],[135.93959,33.62157],[135.94127,33.62739]]}},{"type":"Feature","properties":{"route":"紀勢線","alias":"きのくに線","operator":"西日本旅客鉄道","section":"11"},"geometry":{"type":"LineString","coordinates":[[135.92492,33.60911],[135.92542,33.61006]]}},{"type":"Feature","properties":{"route":"紀勢線","alias":"きのくに線","operator":"西日本旅客鉄道","section":"11"},"geometry":{"type":"LineString","coordinates":[[135.79619,33.49703],[135.79443,33.48952],[135.78186,33.47577]]}},{"type":"Feature","properties":{"route":"紀勢線","alias":"きのくに線","operator":"西日本旅客鉄道","section":"11"},"geometry":{"type":"LineString","coordinates":[[135.93423,33.63738],[135.9362,33.64328]]}},{"type":"Feature","properties":{"route":"紀勢線","alias":"きのくに線","operator":"西日本旅客鉄道","section":"11"},"geometry":{"type":"LineString","coordinates":[[135.71859,33.48797],[135.71024,33.48847],[135.70055,33.49471],[135.69139,33.48965],[135.685,33.49103],[135.67794,33.4903]]}},{"type":"Feature","properties":{"route":"紀勢線","alias":"きのくに線","operator":"西日本旅客鉄道","section":"11"},"geometry":{"type":"LineString","coordinates":[[135.67712,33.4903],[135.66597,33.49413],[135.66146,33.49698],[135.65876,33.50094],[135.65525,33.5012]]}},{"type":"Feature","properties":{"route":"紀勢線","alias":"きのくに線","operator":"西日本旅客鉄道","section":"11"},"geometry":{"type":"LineString","coordinates":[[135.89367,33.5602],[135.88506,33.55309],[135.88038,33.55247],[135.87621,33.55008],[135.87469,33.54729],[135.86918,33.54594],[135.86832,33.53696]]}},{"type":"Feature","properties":{"route":"紀勢線","alias":"きのくに線","operator":"西日本旅客鉄道","section":"11"},"geometry":{"type":"LineString","coordinates":[[135.71967,33.48819],[135.71859,33.48797]]}},{"type":"Feature","properties":{"route":"紀勢線","alias":"きのくに線","operator":"西日本旅客鉄道","section":"11"},"geometry":{"type":"LineString","coordinates":[[135.93678,33.64441],[135.93923,33.64683],[135.95507,33.65058],[135.95901,33.65434],[135.96511,33.65589],[135.96763,33.66069],[135.97199,33.66239]]}},{"type":"Feature","properties":{"route":"紀勢線","alias":"きのくに線","operator":"西日本旅客鉄道","section":"11"},"geometry":{"type":"LineString","coordinates":[[135.38782,33.6773],[135.39004,33.68076],[135.39546,33.68073],[135.39949,33.68298],[135.40837,33.6817],[135.41374,33.6867],[135.41751,33.69624]]}},{"type":"Feature","properties":{"route":"紀勢線","alias":"きのくに線","operator":"西日本旅客鉄道","section":"11"},"geometry":{"type":"LineString","coordinates":[[135.40278,33.72048],[135.40194,33.72149]]}},{"type":"Feature","properties":{"route":"紀勢線","alias":"きのくに線","operator":"西日本旅客鉄道","section":"11"},"geometry":{"type":"LineString","coordinates":[[135.45788,33.58518],[135.45598,33.58658],[135.45004,33.58629],[135.43993,33.59372],[135.43795,33.59724],[135.41816,33.60801],[135.40461,33.6095]]}},{"type":"Feature","properties":{"route":"紀勢線","alias":"きのくに線","operator":"西日本旅客鉄道","section":"11"},"geometry":{"type":"LineString","coordinates":[[135.35555,33.74694],[135.35516,33.74754]]}},{"type":"Feature","properties":{"route":"紀勢線","alias":"きのくに線","operator":"西日本旅客鉄道","section":"11"},"geometry":{"type":"LineString","coordinates":[[135.49572,33.5473],[135.49299,33.55429],[135.49497,33.5616],[135.49501,33.57085],[135.4922,33.57623],[135.47808,33.58323],[135.46808,33.57949],[135.45977,33.58235],[135.45822,33.58462]]}},{"type":"Feature","properties":{"route":"紀勢線","alias":"きのくに線","operator":"西日本旅客鉄道","section":"11"},"geometry":{"type":"LineString","coordinates":[[135.40461,33.6095],[135.40319,33.61041]]}},{"type":"Feature","properties":{"route":"紀勢線","alias":"きのくに線","operator":"西日本旅客鉄道","section":"11"},"geometry":{"type":"LineString","coordinates":[[135.38724,33.67515],[135.38782,33.6773]]}},{"type":"Feature","properties":{"route":"紀勢線","alias":"きのくに線","operator":"西日本旅客鉄道","section":"11"},"geometry":{"type":"LineString","coordinates":[[135.39297,33.65305],[135.38541,33.66263],[135.38724,33.67515]]}},{"type":"Feature","properties":{"route":"紀勢線","alias":"きのくに線","operator":"西日本旅客鉄道","section":"11"},"geometry":{"type":"LineString","coordinates":[[135.40194,33.72149],[135.39997,33.72407],[135.38452,33.73295]]}},{"type":"Feature","properties":{"route":"紀勢線","alias":"きのくに線","operator":"西日本旅客鉄道","section":"11"},"geometry":{"type":"LineString","coordinates":[[135.39395,33.65194],[135.39297,33.65305]]}},{"type":"Feature","properties":{"route":"紀勢線","alias":"きのくに線","operator":"西日本旅客鉄道","section":"11"},"geometry":{"type":"LineString","coordinates":[[135.41751,33.69624],[135.41768,33.69727]]}},{"type":"Feature","properties":{"route":"紀勢線","alias":"きのくに線","operator":"西日本旅客鉄道","section":"11"},"geometry":{"type":"LineString","coordinates":[[135.41768,33.69727],[135.41837,33.70826],[135.41047,33.71325],[135.4084,33.71795],[135.40278,33.72048]]}},{"type":"Feature","properties":{"route":"紀勢線","alias":"きのくに線","operator":"西日本旅客鉄道","section":"11"},"geometry":{"type":"LineString","coordinates":[[135.49579,33.54644],[135.49572,33.5473]]}},{"type":"Feature","properties":{"route":"紀勢線","alias":"きのくに線","operator":"西日本旅客鉄道","section":"11"},"geometry":{"type":"LineString","coordinates":[[135.38295,33.73426],[135.37536,33.73969],[135.36768,33.7356],[135.36209,33.73573],[135.35695,33.74185],[135.35555,33.74694]]}},{"type":"Feature","properties":{"route":"紀勢線","alias":"きのくに線","operator":"西日本旅客鉄道","section":"11"},"geometry":{"type":"LineString","coordinates":[[135.38452,33.73295],[135.38295,33.73426]]}},{"type":"Feature","properties":{"route":"紀勢線","alias":"きのくに線","operator":"西日本旅客鉄道","section":"11"},"geometry":{"type":"LineString","coordinates":[[135.57571,33.51528],[135.57547,33.51593]]}},{"type":"Feature","properties":{"route":"紀勢線","alias":"きのくに線","operator":"西日本旅客鉄道","section":"11"},"geometry":{"type":"LineString","coordinates":[[135.49579,33.54644],[135.4965,33.54339],[135.50519,33.54035],[135.51116,33.53498],[135.53488,33.53422],[135.54627,33.52998],[135.55219,33.52293],[135.55904,33.51837],[135.5654,33.51677],[135.57155,33.51788],[135.57547,33.51593]]}},{"type":"Feature","properties":{"route":"紀勢線","alias":"きのくに線","operator":"西日本旅客鉄道","section":"11"},"geometry":{"type":"LineString","coordinates":[[135.40319,33.61041],[135.39806,33.62809],[135.40268,33.6382],[135.4006,33.64424],[135.39395,33.65194]]}},{"type":"Feature","properties":{"route":"紀勢線","alias":"きのくに線","operator":"西日本旅客鉄道","section":"11"},"geometry":{"type":"LineString","coordinates":[[135.45822,33.58462],[135.45788,33.58518]]}},{"type":"Feature","properties":{"route":"紀勢線","alias":"きのくに線","operator":"西日本旅客鉄道","section":"11"},"geometry":{"type":"LineString","coordinates":[[135.60307,33.5092],[135.59984,33.50761],[135.59252,33.50805],[135.58952,33.51002],[135.57768,33.51242],[135.57571,33.51528]]}},{"type":"Feature","properties":{"route":"紀勢線","alias":"きのくに線","operator":"西日本旅客鉄道","section":"11"},"geometry":{"type":"LineString","coordinates":[[135.19156,34.23162],[135.19123,34.23334]]}},{"type":"Feature","properties":{"route":"紀勢線","alias":"きのくに線","operator":"西日本旅客鉄道","section":"11"},"geometry":{"type":"LineString","coordinates":[[135.19123,34.23334],[135.1905,34.23714]]}},{"type":"Feature","properties":{"route":"紀勢線","alias":"きのくに線","operator":"西日本旅客鉄道","section":"11"},"geometry":{"type":"LineString","coordinates":[[135.17667,33.91111],[135.18551,33.91042],[135.19162,33.90644],[135.19904,33.90822]]}},{"type":"Feature","properties":{"route":"紀勢線","alias":"きのくに線","operator":"西日本旅客鉄道","section":"11"},"geometry":{"type":"LineString","coordinates":[[135.20639,33.89662],[135.20746,33.89762]]}},{"type":"Feature","properties":{"route":"紀勢線","alias":"きのくに線","operator":"西日本旅客鉄道","section":"11"},"geometry":{"type":"LineString","coordinates":[[135.2801,33.78015],[135.2836,33.77557],[135.28922,33.77328],[135.29508,33.77331],[135.29861,33.77496]]}},{"type":"Feature","properties":{"route":"紀勢線","alias":"きのくに線","operator":"西日本旅客鉄道","section":"11"},"geometry":{"type":"LineString","coordinates":[[135.19904,33.90822],[135.20592,33.90676]]}},{"type":"Feature","properties":{"route":"紀勢線","alias":"きのくに線","operator":"西日本旅客鉄道","section":"11"},"geometry":{"type":"LineString","coordinates":[[135.14507,33.9264],[135.14336,33.93155],[135.13505,33.93841]]}},{"type":"Feature","properties":{"route":"紀勢線","alias":"きのくに線","operator":"西日本旅客鉄道","section":"11"},"geometry":{"type":"LineString","coordinates":[[135.19122,34.04936],[135.19676,34.05705]]}},{"type":"Feature","properties":{"route":"紀勢線","alias":"きのくに線","operator":"西日本旅客鉄道","section":"11"},"geometry":{"type":"LineString","coordinates":[[135.1359,34.10813],[135.14492,34.10869]]}},{"type":"Feature","properties":{"route":"紀勢線","alias":"きのくに線","operator":"西日本旅客鉄道","section":"11"},"geometry":{"type":"LineString","coordinates":[[135.21438,34.15536],[135.21184,34.16096]]}},{"type":"Feature","properties":{"route":"紀勢線","alias":"きのくに線","operator":"西日本旅客鉄道","section":"11"},"geometry":{"type":"LineString","coordinates":[[135.11525,34.09931],[135.11332,34.0943],[135.11381,34.09079],[135.11729,34.08755],[135.12327,34.08621]]}},{"type":"Feature","properties":{"route":"紀勢線","alias":"きのくに線","operator":"西日本旅客鉄道","section":"11"},"geometry":{"type":"LineString","coordinates":[[135.17968,34.03165],[135.18068,34.03272]]}},{"type":"Feature","properties":{"route":"紀勢線","alias":"きのくに線","operator":"西日本旅客鉄道","section":"11"},"geometry":{"type":"LineString","coordinates":[[135.21073,34.16884],[135.21184,34.16096]]}},{"type":"Feature","properties":{"route":"紀勢線","alias":"きのくに線","operator":"西日本旅客鉄道","section":"11"},"geometry":{"type":"LineString","coordinates":[[135.18047,34.24191],[135.18226,34.24199]]}},{"type":"Feature","properties":{"route":"紀勢線","alias":"きのくに線","operator":"西日本旅客鉄道","section":"11"},"geometry":{"type":"LineString","coordinates":[[135.20639,33.886],[135.21025,33.87909],[135.21658,33.87364]]}},{"type":"Feature","properties":{"route":"紀勢線","alias":"きのくに線","operator":"西日本旅客鉄道","section":"11"},"geometry":{"type":"LineString","coordinates":[[135.14507,33.9264],[135.1454,33.92527]]}},{"type":"Feature","properties":{"route":"紀勢線","alias":"きのくに線","operator":"西日本旅客鉄道","section":"11"},"geometry":{"type":"LineString","coordinates":[[135.15224,33.98184],[135.15365,33.98389],[135.15353,34.00375]]}},{"type":"Feature","properties":{"route":"紀勢線","alias":"きのくに線","operator":"西日本旅客鉄道","section":"11"},"geometry":{"type":"LineString","coordinates":[[135.19676,34.05705],[135.19754,34.0583]]}},{"type":"Feature","properties":{"route":"紀勢線","alias":"きのくに線","operator":"西日本旅客鉄道","section":"11"},"geometry":{"type":"LineString","coordinates":[[135.20746,33.89762],[135.20996,33.90157],[135.20592,33.90676]]}},{"type":"Feature","properties":{"route":"紀勢線","alias":"きのくに線","operator":"西日本旅客鉄道","section":"11"},"geometry":{"type":"LineString","coordinates":[[135.17968,34.03165],[135.17036,34.01632],[135.1641,34.01285]]}},{"type":"Feature","properties":{"route":"紀勢線","alias":"きのくに線","operator":"西日本旅客鉄道","section":"11"},"geometry":{"type":"LineString","coordinates":[[135.12612,33.96018],[135.12568,33.96551],[135.12764,33.96849]]}},{"type":"Feature","properties":{"route":"紀勢線","alias":"きのくに線","operator":"西日本旅客鉄道","section":"11"},"geometry":{"type":"LineString","coordinates":[[135.18904,34.21378],[135.19258,34.22409],[135.19156,34.23162]]}},{"type":"Feature","properties":{"route":"紀勢線","alias":"きのくに線","operator":"西日本旅客鉄道","section":"11"},"geometry":{"type":"LineString","coordinates":[[135.18068,34.03272],[135.19015,34.04256]]}},{"type":"Feature","properties":{"route":"紀勢線","alias":"きのくに線","operator":"西日本旅客鉄道","section":"11"},"geometry":{"type":"LineString","coordinates":[[135.15353,34.00375],[135.1587,34.007],[135.16061,34.01176],[135.16337,34.01278]]}},{"type":"Feature","properties":{"route":"紀勢線","alias":"きのくに線","operator":"西日本旅客鉄道","section":"11"},"geometry":{"type":"LineString","coordinates":[[135.20639,33.89662],[135.20412,33.89291],[135.20639,33.886]]}},{"type":"Feature","properties":{"route":"紀勢線","alias":"きのくに線","operator":"西日本旅客鉄道","section":"11"},"geometry":{"type":"LineString","coordinates":[[135.32395,33.76794],[135.32479,33.76715]]}},{"type":"Feature","properties":{"route":"紀勢線","alias":"きのくに線","operator":"西日本旅客鉄道","section":"11"},"geometry":{"type":"LineString","coordinates":[[135.16744,34.23697],[135.17362,34.24109],[135.18047,34.24191]]}},{"type":"Feature","properties":{"route":"紀勢線","alias":"きのくに線","operator":"西日本旅客鉄道","section":"11"},"geometry":{"type":"LineString","coordinates":[[135.11525,34.09931],[135.11601,34.10068]]}},{"type":"Feature","properties":{"route":"紀勢線","alias":"きのくに線","operator":"西日本旅客鉄道","section":"11"},"geometry":{"type":"LineString","coordinates":[[135.11601,34.10068],[135.12477,34.10558]]}},{"type":"Feature","properties":{"route":"紀勢線","alias":"きのくに線","operator":"西日本旅客鉄道","section":"11"},"geometry":{"type":"LineString","coordinates":[[135.19904,33.90822],[135.20592,33.90676]]}},{"type":"Feature","properties":{"route":"紀勢線","alias":"きのくに線","operator":"西日本旅客鉄道","section":"11"},"geometry":{"type":"LineString","coordinates":[[135.1613,34.12623],[135.16735,34.12855]]}},{"type":"Feature","properties":{"route":"紀勢線","alias":"きのくに線","operator":"西日本旅客鉄道","section":"11"},"geometry":{"type":"LineString","coordinates":[[135.24116,33.79767],[135.24023,33.80294],[135.22684,33.80683],[135.22003,33.8179]]}},{"type":"Feature","properties":{"route":"紀勢線","alias":"きのくに線","operator":"西日本旅客鉄道","section":"11"},"geometry":{"type":"LineString","coordinates":[[135.15224,33.98184],[135.15323,33.98383],[135.15208,34.0016],[135.15353,34.00375]]}},{"type":"Feature","properties":{"route":"紀勢線","alias":"きのくに線","operator":"西日本旅客鉄道","section":"11"},"geometry":{"type":"LineString","coordinates":[[135.18878,34.21303],[135.18904,34.21378]]}},{"type":"Feature","properties":{"route":"紀勢線","alias":"きのくに線","operator":"西日本旅客鉄道","section":"11"},"geometry":{"type":"LineString","coordinates":[[135.17496,33.91118],[135.1597,33.90802]]}},{"type":"Feature","properties":{"route":"紀勢線","alias":"きのくに線","operator":"西日本旅客鉄道","section":"11"},"geometry":{"type":"LineString","coordinates":[[135.21073,34.16884],[135.21184,34.16096]]}},{"type":"Feature","properties":{"route":"紀勢線","alias":"きのくに線","operator":"西日本旅客鉄道","section":"11"},"geometry":{"type":"LineString","coordinates":[[135.18755,34.18704],[135.18763,34.18839]]}},{"type":"Feature","properties":{"route":"紀勢線","alias":"きのくに線","operator":"西日本旅客鉄道","section":"11"},"geometry":{"type":"LineString","coordinates":[[135.24093,33.7959],[135.24116,33.79767]]}},{"type":"Feature","properties":{"route":"紀勢線","alias":"きのくに線","operator":"西日本旅客鉄道","section":"11"},"geometry":{"type":"LineString","coordinates":[[135.17687,34.13915],[135.18457,34.14199],[135.19304,34.14201]]}},{"type":"Feature","properties":{"route":"紀勢線","alias":"きのくに線","operator":"西日本旅客鉄道","section":"11"},"geometry":{"type":"LineString","coordinates":[[135.21452,34.15375],[135.21438,34.15536]]}},{"type":"Feature","properties":{"route":"紀勢線","alias":"きのくに線","operator":"西日本旅客鉄道","section":"11"},"geometry":{"type":"LineString","coordinates":[[135.19017,34.23904],[135.1905,34.23714]]}},{"type":"Feature","properties":{"route":"紀勢線","alias":"きのくに線","operator":"西日本旅客鉄道","section":"11"},"geometry":{"type":"LineString","coordinates":[[135.18226,34.24199],[135.18762,34.24184],[135.19017,34.23904]]}},{"type":"Feature","properties":{"route":"紀勢線","alias":"きのくに線","operator":"西日本旅客鉄道","section":"11"},"geometry":{"type":"LineString","coordinates":[[135.12482,34.08597],[135.16916,34.07808]]}},{"type":"Feature","properties":{"route":"紀勢線","alias":"きのくに線","operator":"西日本旅客鉄道","section":"11"},"geometry":{"type":"LineString","coordinates":[[135.17081,34.07782],[135.17772,34.07659],[135.19032,34.07088],[135.19884,34.06391],[135.19754,34.0583]]}},{"type":"Feature","properties":{"route":"紀勢線","alias":"きのくに線","operator":"西日本旅客鉄道","section":"11"},"geometry":{"type":"LineString","coordinates":[[135.22907,33.85232],[135.23031,33.85318]]}},{"type":"Feature","properties":{"route":"紀勢線","alias":"きのくに線","operator":"西日本旅客鉄道","section":"11"},"geometry":{"type":"LineString","coordinates":[[135.18763,34.18839],[135.18901,34.19727],[135.18696,34.20147],[135.18679,34.20701],[135.18878,34.21303]]}},{"type":"Feature","properties":{"route":"紀勢線","alias":"きのくに線","operator":"西日本旅客鉄道","section":"11"},"geometry":{"type":"LineString","coordinates":[[135.30837,33.77596],[135.31703,33.77424],[135.32395,33.76794]]}},{"type":"Feature","properties":{"route":"紀勢線","alias":"きのくに線","operator":"西日本旅客鉄道","section":"11"},"geometry":{"type":"LineString","coordinates":[[135.35516,33.74754],[135.34941,33.75215],[135.33208,33.75971],[135.32479,33.76715]]}},{"type":"Feature","properties":{"route":"紀勢線","alias":"きのくに線","operator":"西日本旅客鉄道","section":"11"},"geometry":{"type":"LineString","coordinates":[[135.1641,34.01285],[135.16337,34.01278]]}},{"type":"Feature","properties":{"route":"紀勢線","alias":"きのくに線","operator":"西日本旅客鉄道","section":"11"},"geometry":{"type":"LineString","coordinates":[[135.17667,33.91111],[135.17496,33.91118]]}},{"type":"Feature","properties":{"route":"紀勢線","alias":"きのくに線","operator":"西日本旅客鉄道","section":"11"},"geometry":{"type":"LineString","coordinates":[[135.21039,34.1703],[135.21073,34.16884]]}},{"type":"Feature","properties":{"route":"紀勢線","alias":"きのくに線","operator":"西日本旅客鉄道","section":"11"},"geometry":{"type":"LineString","coordinates":[[135.27903,33.78065],[135.2801,33.78015]]}},{"type":"Feature","properties":{"route":"紀勢線","alias":"きのくに線","operator":"西日本旅客鉄道","section":"11"},"geometry":{"type":"LineString","coordinates":[[135.19437,34.14192],[135.20518,34.14464]]}},{"type":"Feature","properties":{"route":"紀勢線","alias":"きのくに線","operator":"西日本旅客鉄道","section":"11"},"geometry":{"type":"LineString","coordinates":[[135.19015,34.04256],[135.18953,34.04662],[135.19122,34.04936]]}},{"type":"Feature","properties":{"route":"紀勢線","alias":"きのくに線","operator":"西日本旅客鉄道","section":"11"},"geometry":{"type":"LineString","coordinates":[[135.19304,34.14201],[135.19395,34.14194]]}},{"type":"Feature","properties":{"route":"紀勢線","alias":"きのくに線","operator":"西日本旅客鉄道","section":"11"},"geometry":{"type":"LineString","coordinates":[[135.24093,33.7959],[135.23983,33.7923],[135.23531,33.78872],[135.23554,33.78383],[135.23788,33.78176],[135.27007,33.78327],[135.27903,33.78065]]}},{"type":"Feature","properties":{"route":"紀勢線","alias":"きのくに線","operator":"西日本旅客鉄道","section":"11"},"geometry":{"type":"LineString","coordinates":[[135.15961,34.12565],[135.15479,34.12239],[135.15316,34.11151],[135.14654,34.10908]]}},{"type":"Feature","properties":{"route":"紀勢線","alias":"きのくに線","operator":"西日本旅客鉄道","section":"11"},"geometry":{"type":"LineString","coordinates":[[135.12477,34.10558],[135.1359,34.10813]]}},{"type":"Feature","properties":{"route":"紀勢線","alias":"きのくに線","operator":"西日本旅客鉄道","section":"11"},"geometry":{"type":"LineString","coordinates":[[135.20976,34.1715],[135.20612,34.17616],[135.18884,34.17788],[135.18755,34.18704]]}},{"type":"Feature","properties":{"route":"紀勢線","alias":"きのくに線","operator":"西日本旅客鉄道","section":"11"},"geometry":{"type":"LineString","coordinates":[[135.16638,34.23622],[135.16744,34.23697]]}},{"type":"Feature","properties":{"route":"紀勢線","alias":"きのくに線","operator":"西日本旅客鉄道","section":"11"},"geometry":{"type":"LineString","coordinates":[[135.29861,33.77496],[135.30837,33.77596]]}},{"type":"Feature","properties":{"route":"紀勢線","alias":"きのくに線","operator":"西日本旅客鉄道","section":"11"},"geometry":{"type":"LineString","coordinates":[[135.22003,33.8179],[135.21968,33.8193]]}},{"type":"Feature","properties":{"route":"紀勢線","alias":"きのくに線","operator":"西日本旅客鉄道","section":"11"},"geometry":{"type":"LineString","coordinates":[[135.1597,33.90802],[135.15776,33.90745]]}},{"type":"Feature","properties":{"route":"紀勢線","alias":"きのくに線","operator":"西日本旅客鉄道","section":"11"},"geometry":{"type":"LineString","coordinates":[[135.16735,34.12855],[135.17009,34.13003],[135.1717,34.1344],[135.17687,34.13915]]}},{"type":"Feature","properties":{"route":"紀勢線","alias":"きのくに線","operator":"西日本旅客鉄道","section":"11"},"geometry":{"type":"LineString","coordinates":[[135.23031,33.85318],[135.23287,33.8549],[135.23325,33.85745],[135.22723,33.86148],[135.22609,33.86868],[135.21658,33.87364]]}},{"type":"Feature","properties":{"route":"紀勢線","alias":"きのくに線","operator":"西日本旅客鉄道","section":"11"},"geometry":{"type":"LineString","coordinates":[[135.12889,33.96943],[135.14179,33.9735],[135.15224,33.98184]]}},{"type":"Feature","properties":{"route":"紀勢線","alias":"きのくに線","operator":"西日本旅客鉄道","section":"11"},"geometry":{"type":"LineString","coordinates":[[135.19015,34.04256],[135.19122,34.04936]]}},{"type":"Feature","properties":{"route":"紀勢線","alias":"きのくに線","operator":"西日本旅客鉄道","section":"11"},"geometry":{"type":"LineString","coordinates":[[135.14492,34.10869],[135.14654,34.10908]]}},{"type":"Feature","properties":{"route":"紀勢線","alias":"きのくに線","operator":"西日本旅客鉄道","section":"11"},"geometry":{"type":"LineString","coordinates":[[135.20639,33.886],[135.20528,33.87759],[135.21658,33.87364]]}},{"type":"Feature","properties":{"route":"紀勢線","alias":"きのくに線","operator":"西日本旅客鉄道","section":"11"},"geometry":{"type":"LineString","coordinates":[[135.12482,34.08597],[135.12327,34.08621]]}},{"type":"Feature","properties":{"route":"紀勢線","alias":"きのくに線","operator":"西日本旅客鉄道","section":"11"},"geometry":{"type":"LineString","coordinates":[[135.21968,33.8193],[135.22025,33.82234],[135.22438,33.82604],[135.22255,33.8362],[135.22506,33.84655],[135.22907,33.85232]]}},{"type":"Feature","properties":{"route":"紀勢線","alias":"きのくに線","operator":"西日本旅客鉄道","section":"11"},"geometry":{"type":"LineString","coordinates":[[135.15776,33.90745],[135.15295,33.90694],[135.15036,33.90941],[135.1454,33.92527]]}},{"type":"Feature","properties":{"route":"紀勢線","alias":"きのくに線","operator":"西日本旅客鉄道","section":"11"},"geometry":{"type":"LineString","coordinates":[[135.19437,34.14192],[135.20016,34.14228],[135.20518,34.14464]]}},{"type":"Feature","properties":{"route":"紀勢線","alias":"きのくに線","operator":"西日本旅客鉄道","section":"11"},"geometry":{"type":"LineString","coordinates":[[135.29861,33.77496],[135.30837,33.77596]]}},{"type":"Feature","properties":{"route":"紀勢線","alias":"きのくに線","operator":"西日本旅客鉄道","section":"11"},"geometry":{"type":"LineString","coordinates":[[135.15961,34.12565],[135.1613,34.12623]]}},{"type":"Feature","properties":{"route":"紀勢線","alias":"きのくに線","operator":"西日本旅客鉄道","section":"11"},"geometry":{"type":"LineString","coordinates":[[135.19395,34.14194],[135.19437,34.14192]]}},{"type":"Feature","properties":{"route":"紀勢線","alias":"きのくに線","operator":"西日本旅客鉄道","section":"11"},"geometry":{"type":"LineString","coordinates":[[135.12889,33.96943],[135.12764,33.96849]]}},{"type":"Feature","properties":{"route":"紀勢線","alias":"きのくに線","operator":"西日本旅客鉄道","section":"11"},"geometry":{"type":"LineString","coordinates":[[135.20518,34.14464],[135.21269,34.14677],[135.21472,34.14959],[135.21452,34.15375]]}},{"type":"Feature","properties":{"route":"紀勢線","alias":"きのくに線","operator":"西日本旅客鉄道","section":"11"},"geometry":{"type":"LineString","coordinates":[[135.16735,34.12855],[135.17687,34.13915]]}},{"type":"Feature","properties":{"route":"紀勢線","alias":"きのくに線","operator":"西日本旅客鉄道","section":"11"},"geometry":{"type":"LineString","coordinates":[[135.21039,34.1703],[135.20976,34.1715]]}},{"type":"Feature","properties":{"route":"紀勢線","alias":"きのくに線","operator":"西日本旅客鉄道","section":"11"},"geometry":{"type":"LineString","coordinates":[[135.16916,34.07808],[135.17081,34.07782]]}},{"type":"Feature","properties":{"route":"紀勢線","alias":"きのくに線","operator":"西日本旅客鉄道","section":"11"},"geometry":{"type":"LineString","coordinates":[[135.12612,33.96018],[135.13505,33.93841]]}},{"type":"Feature","properties":{"route":"紀勢線","alias":"きのくに線","operator":"西日本旅客鉄道","section":"11"},"geometry":{"type":"LineString","coordinates":[[135.12477,34.10558],[135.1359,34.10813]]}},{"type":"Feature","properties":{"route":"紀勢線","alias":"きのくに線","operator":"西日本旅客鉄道","section":"11"},"geometry":{"type":"LineString","coordinates":[[135.12612,33.96018],[135.13505,33.93841]]}},{"type":"Feature","properties":{"route":"湖西線","alias":"湖西線","operator":"西日本旅客鉄道","section":"11"},"geometry":{"type":"LineString","coordinates":[[136.12342,35.49953],[136.15232,35.51818],[136.15466,35.52954],[136.15234,35.53692]]}},{"type":"Feature","properties":{"route":"湖西線","alias":"湖西線","operator":"西日本旅客鉄道","section":"11"},"geometry":{"type":"LineString","coordinates":[[136.06081,35.46175],[136.05828,35.46057]]}},{"type":"Feature","properties":{"route":"湖西線","alias":"湖西線","operator":"西日本旅客鉄道","section":"11"},"geometry":{"type":"LineString","coordinates":[[136.12113,35.49805],[136.10404,35.48681],[136.0796,35.4765],[136.07019,35.46654],[136.06081,35.46175]]}},{"type":"Feature","properties":{"route":"湖西線","alias":"湖西線","operator":"西日本旅客鉄道","section":"11"},"geometry":{"type":"LineString","coordinates":[[136.12113,35.49805],[136.12342,35.49953]]}},{"type":"Feature","properties":{"route":"湖西線","alias":"湖西線","operator":"西日本旅客鉄道","section":"11"},"geometry":{"type":"LineString","coordinates":[[136.15185,35.53837],[136.15092,35.54105]]}},{"type":"Feature","properties":{"route":"湖西線","alias":"湖西線","operator":"西日本旅客鉄道","section":"11"},"geometry":{"type":"LineString","coordinates":[[136.15185,35.53837],[136.15234,35.53692]]}},{"type":"Feature","properties":{"route":"湖西線","alias":"湖西線","operator":"西日本旅客鉄道","section":"11"},"geometry":{"type":"LineString","coordinates":[[136.02023,35.32916],[136.02215,35.33458],[136.03538,35.35474]]}},{"type":"Feature","properties":{"route":"湖西線","alias":"湖西線","operator":"西日本旅客鉄道","section":"11"},"geometry":{"type":"LineString","coordinates":[[136.00951,35.29389],[136.0108,35.29168]]}},{"type":"Feature","properties":{"route":"湖西線","alias":"湖西線","operator":"西日本旅客鉄道","section":"11"},"geometry":{"type":"LineString","coordinates":[[136.02023,35.32916],[136.01953,35.32674]]}},{"type":"Feature","properties":{"route":"湖西線","alias":"湖西線","operator":"西日本旅客鉄道","section":"11"},"geometry":{"type":"LineString","coordinates":[[135.96925,35.25248],[135.97092,35.2542]]}},{"type":"Feature","properties":{"route":"湖西線","alias":"湖西線","operator":"西日本旅客鉄道","section":"11"},"geometry":{"type":"LineString","coordinates":[[136.0108,35.29168],[136.01358,35.28395],[136.01023,35.27624],[135.99338,35.26977],[135.97092,35.2542]]}},{"type":"Feature","properties":{"route":"湖西線","alias":"湖西線","operator":"西日本旅客鉄道","section":"11"},"geometry":{"type":"LineString","coordinates":[[136.05828,35.46057],[136.04279,35.4526],[136.03961,35.44773],[136.03865,35.44143]]}},{"type":"Feature","properties":{"route":"湖西線","alias":"湖西線","operator":"西日本旅客鉄道","section":"11"},"geometry":{"type":"LineString","coordinates":[[136.03188,35.39683],[136.03277,35.39958]]}},{"type":"Feature","properties":{"route":"湖西線","alias":"湖西線","operator":"西日本旅客鉄道","section":"11"},"geometry":{"type":"LineString","coordinates":[[136.01953,35.32674],[136.01372,35.30747],[136.00878,35.29857],[136.00951,35.29389]]}},{"type":"Feature","properties":{"route":"湖西線","alias":"湖西線","operator":"西日本旅客鉄道","section":"11"},"geometry":{"type":"LineString","coordinates":[[136.03576,35.35623],[136.03419,35.37886],[136.03048,35.39048],[136.03188,35.39683]]}},{"type":"Feature","properties":{"route":"湖西線","alias":"湖西線","operator":"西日本旅客鉄道","section":"11"},"geometry":{"type":"LineString","coordinates":[[136.03865,35.44143],[136.03847,35.43978]]}},{"type":"Feature","properties":{"route":"湖西線","alias":"湖西線","operator":"西日本旅客鉄道","section":"11"},"geometry":{"type":"LineString","coordinates":[[136.03847,35.43978],[136.03471,35.40559],[136.03277,35.39958]]}},{"type":"Feature","properties":{"route":"湖西線","alias":"湖西線","operator":"西日本旅客鉄道","section":"11"},"geometry":{"type":"LineString","coordinates":[[136.03538,35.35474],[136.03576,35.35623]]}},{"type":"Feature","properties":{"route":"湖西線","alias":"湖西線","operator":"西日本旅客鉄道","section":"11"},"geometry":{"type":"LineString","coordinates":[[135.8181,34.99264],[135.81506,34.99256]]}},{"type":"Feature","properties":{"route":"湖西線","alias":"湖西線","operator":"西日本旅客鉄道","section":"11"},"geometry":{"type":"LineString","coordinates":[[135.82233,34.99268],[135.8181,34.99264]]}},{"type":"Feature","properties":{"route":"湖西線","alias":"湖西線","operator":"西日本旅客鉄道","section":"11"},"geometry":{"type":"LineString","coordinates":[[135.95998,35.23721],[135.96396,35.2462],[135.96925,35.25248]]}},{"type":"Feature","properties":{"route":"湖西線","alias":"湖西線","operator":"西日本旅客鉄道","section":"11"},"geometry":{"type":"LineString","coordinates":[[135.86767,35.05029],[135.8733,35.05556],[135.87794,35.06972]]}},{"type":"Feature","properties":{"route":"湖西線","alias":"湖西線","operator":"西日本旅客鉄道","section":"11"},"geometry":{"type":"LineString","coordinates":[[135.95877,35.2355],[135.95998,35.23721]]}},{"type":"Feature","properties":{"route":"湖西線","alias":"湖西線","operator":"西日本旅客鉄道","section":"11"},"geometry":{"type":"LineString","coordinates":[[135.92415,35.20137],[135.92569,35.20331]]}},{"type":"Feature","properties":{"route":"湖西線","alias":"湖西線","operator":"西日本旅客鉄道","section":"11"},"geometry":{"type":"LineString","coordinates":[[135.85612,35.0235],[135.85089,35.01895],[135.83892,35.00115],[135.82807,34.99381],[135.82233,34.99268]]}},{"type":"Feature","properties":{"route":"湖西線","alias":"湖西線","operator":"西日本旅客鉄道","section":"11"},"geometry":{"type":"LineString","coordinates":[[135.87885,35.07185],[135.88601,35.08655],[135.89368,35.09598]]}},{"type":"Feature","properties":{"route":"湖西線","alias":"湖西線","operator":"西日本旅客鉄道","section":"11"},"geometry":{"type":"LineString","coordinates":[[135.91501,35.18171],[135.91525,35.18339]]}},{"type":"Feature","properties":{"route":"湖西線","alias":"湖西線","operator":"西日本旅客鉄道","section":"11"},"geometry":{"type":"LineString","coordinates":[[135.89551,35.09788],[135.91436,35.11999]]}},{"type":"Feature","properties":{"route":"湖西線","alias":"湖西線","operator":"西日本旅客鉄道","section":"11"},"geometry":{"type":"LineString","coordinates":[[135.94316,35.21915],[135.94497,35.22077]]}},{"type":"Feature","properties":{"route":"湖西線","alias":"湖西線","operator":"西日本旅客鉄道","section":"11"},"geometry":{"type":"LineString","coordinates":[[135.92168,35.16264],[135.91501,35.17278],[135.91501,35.18171]]}},{"type":"Feature","properties":{"route":"湖西線","alias":"湖西線","operator":"西日本旅客鉄道","section":"11"},"geometry":{"type":"LineString","coordinates":[[135.91436,35.11999],[135.91584,35.12204]]}},{"type":"Feature","properties":{"route":"湖西線","alias":"湖西線","operator":"西日本旅客鉄道","section":"11"},"geometry":{"type":"LineString","coordinates":[[135.92569,35.20331],[135.93447,35.2094],[135.94316,35.21915]]}},{"type":"Feature","properties":{"route":"湖西線","alias":"湖西線","operator":"西日本旅客鉄道","section":"11"},"geometry":{"type":"LineString","coordinates":[[135.87794,35.06972],[135.87885,35.07185]]}},{"type":"Feature","properties":{"route":"湖西線","alias":"湖西線","operator":"西日本旅客鉄道","section":"11"},"geometry":{"type":"LineString","coordinates":[[135.94497,35.22077],[135.95362,35.2285],[135.95877,35.2355]]}},{"type":"Feature","properties":{"route":"湖西線","alias":"湖西線","operator":"西日本旅客鉄道","section":"11"},"geometry":{"type":"LineString","coordinates":[[135.91525,35.18339],[135.92415,35.20137]]}},{"type":"Feature","properties":{"route":"湖西線","alias":"湖西線","operator":"西日本旅客鉄道","section":"11"},"geometry":{"type":"LineString","coordinates":[[135.8584,35.02532],[135.85612,35.0235]]}},{"type":"Feature","properties":{"route":"湖西線","alias":"湖西線","operator":"西日本旅客鉄道","section":"11"},"geometry":{"type":"LineString","coordinates":[[135.89368,35.09598],[135.89551,35.09788]]}},{"type":"Feature","properties":{"route":"湖西線","alias":"湖西線","operator":"西日本旅客鉄道","section":"11"},"geometry":{"type":"LineString","coordinates":[[135.86626,35.04931],[135.86155,35.04323],[135.86181,35.03145],[135.8584,35.02532]]}},{"type":"Feature","properties":{"route":"湖西線","alias":"湖西線","operator":"西日本旅客鉄道","section":"11"},"geometry":{"type":"LineString","coordinates":[[135.92256,35.13815],[135.92281,35.13954]]}},{"type":"Feature","properties":{"route":"湖西線","alias":"湖西線","operator":"西日本旅客鉄道","section":"11"},"geometry":{"type":"LineString","coordinates":[[135.91584,35.12204],[135.92008,35.12821],[135.92256,35.13815]]}},{"type":"Feature","properties":{"route":"湖西線","alias":"湖西線","operator":"西日本旅客鉄道","section":"11"},"geometry":{"type":"LineString","coordinates":[[135.92281,35.13954],[135.92477,35.15318],[135.92305,35.16042]]}},{"type":"Feature","properties":{"route":"湖西線","alias":"湖西線","operator":"西日本旅客鉄道","section":"11"},"geometry":{"type":"LineString","coordinates":[[135.86767,35.05029],[135.86626,35.04931]]}},{"type":"Feature","properties":{"route":"湖西線","alias":"湖西線","operator":"西日本旅客鉄道","section":"11"},"geometry":{"type":"LineString","coordinates":[[135.92305,35.16042],[135.92168,35.16264]]}},{"type":"Feature","properties":{"route":"阪和線","alias":"阪和線","operator":"西日本旅客鉄道","section":"11"},"geometry":{"type":"LineString","coordinates":[[135.33087,34.38997],[135.3317,34.39149]]}},{"type":"Feature","properties":{"route":"阪和線","alias":"阪和線","operator":"西日本旅客鉄道","section":"11"},"geometry":{"type":"LineString","coordinates":[[135.3851,34.44884],[135.37364,34.4405]]}},{"type":"Feature","properties":{"route":"阪和線","alias":"阪和線","operator":"西日本旅客鉄道","section":"11"},"geometry":{"type":"LineString","coordinates":[[135.46879,34.54268],[135.46771,34.54188]]}},{"type":"Feature","properties":{"route":"阪和線","alias":"阪和線","operator":"西日本旅客鉄道","section":"11"},"geometry":{"type":"LineString","coordinates":[[135.44195,34.51116],[135.44092,34.50992]]}},{"type":"Feature","properties":{"route":"阪和線","alias":"阪和線","operator":"西日本旅客鉄道","section":"11"},"geometry":{"type":"LineString","coordinates":[[135.42441,34.48873],[135.42333,34.48724]]}},{"type":"Feature","properties":{"route":"阪和線","alias":"阪和線","operator":"西日本旅客鉄道","section":"11"},"geometry":{"type":"LineString","coordinates":[[135.47893,34.55003],[135.47712,34.54875]]}},{"type":"Feature","properties":{"route":"阪和線","alias":"阪和線","operator":"西日本旅客鉄道","section":"11"},"geometry":{"type":"LineString","coordinates":[[135.39648,34.45698],[135.38655,34.44981]]}},{"type":"Feature","properties":{"route":"阪和線","alias":"阪和線","operator":"西日本旅客鉄道","section":"11"},"geometry":{"type":"LineString","coordinates":[[135.35911,34.42768],[135.35854,34.42692]]}},{"type":"Feature","properties":{"route":"阪和線","alias":"阪和線","operator":"西日本旅客鉄道","section":"11"},"geometry":{"type":"LineString","coordinates":[[135.34966,34.41619],[135.35042,34.41708]]}},{"type":"Feature","properties":{"route":"阪和線","alias":"阪和線","operator":"西日本旅客鉄道","section":"11"},"geometry":{"type":"LineString","coordinates":[[135.45883,34.53233],[135.46014,34.53342]]}},{"type":"Feature","properties":{"route":"阪和線","alias":"阪和線","operator":"西日本旅客鉄道","section":"11"},"geometry":{"type":"LineString","coordinates":[[135.51217,34.60996],[135.51286,34.61108]]}},{"type":"Feature","properties":{"route":"阪和線","alias":"阪和線","operator":"西日本旅客鉄道","section":"11"},"geometry":{"type":"LineString","coordinates":[[135.52106,34.62601],[135.52361,34.63193],[135.52378,34.63804]]}},{"type":"Feature","properties":{"route":"阪和線","alias":"阪和線","operator":"西日本旅客鉄道","section":"11"},"geometry":{"type":"LineString","coordinates":[[135.50255,34.58581],[135.50241,34.58478]]}},{"type":"Feature","properties":{"route":"阪和線","alias":"阪和線","operator":"西日本旅客鉄道","section":"11"},"geometry":{"type":"LineString","coordinates":[[135.37364,34.4405],[135.37243,34.4396]]}},{"type":"Feature","properties":{"route":"阪和線","alias":"阪和線","operator":"西日本旅客鉄道","section":"11"},"geometry":{"type":"LineString","coordinates":[[135.39739,34.45788],[135.39648,34.45698]]}},{"type":"Feature","properties":{"route":"阪和線","alias":"阪和線","operator":"西日本旅客鉄道","section":"11"},"geometry":{"type":"LineString","coordinates":[[135.49902,34.57827],[135.50241,34.58478]]}},{"type":"Feature","properties":{"route":"阪和線","alias":"阪和線","operator":"西日本旅客鉄道","section":"11"},"geometry":{"type":"LineString","coordinates":[[135.37243,34.4396],[135.36265,34.43236],[135.35911,34.42768]]}},{"type":"Feature","properties":{"route":"阪和線","alias":"阪和線","operator":"西日本旅客鉄道","section":"11"},"geometry":{"type":"LineString","coordinates":[[135.40502,34.46523],[135.39739,34.45788]]}},{"type":"Feature","properties":{"route":"阪和線","alias":"阪和線","operator":"西日本旅客鉄道","section":"11"},"geometry":{"type":"LineString","coordinates":[[135.44311,34.53482],[135.45503,34.53095],[135.4583,34.53169]]}},{"type":"Feature","properties":{"route":"阪和線","alias":"阪和線","operator":"西日本旅客鉄道","section":"11"},"geometry":{"type":"LineString","coordinates":[[135.49902,34.57827],[135.49832,34.57697]]}},{"type":"Feature","properties":{"route":"阪和線","alias":"阪和線","operator":"西日本旅客鉄道","section":"11"},"geometry":{"type":"LineString","coordinates":[[135.3317,34.39149],[135.34063,34.40558]]}},{"type":"Feature","properties":{"route":"阪和線","alias":"阪和線","operator":"西日本旅客鉄道","section":"11"},"geometry":{"type":"LineString","coordinates":[[135.45954,34.5327],[135.46014,34.53342]]}},{"type":"Feature","properties":{"route":"阪和線","alias":"阪和線","operator":"西日本旅客鉄道","section":"11"},"geometry":{"type":"LineString","coordinates":[[135.43346,34.50089],[135.43247,34.49963]]}},{"type":"Feature","properties":{"route":"阪和線","alias":"阪和線","operator":"西日本旅客鉄道","section":"11"},"geometry":{"type":"LineString","coordinates":[[135.49299,34.56667],[135.49255,34.56573]]}},{"type":"Feature","properties":{"route":"阪和線","alias":"阪和線","operator":"西日本旅客鉄道","section":"11"},"geometry":{"type":"LineString","coordinates":[[135.51286,34.61108],[135.51675,34.6174]]}},{"type":"Feature","properties":{"route":"阪和線","alias":"阪和線","operator":"西日本旅客鉄道","section":"11"},"geometry":{"type":"LineString","coordinates":[[135.48875,34.55787],[135.47893,34.55003]]}},{"type":"Feature","properties":{"route":"阪和線","alias":"阪和線","operator":"西日本旅客鉄道","section":"11"},"geometry":{"type":"LineString","coordinates":[[135.45078,34.52198],[135.44195,34.51116]]}},{"type":"Feature","properties":{"route":"阪和線","alias":"阪和線","operator":"西日本旅客鉄道","section":"11"},"geometry":{"type":"LineString","coordinates":[[135.50654,34.60168],[135.50753,34.6029]]}},{"type":"Feature","properties":{"route":"阪和線","alias":"阪和線","operator":"西日本旅客鉄道","section":"11"},"geometry":{"type":"LineString","coordinates":[[135.45954,34.5327],[135.45817,34.53101]]}},{"type":"Feature","properties":{"route":"阪和線","alias":"阪和線","operator":"西日本旅客鉄道","section":"11"},"geometry":{"type":"LineString","coordinates":[[135.51745,34.61865],[135.52069,34.62511]]}},{"type":"Feature","properties":{"route":"阪和線","alias":"阪和線","operator":"西日本旅客鉄道","section":"11"},"geometry":{"type":"LineString","coordinates":[[135.5161,34.64707],[135.5145,34.64756]]}},{"type":"Feature","properties":{"route":"阪和線","alias":"阪和線","operator":"西日本旅客鉄道","section":"11"},"geometry":{"type":"LineString","coordinates":[[135.52378,34.63804],[135.52378,34.63922]]}},{"type":"Feature","properties":{"route":"阪和線","alias":"阪和線","operator":"西日本旅客鉄道","section":"11"},"geometry":{"type":"LineString","coordinates":[[135.43247,34.49963],[135.42441,34.48873]]}},{"type":"Feature","properties":{"route":"阪和線","alias":"阪和線","operator":"西日本旅客鉄道","section":"11"},"geometry":{"type":"LineString","coordinates":[[135.52069,34.62511],[135.52106,34.62601]]}},{"type":"Feature","properties":{"route":"阪和線","alias":"阪和線","operator":"西日本旅客鉄道","section":"11"},"geometry":{"type":"LineString","coordinates":[[135.50297,34.59238],[135.50307,34.59364]]}},{"type":"Feature","properties":{"route":"阪和線","alias":"阪和線","operator":"西日本旅客鉄道","section":"11"},"geometry":{"type":"LineString","coordinates":[[135.48953,34.55921],[135.48875,34.55787]]}},{"type":"Feature","properties":{"route":"阪和線","alias":"阪和線","operator":"西日本旅客鉄道","section":"11"},"geometry":{"type":"LineString","coordinates":[[135.47712,34.54875],[135.46879,34.54268]]}},{"type":"Feature","properties":{"route":"阪和線","alias":"阪和線","operator":"西日本旅客鉄道","section":"11"},"geometry":{"type":"LineString","coordinates":[[135.46771,34.54188],[135.46014,34.53342]]}},{"type":"Feature","properties":{"route":"阪和線","alias":"阪和線","operator":"西日本旅客鉄道","section":"11"},"geometry":{"type":"LineString","coordinates":[[135.32854,34.38756],[135.33087,34.38997]]}},{"type":"Feature","properties":{"route":"阪和線","alias":"阪和線","operator":"西日本旅客鉄道","section":"11"},"geometry":{"type":"LineString","coordinates":[[135.50255,34.58581],[135.50297,34.59238]]}},{"type":"Feature","properties":{"route":"阪和線","alias":"阪和線","operator":"西日本旅客鉄道","section":"11"},"geometry":{"type":"LineString","coordinates":[[135.44249,34.53519],[135.44311,34.53482]]}},{"type":"Feature","properties":{"route":"阪和線","alias":"阪和線","operator":"西日本旅客鉄道","section":"11"},"geometry":{"type":"LineString","coordinates":[[135.3418,34.407],[135.34966,34.41619]]}},{"type":"Feature","properties":{"route":"阪和線","alias":"阪和線","operator":"西日本旅客鉄道","section":"11"},"geometry":{"type":"LineString","coordinates":[[135.42333,34.48724],[135.41318,34.47322],[135.40597,34.46614]]}},{"type":"Feature","properties":{"route":"阪和線","alias":"阪和線","operator":"西日本旅客鉄道","section":"11"},"geometry":{"type":"LineString","coordinates":[[135.45817,34.53101],[135.45166,34.52306]]}},{"type":"Feature","properties":{"route":"阪和線","alias":"阪和線","operator":"西日本旅客鉄道","section":"11"},"geometry":{"type":"LineString","coordinates":[[135.40597,34.46614],[135.40502,34.46523]]}},{"type":"Feature","properties":{"route":"阪和線","alias":"阪和線","operator":"西日本旅客鉄道","section":"11"},"geometry":{"type":"LineString","coordinates":[[135.50307,34.59364],[135.50654,34.60168]]}},{"type":"Feature","properties":{"route":"阪和線","alias":"阪和線","operator":"西日本旅客鉄道","section":"11"},"geometry":{"type":"LineString","coordinates":[[135.44092,34.50992],[135.43346,34.50089]]}},{"type":"Feature","properties":{"route":"阪和線","alias":"阪和線","operator":"西日本旅客鉄道","section":"11"},"geometry":{"type":"LineString","coordinates":[[135.4583,34.53169],[135.45883,34.53233]]}},{"type":"Feature","properties":{"route":"阪和線","alias":"阪和線","operator":"西日本旅客鉄道","section":"11"},"geometry":{"type":"LineString","coordinates":[[135.52378,34.63922],[135.52085,34.64493],[135.5161,34.64707]]}},{"type":"Feature","properties":{"route":"阪和線","alias":"阪和線","operator":"西日本旅客鉄道","section":"11"},"geometry":{"type":"LineString","coordinates":[[135.45166,34.52306],[135.45078,34.52198]]}},{"type":"Feature","properties":{"route":"阪和線","alias":"阪和線","operator":"西日本旅客鉄道","section":"11"},"geometry":{"type":"LineString","coordinates":[[135.51675,34.6174],[135.51745,34.61865]]}},{"type":"Feature","properties":{"route":"阪和線","alias":"阪和線","operator":"西日本旅客鉄道","section":"11"},"geometry":{"type":"LineString","coordinates":[[135.38655,34.44981],[135.3851,34.44884]]}},{"type":"Feature","properties":{"route":"阪和線","alias":"阪和線","operator":"西日本旅客鉄道","section":"11"},"geometry":{"type":"LineString","coordinates":[[135.34063,34.40558],[135.3418,34.407]]}},{"type":"Feature","properties":{"route":"阪和線","alias":"阪和線","operator":"西日本旅客鉄道","section":"11"},"geometry":{"type":"LineString","coordinates":[[135.50753,34.6029],[135.51217,34.60996]]}},{"type":"Feature","properties":{"route":"阪和線","alias":"阪和線","operator":"西日本旅客鉄道","section":"11"},"geometry":{"type":"LineString","coordinates":[[135.49832,34.57697],[135.49299,34.56667]]}},{"type":"Feature","properties":{"route":"阪和線","alias":"阪和線","operator":"西日本旅客鉄道","section":"11"},"geometry":{"type":"LineString","coordinates":[[135.49255,34.56573],[135.48953,34.55921]]}},{"type":"Feature","properties":{"route":"阪和線","alias":"阪和線","operator":"西日本旅客鉄道","section":"11"},"geometry":{"type":"LineString","coordinates":[[135.35042,34.41708],[135.35854,34.42692]]}},{"type":"Feature","properties":{"route":"阪和線","alias":"阪和線","operator":"西日本旅客鉄道","section":"11"},"geometry":{"type":"LineString","coordinates":[[135.20716,34.26223],[135.20357,34.24936],[135.19048,34.24315]]}},{"type":"Feature","properties":{"route":"阪和線","alias":"阪和線","operator":"西日本旅客鉄道","section":"11"},"geometry":{"type":"LineString","coordinates":[[135.1905,34.23714],[135.1899,34.24255]]}},{"type":"Feature","properties":{"route":"阪和線","alias":"阪和線","operator":"西日本旅客鉄道","section":"11"},"geometry":{"type":"LineString","coordinates":[[135.19123,34.23334],[135.1905,34.23714]]}},{"type":"Feature","properties":{"route":"阪和線","alias":"阪和線","operator":"西日本旅客鉄道","section":"11"},"geometry":{"type":"LineString","coordinates":[[135.26334,34.3431],[135.28043,34.35951]]}},{"type":"Feature","properties":{"route":"阪和線","alias":"阪和線","operator":"西日本旅客鉄道","section":"11"},"geometry":{"type":"LineString","coordinates":[[135.24678,34.26929],[135.25387,34.27098],[135.26069,34.27639],[135.27052,34.27813],[135.27421,34.28305],[135.26917,34.304],[135.26944,34.32516]]}},{"type":"Feature","properties":{"route":"阪和線","alias":"阪和線","operator":"西日本旅客鉄道","section":"11"},"geometry":{"type":"LineString","coordinates":[[135.28196,34.36096],[135.29847,34.37199]]}},{"type":"Feature","properties":{"route":"阪和線","alias":"阪和線","operator":"西日本旅客鉄道","section":"11"},"geometry":{"type":"LineString","coordinates":[[135.1899,34.24255],[135.19048,34.24315]]}},{"type":"Feature","properties":{"route":"阪和線","alias":"阪和線","operator":"西日本旅客鉄道","section":"11"},"geometry":{"type":"LineString","coordinates":[[135.28043,34.35951],[135.28196,34.36096]]}},{"type":"Feature","properties":{"route":"阪和線","alias":"阪和線","operator":"西日本旅客鉄道","section":"11"},"geometry":{"type":"LineString","coordinates":[[135.24678,34.26929],[135.24575,34.26922]]}},{"type":"Feature","properties":{"route":"阪和線","alias":"阪和線","operator":"西日本旅客鉄道","section":"11"},"geometry":{"type":"LineString","coordinates":[[135.19156,34.23162],[135.19123,34.23334]]}},{"type":"Feature","properties":{"route":"阪和線","alias":"阪和線","operator":"西日本旅客鉄道","section":"11"},"geometry":{"type":"LineString","coordinates":[[135.20761,34.26307],[135.21385,34.26706],[135.24575,34.26922]]}},{"type":"Feature","properties":{"route":"阪和線","alias":"阪和線","operator":"西日本旅客鉄道","section":"11"},"geometry":{"type":"LineString","coordinates":[[135.31948,34.38156],[135.32065,34.3823]]}},{"type":"Feature","properties":{"route":"阪和線","alias":"阪和線","operator":"西日本旅客鉄道","section":"11"},"geometry":{"type":"LineString","coordinates":[[135.32065,34.3823],[135.32854,34.38756]]}},{"type":"Feature","properties":{"route":"阪和線","alias":"阪和線","operator":"西日本旅客鉄道","section":"11"},"geometry":{"type":"LineString","coordinates":[[135.26315,34.34183],[135.26334,34.3431]]}},{"type":"Feature","properties":{"route":"阪和線","alias":"阪和線","operator":"西日本旅客鉄道","section":"11"},"geometry":{"type":"LineString","coordinates":[[135.26991,34.32591],[135.27071,34.32936],[135.26315,34.34183]]}},{"type":"Feature","properties":{"route":"阪和線","alias":"阪和線","operator":"西日本旅客鉄道","section":"11"},"geometry":{"type":"LineString","coordinates":[[135.29847,34.37199],[135.29977,34.37272]]}},{"type":"Feature","properties":{"route":"阪和線","alias":"阪和線","operator":"西日本旅客鉄道","section":"11"},"geometry":{"type":"LineString","coordinates":[[135.20761,34.26307],[135.20716,34.26223]]}},{"type":"Feature","properties":{"route":"阪和線","alias":"阪和線","operator":"西日本旅客鉄道","section":"11"},"geometry":{"type":"LineString","coordinates":[[135.26991,34.32591],[135.26944,34.32516]]}},{"type":"Feature","properties":{"route":"阪和線","alias":"阪和線","operator":"西日本旅客鉄道","section":"11"},"geometry":{"type":"LineString","coordinates":[[135.29977,34.37272],[135.31215,34.37688],[135.31948,34.38156]]}},{"type":"Feature","properties":{"route":"桜井線","alias":"桜井線","operator":"西日本旅客鉄道","section":"11"},"geometry":{"type":"LineString","coordinates":[[135.74521,34.51568],[135.74642,34.51428]]}},{"type":"Feature","properties":{"route":"桜井線","alias":"桜井線","operator":"西日本旅客鉄道","section":"11"},"geometry":{"type":"LineString","coordinates":[[135.74407,34.517],[135.74521,34.51568]]}},{"type":"Feature","properties":{"route":"桜井線","alias":"桜井線","operator":"西日本旅客鉄道","section":"11"},"geometry":{"type":"LineString","coordinates":[[135.81781,34.67843],[135.81829,34.67937]]}},{"type":"Feature","properties":{"route":"桜井線","alias":"桜井線","operator":"西日本旅客鉄道","section":"11"},"geometry":{"type":"LineString","coordinates":[[135.82815,34.67028],[135.81848,34.67541],[135.81781,34.67843]]}},{"type":"Feature","properties":{"route":"桜井線","alias":"桜井線","operator":"西日本旅客鉄道","section":"11"},"geometry":{"type":"LineString","coordinates":[[135.8487,34.52651],[135.84809,34.52799]]}},{"type":"Feature","properties":{"route":"桜井線","alias":"桜井線","operator":"西日本旅客鉄道","section":"11"},"geometry":{"type":"LineString","coordinates":[[135.83503,34.57478],[135.83457,34.58622],[135.83074,34.5989]]}},{"type":"Feature","properties":{"route":"桜井線","alias":"桜井線","operator":"西日本旅客鉄道","section":"11"},"geometry":{"type":"LineString","coordinates":[[135.829,34.66965],[135.83013,34.6647],[135.82622,34.64388]]}},{"type":"Feature","properties":{"route":"桜井線","alias":"桜井線","operator":"西日本旅客鉄道","section":"11"},"geometry":{"type":"LineString","coordinates":[[135.82622,34.64388],[135.82618,34.64255]]}},{"type":"Feature","properties":{"route":"桜井線","alias":"桜井線","operator":"西日本旅客鉄道","section":"11"},"geometry":{"type":"LineString","coordinates":[[135.8385,34.55982],[135.83511,34.57347]]}},{"type":"Feature","properties":{"route":"桜井線","alias":"桜井線","operator":"西日本旅客鉄道","section":"11"},"geometry":{"type":"LineString","coordinates":[[135.76503,34.50967],[135.76567,34.50965]]}},{"type":"Feature","properties":{"route":"桜井線","alias":"桜井線","operator":"西日本旅客鉄道","section":"11"},"geometry":{"type":"LineString","coordinates":[[135.82815,34.67028],[135.829,34.66965]]}},{"type":"Feature","properties":{"route":"桜井線","alias":"桜井線","operator":"西日本旅客鉄道","section":"11"},"geometry":{"type":"LineString","coordinates":[[135.82618,34.64255],[135.82602,34.62174]]}},{"type":"Feature","properties":{"route":"桜井線","alias":"桜井線","operator":"西日本旅客鉄道","section":"11"},"geometry":{"type":"LineString","coordinates":[[135.82432,34.51049],[135.82588,34.5109]]}},{"type":"Feature","properties":{"route":"桜井線","alias":"桜井線","operator":"西日本旅客鉄道","section":"11"},"geometry":{"type":"LineString","coordinates":[[135.84467,34.51281],[135.84691,34.51317]]}},{"type":"Feature","properties":{"route":"桜井線","alias":"桜井線","operator":"西日本旅客鉄道","section":"11"},"geometry":{"type":"LineString","coordinates":[[135.79349,34.50825],[135.79569,34.50809]]}},{"type":"Feature","properties":{"route":"桜井線","alias":"桜井線","operator":"西日本旅客鉄道","section":"11"},"geometry":{"type":"LineString","coordinates":[[135.82588,34.5109],[135.84467,34.51281]]}},{"type":"Feature","properties":{"route":"桜井線","alias":"桜井線","operator":"西日本旅客鉄道","section":"11"},"geometry":{"type":"LineString","coordinates":[[135.82628,34.62048],[135.82946,34.60996],[135.8301,34.60185]]}},{"type":"Feature","properties":{"route":"桜井線","alias":"桜井線","operator":"西日本旅客鉄道","section":"11"},"geometry":{"type":"LineString","coordinates":[[135.83074,34.5989],[135.8301,34.60185]]}},{"type":"Feature","properties":{"route":"桜井線","alias":"桜井線","operator":"西日本旅客鉄道","section":"11"},"geometry":{"type":"LineString","coordinates":[[135.84075,34.54597],[135.83871,34.55857]]}},{"type":"Feature","properties":{"route":"桜井線","alias":"桜井線","operator":"西日本旅客鉄道","section":"11"},"geometry":{"type":"LineString","coordinates":[[135.82602,34.62174],[135.82628,34.62048]]}},{"type":"Feature","properties":{"route":"桜井線","alias":"桜井線","operator":"西日本旅客鉄道","section":"11"},"geometry":{"type":"LineString","coordinates":[[135.83511,34.57347],[135.83503,34.57478]]}},{"type":"Feature","properties":{"route":"桜井線","alias":"桜井線","operator":"西日本旅客鉄道","section":"11"},"geometry":{"type":"LineString","coordinates":[[135.81829,34.67937],[135.81941,34.68162]]}},{"type":"Feature","properties":{"route":"桜井線","alias":"桜井線","operator":"西日本旅客鉄道","section":"11"},"geometry":{"type":"LineString","coordinates":[[135.79569,34.50809],[135.81198,34.50746],[135.82432,34.51049]]}},{"type":"Feature","properties":{"route":"桜井線","alias":"桜井線","operator":"西日本旅客鉄道","section":"11"},"geometry":{"type":"LineString","coordinates":[[135.74642,34.51428],[135.75824,34.51011],[135.76503,34.50967]]}},{"type":"Feature","properties":{"route":"桜井線","alias":"桜井線","operator":"西日本旅客鉄道","section":"11"},"geometry":{"type":"LineString","coordinates":[[135.84809,34.52799],[135.84102,34.54485]]}},{"type":"Feature","properties":{"route":"桜井線","alias":"桜井線","operator":"西日本旅客鉄道","section":"11"},"geometry":{"type":"LineString","coordinates":[[135.76567,34.50965],[135.79349,34.50825]]}},{"type":"Feature","properties":{"route":"桜井線","alias":"桜井線","operator":"西日本旅客鉄道","section":"11"},"geometry":{"type":"LineString","coordinates":[[135.84691,34.51317],[135.84948,34.51531],[135.85019,34.52274],[135.8487,34.52651]]}},{"type":"Feature","properties":{"route":"桜井線","alias":"桜井線","operator":"西日本旅客鉄道","section":"11"},"geometry":{"type":"LineString","coordinates":[[135.84102,34.54485],[135.84075,34.54597]]}},{"type":"Feature","properties":{"route":"桜井線","alias":"桜井線","operator":"西日本旅客鉄道","section":"11"},"geometry":{"type":"LineString","coordinates":[[135.83871,34.55857],[135.8385,34.55982]]}},{"type":"Feature","properties":{"route":"桜島線","alias":"大阪環状線","operator":"西日本旅客鉄道","section":"11"},"geometry":{"type":"LineString","coordinates":[[135.46765,34.68342],[135.46625,34.68215]]}},{"type":"Feature","properties":{"route":"桜島線","alias":"大阪環状線","operator":"西日本旅客鉄道","section":"11"},"geometry":{"type":"LineString","coordinates":[[135.46625,34.68215],[135.46476,34.68072]]}},{"type":"Feature","properties":{"route":"桜島線","alias":"大阪環状線","operator":"西日本旅客鉄道","section":"11"},"geometry":{"type":"LineString","coordinates":[[135.4442,34.67369],[135.44354,34.67308]]}},{"type":"Feature","properties":{"route":"桜島線","alias":"大阪環状線","operator":"西日本旅客鉄道","section":"11"},"geometry":{"type":"LineString","coordinates":[[135.46476,34.68072],[135.46159,34.67921],[135.4558,34.68011],[135.4442,34.67369]]}},{"type":"Feature","properties":{"route":"桜島線","alias":"大阪環状線","operator":"西日本旅客鉄道","section":"11"},"geometry":{"type":"LineString","coordinates":[[135.43209,34.66188],[135.43306,34.66247]]}},{"type":"Feature","properties":{"route":"桜島線","alias":"大阪環状線","operator":"西日本旅客鉄道","section":"11"},"geometry":{"type":"LineString","coordinates":[[135.43911,34.66843],[135.44354,34.67308]]}},{"type":"Feature","properties":{"route":"桜島線","alias":"大阪環状線","operator":"西日本旅客鉄道","section":"11"},"geometry":{"type":"LineString","coordinates":[[135.43306,34.66247],[135.43802,34.66725]]}},{"type":"Feature","properties":{"route":"桜島線","alias":"大阪環状線","operator":"西日本旅客鉄道","section":"11"},"geometry":{"type":"LineString","coordinates":[[135.43802,34.66725],[135.43911,34.66843]]}},{"type":"Feature","properties":{"route":"山陰線","alias":"嵯峨野線","operator":"西日本旅客鉄道","section":"11"},"geometry":{"type":"LineString","coordinates":[[135.67871,35.019],[135.67238,35.01757]]}},{"type":"Feature","properties":{"route":"山陰線","alias":"嵯峨野線","operator":"西日本旅客鉄道","section":"11"},"geometry":{"type":"LineString","coordinates":[[135.25326,35.30202],[135.25612,35.30166]]}},{"type":"Feature","properties":{"route":"山陰線","alias":"嵯峨野線","operator":"西日本旅客鉄道","section":"11"},"geometry":{"type":"LineString","coordinates":[[135.25061,35.30227],[135.25326,35.30202]]}},{"type":"Feature","properties":{"route":"山陰線","alias":"嵯峨野線","operator":"西日本旅客鉄道","section":"11"},"geometry":{"type":"LineString","coordinates":[[135.11982,35.29626],[135.12358,35.29544]]}},{"type":"Feature","properties":{"route":"山陰線","alias":"嵯峨野線","operator":"西日本旅客鉄道","section":"11"},"geometry":{"type":"LineString","coordinates":[[134.85612,35.34045],[134.85279,35.34118]]}},{"type":"Feature","properties":{"route":"山陰線","alias":"嵯峨野線","operator":"西日本旅客鉄道","section":"11"},"geometry":{"type":"LineString","coordinates":[[134.85279,35.34118],[134.84993,35.34161]]}},{"type":"Feature","properties":{"route":"山陰線","alias":"嵯峨野線","operator":"西日本旅客鉄道","section":"11"},"geometry":{"type":"LineString","coordinates":[[135.07407,35.32946],[135.07229,35.32947]]}},{"type":"Feature","properties":{"route":"山陰線","alias":"嵯峨野線","operator":"西日本旅客鉄道","section":"11"},"geometry":{"type":"LineString","coordinates":[[135.31963,35.2944],[135.32358,35.29593],[135.32768,35.29449],[135.33244,35.28549],[135.33125,35.27756],[135.33638,35.27444]]}},{"type":"Feature","properties":{"route":"山陰線","alias":"嵯峨野線","operator":"西日本旅客鉄道","section":"11"},"geometry":{"type":"LineString","coordinates":[[135.17921,35.30059],[135.16838,35.29842],[135.12358,35.29544]]}},{"type":"Feature","properties":{"route":"山陰線","alias":"嵯峨野線","operator":"西日本旅客鉄道","section":"11"},"geometry":{"type":"LineString","coordinates":[[134.78231,35.4152],[134.78888,35.41983],[134.79003,35.42368],[134.78729,35.42825],[134.7879,35.43412],[134.786,35.43708],[134.77393,35.4412],[134.77024,35.44733],[134.76947,35.45148],[134.77531,35.46899]]}},{"type":"Feature","properties":{"route":"山陰線","alias":"嵯峨野線","operator":"西日本旅客鉄道","section":"11"},"geometry":{"type":"LineString","coordinates":[[134.62166,35.63591],[134.62485,35.63514]]}},{"type":"Feature","properties":{"route":"山陰線","alias":"嵯峨野線","operator":"西日本旅客鉄道","section":"11"},"geometry":{"type":"LineString","coordinates":[[134.81148,35.37136],[134.8099,35.37543],[134.81367,35.38149],[134.81357,35.38509],[134.81051,35.38736],[134.80084,35.38859],[134.78741,35.39332],[134.77774,35.40505],[134.77821,35.41037],[134.78071,35.41348]]}},{"type":"Feature","properties":{"route":"山陰線","alias":"嵯峨野線","operator":"西日本旅客鉄道","section":"11"},"geometry":{"type":"LineString","coordinates":[[134.79988,35.49606],[134.80023,35.49669]]}},{"type":"Feature","properties":{"route":"山陰線","alias":"嵯峨野線","operator":"西日本旅客鉄道","section":"11"},"geometry":{"type":"LineString","coordinates":[[134.81235,35.3699],[134.81148,35.37136]]}},{"type":"Feature","properties":{"route":"山陰線","alias":"嵯峨野線","operator":"西日本旅客鉄道","section":"11"},"geometry":{"type":"LineString","coordinates":[[135.48282,35.10289],[135.47884,35.11745],[135.48023,35.12092],[135.49109,35.13289]]}},{"type":"Feature","properties":{"route":"山陰線","alias":"嵯峨野線","operator":"西日本旅客鉄道","section":"11"},"geometry":{"type":"LineString","coordinates":[[135.33638,35.27444],[135.33812,35.27412]]}},{"type":"Feature","properties":{"route":"山陰線","alias":"嵯峨野線","operator":"西日本旅客鉄道","section":"11"},"geometry":{"type":"LineString","coordinates":[[134.79957,35.58776],[134.79915,35.58945]]}},{"type":"Feature","properties":{"route":"山陰線","alias":"嵯峨野線","operator":"西日本旅客鉄道","section":"11"},"geometry":{"type":"LineString","coordinates":[[135.42318,35.21167],[135.42927,35.20785],[135.44334,35.20636],[135.44952,35.20073],[135.46781,35.19555]]}},{"type":"Feature","properties":{"route":"山陰線","alias":"嵯峨野線","operator":"西日本旅客鉄道","section":"11"},"geometry":{"type":"LineString","coordinates":[[135.71689,35.01843],[135.7189,35.01876]]}},{"type":"Feature","properties":{"route":"山陰線","alias":"嵯峨野線","operator":"西日本旅客鉄道","section":"11"},"geometry":{"type":"LineString","coordinates":[[135.64161,35.02311],[135.65631,35.02245],[135.66706,35.01768],[135.67238,35.01757]]}},{"type":"Feature","properties":{"route":"山陰線","alias":"嵯峨野線","operator":"西日本旅客鉄道","section":"11"},"geometry":{"type":"LineString","coordinates":[[135.39854,35.26151],[135.39741,35.26799],[135.39582,35.26942],[135.3928,35.26967],[135.38626,35.26648]]}},{"type":"Feature","properties":{"route":"山陰線","alias":"嵯峨野線","operator":"西日本旅客鉄道","section":"11"},"geometry":{"type":"LineString","coordinates":[[134.68508,35.65329],[134.68658,35.65286]]}},{"type":"Feature","properties":{"route":"山陰線","alias":"嵯峨野線","operator":"西日本旅客鉄道","section":"11"},"geometry":{"type":"LineString","coordinates":[[134.88183,35.32174],[134.88066,35.32273]]}},{"type":"Feature","properties":{"route":"山陰線","alias":"嵯峨野線","operator":"西日本旅客鉄道","section":"11"},"geometry":{"type":"LineString","coordinates":[[135.48903,35.18005],[135.49004,35.17897]]}},{"type":"Feature","properties":{"route":"山陰線","alias":"嵯峨野線","operator":"西日本旅客鉄道","section":"11"},"geometry":{"type":"LineString","coordinates":[[135.74173,35.01004],[135.74219,34.99723]]}},{"type":"Feature","properties":{"route":"山陰線","alias":"嵯峨野線","operator":"西日本旅客鉄道","section":"11"},"geometry":{"type":"LineString","coordinates":[[135.58117,35.01707],[135.55807,35.02766],[135.55534,35.03159]]}},{"type":"Feature","properties":{"route":"山陰線","alias":"嵯峨野線","operator":"西日本旅客鉄道","section":"11"},"geometry":{"type":"LineString","coordinates":[[135.6799,35.01893],[135.68272,35.01864]]}},{"type":"Feature","properties":{"route":"山陰線","alias":"嵯峨野線","operator":"西日本旅客鉄道","section":"11"},"geometry":{"type":"LineString","coordinates":[[135.46942,35.19504],[135.47872,35.19296],[135.48903,35.18005]]}},{"type":"Feature","properties":{"route":"山陰線","alias":"嵯峨野線","operator":"西日本旅客鉄道","section":"11"},"geometry":{"type":"LineString","coordinates":[[134.81321,35.62262],[134.81378,35.62499]]}},{"type":"Feature","properties":{"route":"山陰線","alias":"嵯峨野線","operator":"西日本旅客鉄道","section":"11"},"geometry":{"type":"LineString","coordinates":[[135.60346,35.01092],[135.61225,35.01761],[135.62314,35.02197],[135.63906,35.02307]]}},{"type":"Feature","properties":{"route":"山陰線","alias":"嵯峨野線","operator":"西日本旅客鉄道","section":"11"},"geometry":{"type":"LineString","coordinates":[[135.20594,35.30481],[135.20817,35.30503]]}},{"type":"Feature","properties":{"route":"山陰線","alias":"嵯峨野線","operator":"西日本旅客鉄道","section":"11"},"geometry":{"type":"LineString","coordinates":[[135.69961,35.01705],[135.70164,35.01686]]}},{"type":"Feature","properties":{"route":"山陰線","alias":"嵯峨野線","operator":"西日本旅客鉄道","section":"11"},"geometry":{"type":"LineString","coordinates":[[134.81273,35.54576],[134.80364,35.56442],[134.80503,35.57402],[134.79964,35.58073],[134.79957,35.58776]]}},{"type":"Feature","properties":{"route":"山陰線","alias":"嵯峨野線","operator":"西日本旅客鉄道","section":"11"},"geometry":{"type":"LineString","coordinates":[[135.49913,35.09148],[135.49796,35.09263]]}},{"type":"Feature","properties":{"route":"山陰線","alias":"嵯峨野線","operator":"西日本旅客鉄道","section":"11"},"geometry":{"type":"LineString","coordinates":[[135.20594,35.30481],[135.19048,35.30401],[135.18112,35.30118]]}},{"type":"Feature","properties":{"route":"山陰線","alias":"嵯峨野線","operator":"西日本旅客鉄道","section":"11"},"geometry":{"type":"LineString","coordinates":[[135.55534,35.03159],[135.55476,35.033]]}},{"type":"Feature","properties":{"route":"山陰線","alias":"嵯峨野線","operator":"西日本旅客鉄道","section":"11"},"geometry":{"type":"LineString","coordinates":[[135.67871,35.019],[135.6799,35.01893]]}},{"type":"Feature","properties":{"route":"山陰線","alias":"嵯峨野線","operator":"西日本旅客鉄道","section":"11"},"geometry":{"type":"LineString","coordinates":[[135.39968,35.26057],[135.41155,35.25578],[135.41614,35.2498],[135.41618,35.24749],[135.41241,35.24332],[135.41114,35.23551],[135.41578,35.21928],[135.42232,35.21269]]}},{"type":"Feature","properties":{"route":"山陰線","alias":"嵯峨野線","operator":"西日本旅客鉄道","section":"11"},"geometry":{"type":"LineString","coordinates":[[135.49109,35.13289],[135.49252,35.13409]]}},{"type":"Feature","properties":{"route":"山陰線","alias":"嵯峨野線","operator":"西日本旅客鉄道","section":"11"},"geometry":{"type":"LineString","coordinates":[[135.60346,35.01092],[135.60145,35.01042]]}},{"type":"Feature","properties":{"route":"山陰線","alias":"嵯峨野線","operator":"西日本旅客鉄道","section":"11"},"geometry":{"type":"LineString","coordinates":[[134.99973,35.31987],[134.9979,35.31994]]}},{"type":"Feature","properties":{"route":"山陰線","alias":"嵯峨野線","operator":"西日本旅客鉄道","section":"11"},"geometry":{"type":"LineString","coordinates":[[135.31746,35.2931],[135.31963,35.2944]]}},{"type":"Feature","properties":{"route":"山陰線","alias":"嵯峨野線","operator":"西日本旅客鉄道","section":"11"},"geometry":{"type":"LineString","coordinates":[[135.54876,35.04762],[135.54808,35.04926]]}},{"type":"Feature","properties":{"route":"山陰線","alias":"嵯峨野線","operator":"西日本旅客鉄道","section":"11"},"geometry":{"type":"LineString","coordinates":[[135.38626,35.26648],[135.3845,35.26598]]}},{"type":"Feature","properties":{"route":"山陰線","alias":"嵯峨野線","operator":"西日本旅客鉄道","section":"11"},"geometry":{"type":"LineString","coordinates":[[134.77531,35.46899],[134.77606,35.46985]]}},{"type":"Feature","properties":{"route":"山陰線","alias":"嵯峨野線","operator":"西日本旅客鉄道","section":"11"},"geometry":{"type":"LineString","coordinates":[[134.88066,35.32273],[134.87017,35.32828],[134.86304,35.33635],[134.85612,35.34045]]}},{"type":"Feature","properties":{"route":"山陰線","alias":"嵯峨野線","operator":"西日本旅客鉄道","section":"11"},"geometry":{"type":"LineString","coordinates":[[135.11982,35.29626],[135.11731,35.29688]]}},{"type":"Feature","properties":{"route":"山陰線","alias":"嵯峨野線","operator":"西日本旅客鉄道","section":"11"},"geometry":{"type":"LineString","coordinates":[[135.33812,35.27412],[135.34974,35.27077],[135.35825,35.27345],[135.36399,35.26985],[135.37597,35.26876],[135.38067,35.26531],[135.3845,35.26598]]}},{"type":"Feature","properties":{"route":"山陰線","alias":"嵯峨野線","operator":"西日本旅客鉄道","section":"11"},"geometry":{"type":"LineString","coordinates":[[135.49252,35.13409],[135.50595,35.15652],[135.5039,35.16147]]}},{"type":"Feature","properties":{"route":"山陰線","alias":"嵯峨野線","operator":"西日本旅客鉄道","section":"11"},"geometry":{"type":"LineString","coordinates":[[135.48409,35.10145],[135.48282,35.10289]]}},{"type":"Feature","properties":{"route":"山陰線","alias":"嵯峨野線","operator":"西日本旅客鉄道","section":"11"},"geometry":{"type":"LineString","coordinates":[[134.81436,35.54238],[134.81273,35.54576]]}},{"type":"Feature","properties":{"route":"山陰線","alias":"嵯峨野線","operator":"西日本旅客鉄道","section":"11"},"geometry":{"type":"LineString","coordinates":[[135.72981,35.01828],[135.73158,35.01801]]}},{"type":"Feature","properties":{"route":"山陰線","alias":"嵯峨野線","operator":"西日本旅客鉄道","section":"11"},"geometry":{"type":"LineString","coordinates":[[134.81378,35.62499],[134.81323,35.62742],[134.80892,35.63023],[134.7995,35.62941],[134.79414,35.63182],[134.76991,35.62867],[134.76001,35.62888],[134.75657,35.63331],[134.75856,35.64533],[134.75699,35.64907]]}},{"type":"Feature","properties":{"route":"山陰線","alias":"嵯峨野線","operator":"西日本旅客鉄道","section":"11"},"geometry":{"type":"LineString","coordinates":[[135.49004,35.17897],[135.49688,35.1703],[135.49787,35.16564],[135.50299,35.16266]]}},{"type":"Feature","properties":{"route":"山陰線","alias":"嵯峨野線","operator":"西日本旅客鉄道","section":"11"},"geometry":{"type":"LineString","coordinates":[[135.18112,35.30118],[135.17921,35.30059]]}},{"type":"Feature","properties":{"route":"山陰線","alias":"嵯峨野線","operator":"西日本旅客鉄道","section":"11"},"geometry":{"type":"LineString","coordinates":[[134.663,35.6466],[134.66492,35.64659]]}},{"type":"Feature","properties":{"route":"山陰線","alias":"嵯峨野線","operator":"西日本旅客鉄道","section":"11"},"geometry":{"type":"LineString","coordinates":[[135.54808,35.04926],[135.54438,35.06179],[135.53971,35.06612],[135.53305,35.06847]]}},{"type":"Feature","properties":{"route":"山陰線","alias":"嵯峨野線","operator":"西日本旅客鉄道","section":"11"},"geometry":{"type":"LineString","coordinates":[[135.7418,35.01229],[135.74173,35.01004]]}},{"type":"Feature","properties":{"route":"山陰線","alias":"嵯峨野線","operator":"西日本旅客鉄道","section":"11"},"geometry":{"type":"LineString","coordinates":[[134.75699,35.64907],[134.75593,35.65063]]}},{"type":"Feature","properties":{"route":"山陰線","alias":"嵯峨野線","operator":"西日本旅客鉄道","section":"11"},"geometry":{"type":"LineString","coordinates":[[135.60145,35.01042],[135.59082,35.01116],[135.58347,35.01654]]}},{"type":"Feature","properties":{"route":"山陰線","alias":"嵯峨野線","operator":"西日本旅客鉄道","section":"11"},"geometry":{"type":"LineString","coordinates":[[135.07229,35.32947],[135.0682,35.3292],[135.05842,35.32455],[135.04625,35.32283],[135.03532,35.32445],[135.03141,35.32172],[135.02368,35.31983],[135.01792,35.32089],[135.01091,35.31938],[134.99973,35.31987]]}},{"type":"Feature","properties":{"route":"山陰線","alias":"嵯峨野線","operator":"西日本旅客鉄道","section":"11"},"geometry":{"type":"LineString","coordinates":[[135.48409,35.10145],[135.4894,35.10001],[135.49796,35.09263]]}},{"type":"Feature","properties":{"route":"山陰線","alias":"嵯峨野線","operator":"西日本旅客鉄道","section":"11"},"geometry":{"type":"LineString","coordinates":[[134.78071,35.41348],[134.78231,35.4152]]}},{"type":"Feature","properties":{"route":"山陰線","alias":"嵯峨野線","operator":"西日本旅客鉄道","section":"11"},"geometry":{"type":"LineString","coordinates":[[135.74235,34.99587],[135.74305990175955,34.98976613782989]]}},{"type":"Feature","properties":{"route":"山陰線","alias":"嵯峨野線","operator":"西日本旅客鉄道","section":"11"},"geometry":{"type":"LineString","coordinates":[[135.75146,34.98538],[135.75412,34.98546]]}},{"type":"Feature","properties":{"route":"山陰線","alias":"嵯峨野線","operator":"西日本旅客鉄道","section":"11"},"geometry":{"type":"LineString","coordinates":[[135.75412,34.98546],[135.75601,34.98557]]}},{"type":"Feature","properties":{"route":"山陰線","alias":"嵯峨野線","operator":"西日本旅客鉄道","section":"11"},"geometry":{"type":"LineString","coordinates":[[135.68272,35.01864],[135.69961,35.01705]]}},{"type":"Feature","properties":{"route":"山陰線","alias":"嵯峨野線","operator":"西日本旅客鉄道","section":"11"},"geometry":{"type":"LineString","coordinates":[[135.63906,35.02307],[135.64161,35.02311]]}},{"type":"Feature","properties":{"route":"山陰線","alias":"嵯峨野線","operator":"西日本旅客鉄道","section":"11"},"geometry":{"type":"LineString","coordinates":[[135.42232,35.21269],[135.42318,35.21167]]}},{"type":"Feature","properties":{"route":"山陰線","alias":"嵯峨野線","operator":"西日本旅客鉄道","section":"11"},"geometry":{"type":"LineString","coordinates":[[135.55476,35.033],[135.54876,35.04762]]}},{"type":"Feature","properties":{"route":"山陰線","alias":"嵯峨野線","operator":"西日本旅客鉄道","section":"11"},"geometry":{"type":"LineString","coordinates":[[135.76104,34.98568],[135.75601,34.98557]]}},{"type":"Feature","properties":{"route":"山陰線","alias":"嵯峨野線","operator":"西日本旅客鉄道","section":"11"},"geometry":{"type":"LineString","coordinates":[[134.84993,35.34161],[134.84381,35.3435],[134.83341,35.35434],[134.81675,35.36452],[134.81235,35.3699]]}},{"type":"Feature","properties":{"route":"山陰線","alias":"嵯峨野線","operator":"西日本旅客鉄道","section":"11"},"geometry":{"type":"LineString","coordinates":[[134.88183,35.32174],[134.88826,35.31788],[134.89653,35.3194],[134.90813,35.32715],[134.91442,35.33452],[134.92636,35.34143],[134.93076,35.34184]]}},{"type":"Feature","properties":{"route":"山陰線","alias":"嵯峨野線","operator":"西日本旅客鉄道","section":"11"},"geometry":{"type":"LineString","coordinates":[[134.66492,35.64659],[134.67917,35.65411],[134.68508,35.65329]]}},{"type":"Feature","properties":{"route":"山陰線","alias":"嵯峨野線","operator":"西日本旅客鉄道","section":"11"},"geometry":{"type":"LineString","coordinates":[[135.5039,35.16147],[135.50299,35.16266]]}},{"type":"Feature","properties":{"route":"山陰線","alias":"嵯峨野線","operator":"西日本旅客鉄道","section":"11"},"geometry":{"type":"LineString","coordinates":[[135.25612,35.30166],[135.26277,35.29603],[135.26519,35.2902],[135.28948,35.28601],[135.31337,35.29079],[135.31746,35.2931]]}},{"type":"Feature","properties":{"route":"山陰線","alias":"嵯峨野線","operator":"西日本旅客鉄道","section":"11"},"geometry":{"type":"LineString","coordinates":[[134.80023,35.49669],[134.80278,35.50108],[134.80881,35.50453],[134.81723,35.51299],[134.8191,35.52032],[134.81819,35.53343],[134.81436,35.54238]]}},{"type":"Feature","properties":{"route":"山陰線","alias":"嵯峨野線","operator":"西日本旅客鉄道","section":"11"},"geometry":{"type":"LineString","coordinates":[[134.93269,35.34183],[134.93608,35.341],[134.938,35.33737],[134.94382,35.33453],[134.94522,35.32917],[134.9555,35.32391],[134.96518,35.32453],[134.98261,35.3198],[134.99083,35.3213],[134.9979,35.31994]]}},{"type":"Feature","properties":{"route":"山陰線","alias":"嵯峨野線","operator":"西日本旅客鉄道","section":"11"},"geometry":{"type":"LineString","coordinates":[[135.53305,35.06847],[135.53098,35.06955]]}},{"type":"Feature","properties":{"route":"山陰線","alias":"嵯峨野線","operator":"西日本旅客鉄道","section":"11"},"geometry":{"type":"LineString","coordinates":[[135.70164,35.01686],[135.71689,35.01843]]}},{"type":"Feature","properties":{"route":"山陰線","alias":"嵯峨野線","operator":"西日本旅客鉄道","section":"11"},"geometry":{"type":"LineString","coordinates":[[135.53098,35.06955],[135.51547,35.08103],[135.50483,35.08304],[135.49913,35.09148]]}},{"type":"Feature","properties":{"route":"山陰線","alias":"嵯峨野線","operator":"西日本旅客鉄道","section":"11"},"geometry":{"type":"LineString","coordinates":[[135.20817,35.30503],[135.25061,35.30227]]}},{"type":"Feature","properties":{"route":"山陰線","alias":"嵯峨野線","operator":"西日本旅客鉄道","section":"11"},"geometry":{"type":"LineString","coordinates":[[135.58347,35.01654],[135.58117,35.01707]]}},{"type":"Feature","properties":{"route":"山陰線","alias":"嵯峨野線","operator":"西日本旅客鉄道","section":"11"},"geometry":{"type":"LineString","coordinates":[[135.73158,35.01801],[135.74075,35.01646],[135.7418,35.01229]]}},{"type":"Feature","properties":{"route":"山陰線","alias":"嵯峨野線","operator":"西日本旅客鉄道","section":"11"},"geometry":{"type":"LineString","coordinates":[[135.7189,35.01876],[135.72981,35.01828]]}},{"type":"Feature","properties":{"route":"山陰線","alias":"嵯峨野線","operator":"西日本旅客鉄道","section":"11"},"geometry":{"type":"LineString","coordinates":[[134.79915,35.58945],[134.80172,35.59764],[134.80147,35.6068],[134.81019,35.61679],[134.81321,35.62262]]}},{"type":"Feature","properties":{"route":"山陰線","alias":"嵯峨野線","operator":"西日本旅客鉄道","section":"11"},"geometry":{"type":"LineString","coordinates":[[134.77606,35.46985],[134.79727,35.49145],[134.79988,35.49606]]}},{"type":"Feature","properties":{"route":"山陰線","alias":"嵯峨野線","operator":"西日本旅客鉄道","section":"11"},"geometry":{"type":"LineString","coordinates":[[134.68658,35.65286],[134.70193,35.64929],[134.70719,35.65134],[134.71599,35.65197],[134.72496,35.65817],[134.73366,35.65628],[134.74666,35.659],[134.75188,35.65645],[134.75593,35.65063]]}},{"type":"Feature","properties":{"route":"山陰線","alias":"嵯峨野線","operator":"西日本旅客鉄道","section":"11"},"geometry":{"type":"LineString","coordinates":[[135.39968,35.26057],[135.39854,35.26151]]}},{"type":"Feature","properties":{"route":"山陰線","alias":"嵯峨野線","operator":"西日本旅客鉄道","section":"11"},"geometry":{"type":"LineString","coordinates":[[135.11731,35.29688],[135.11058,35.29993],[135.10458,35.3221],[135.09978,35.32325],[135.09271,35.3289],[135.08579,35.331],[135.07407,35.32946]]}},{"type":"Feature","properties":{"route":"山陰線","alias":"嵯峨野線","operator":"西日本旅客鉄道","section":"11"},"geometry":{"type":"LineString","coordinates":[[134.62485,35.63514],[134.62991,35.63573],[134.6337,35.64142],[134.63941,35.64572],[134.663,35.6466]]}},{"type":"Feature","properties":{"route":"山陰線","alias":"嵯峨野線","operator":"西日本旅客鉄道","section":"11"},"geometry":{"type":"LineString","coordinates":[[135.46781,35.19555],[135.46942,35.19504]]}},{"type":"Feature","properties":{"route":"山陰線","alias":"嵯峨野線","operator":"西日本旅客鉄道","section":"11"},"geometry":{"type":"LineString","coordinates":[[134.93076,35.34184],[134.93269,35.34183]]}},{"type":"Feature","properties":{"route":"山陰線","alias":"嵯峨野線","operator":"西日本旅客鉄道","section":"11"},"geometry":{"type":"LineString","coordinates":[[134.57433,35.65225],[134.56979,35.65366],[134.55772,35.64896]]}},{"type":"Feature","properties":{"route":"山陰線","alias":"嵯峨野線","operator":"西日本旅客鉄道","section":"11"},"geometry":{"type":"LineString","coordinates":[[134.05195,35.50946],[134.04951,35.50928]]}},{"type":"Feature","properties":{"route":"山陰線","alias":"嵯峨野線","operator":"西日本旅客鉄道","section":"11"},"geometry":{"type":"LineString","coordinates":[[134.39317,35.60649],[134.38834,35.60055],[134.38106,35.59691],[134.37249,35.59925],[134.36316,35.59952]]}},{"type":"Feature","properties":{"route":"山陰線","alias":"嵯峨野線","operator":"西日本旅客鉄道","section":"11"},"geometry":{"type":"LineString","coordinates":[[134.62166,35.63591],[134.60389,35.6433],[134.59547,35.65461],[134.57913,35.65069],[134.57615,35.65118]]}},{"type":"Feature","properties":{"route":"山陰線","alias":"嵯峨野線","operator":"西日本旅客鉄道","section":"11"},"geometry":{"type":"LineString","coordinates":[[134.30978,35.56692],[134.33076,35.5689],[134.33522,35.57328]]}},{"type":"Feature","properties":{"route":"山陰線","alias":"嵯峨野線","operator":"西日本旅客鉄道","section":"11"},"geometry":{"type":"LineString","coordinates":[[134.45135,35.62109],[134.44089,35.62413],[134.43477,35.61989]]}},{"type":"Feature","properties":{"route":"山陰線","alias":"嵯峨野線","operator":"西日本旅客鉄道","section":"11"},"geometry":{"type":"LineString","coordinates":[[134.57615,35.65118],[134.57433,35.65225]]}},{"type":"Feature","properties":{"route":"山陰線","alias":"嵯峨野線","operator":"西日本旅客鉄道","section":"11"},"geometry":{"type":"LineString","coordinates":[[134.08151,35.51384],[134.05195,35.50946]]}},{"type":"Feature","properties":{"route":"山陰線","alias":"嵯峨野線","operator":"西日本旅客鉄道","section":"11"},"geometry":{"type":"LineString","coordinates":[[134.1732,35.51837],[134.15707,35.52283],[134.13661,35.52414]]}},{"type":"Feature","properties":{"route":"山陰線","alias":"嵯峨野線","operator":"西日本旅客鉄道","section":"11"},"geometry":{"type":"LineString","coordinates":[[134.13661,35.52414],[134.1348,35.52381]]}},{"type":"Feature","properties":{"route":"山陰線","alias":"嵯峨野線","operator":"西日本旅客鉄道","section":"11"},"geometry":{"type":"LineString","coordinates":[[134.08339,35.51432],[134.08151,35.51384]]}},{"type":"Feature","properties":{"route":"山陰線","alias":"嵯峨野線","operator":"西日本旅客鉄道","section":"11"},"geometry":{"type":"LineString","coordinates":[[133.99488,35.51623],[133.98124,35.52015],[133.97344,35.51842],[133.96556,35.52142],[133.95308,35.51449],[133.93908,35.51297],[133.93673,35.50985]]}},{"type":"Feature","properties":{"route":"山陰線","alias":"嵯峨野線","operator":"西日本旅客鉄道","section":"11"},"geometry":{"type":"LineString","coordinates":[[134.22724,35.49374],[134.22493,35.4947]]}},{"type":"Feature","properties":{"route":"山陰線","alias":"嵯峨野線","operator":"西日本旅客鉄道","section":"11"},"geometry":{"type":"LineString","coordinates":[[134.36155,35.5995],[134.36316,35.59952]]}},{"type":"Feature","properties":{"route":"山陰線","alias":"嵯峨野線","operator":"西日本旅客鉄道","section":"11"},"geometry":{"type":"LineString","coordinates":[[133.93673,35.50985],[133.93612,35.50807]]}},{"type":"Feature","properties":{"route":"山陰線","alias":"嵯峨野線","operator":"西日本旅客鉄道","section":"11"},"geometry":{"type":"LineString","coordinates":[[134.28798,35.54485],[134.28664,35.54631]]}},{"type":"Feature","properties":{"route":"山陰線","alias":"嵯峨野線","operator":"西日本旅客鉄道","section":"11"},"geometry":{"type":"LineString","coordinates":[[134.51644,35.62747],[134.50572,35.62453],[134.48579,35.62464],[134.47951,35.62075],[134.47312,35.6195],[134.4542,35.62014]]}},{"type":"Feature","properties":{"route":"山陰線","alias":"嵯峨野線","operator":"西日本旅客鉄道","section":"11"},"geometry":{"type":"LineString","coordinates":[[134.18724,35.51299],[134.18527,35.51404]]}},{"type":"Feature","properties":{"route":"山陰線","alias":"嵯峨野線","operator":"西日本旅客鉄道","section":"11"},"geometry":{"type":"LineString","coordinates":[[134.4542,35.62014],[134.45135,35.62109]]}},{"type":"Feature","properties":{"route":"山陰線","alias":"嵯峨野線","operator":"西日本旅客鉄道","section":"11"},"geometry":{"type":"LineString","coordinates":[[134.55607,35.64845],[134.54887,35.64235],[134.5328,35.63634],[134.52163,35.62845],[134.51836,35.62768]]}},{"type":"Feature","properties":{"route":"山陰線","alias":"嵯峨野線","operator":"西日本旅客鉄道","section":"11"},"geometry":{"type":"LineString","coordinates":[[134.3359,35.57506],[134.34236,35.59429],[134.34955,35.59959],[134.36155,35.5995]]}},{"type":"Feature","properties":{"route":"山陰線","alias":"嵯峨野線","operator":"西日本旅客鉄道","section":"11"},"geometry":{"type":"LineString","coordinates":[[134.55772,35.64896],[134.55607,35.64845]]}},{"type":"Feature","properties":{"route":"山陰線","alias":"嵯峨野線","operator":"西日本旅客鉄道","section":"11"},"geometry":{"type":"LineString","coordinates":[[133.99649,35.516],[133.99488,35.51623]]}},{"type":"Feature","properties":{"route":"山陰線","alias":"嵯峨野線","operator":"西日本旅客鉄道","section":"11"},"geometry":{"type":"LineString","coordinates":[[134.51836,35.62768],[134.51644,35.62747]]}},{"type":"Feature","properties":{"route":"山陰線","alias":"嵯峨野線","operator":"西日本旅客鉄道","section":"11"},"geometry":{"type":"LineString","coordinates":[[134.04951,35.50928],[134.04062,35.50889],[134.03171,35.51336],[134.01995,35.51566],[133.99649,35.516]]}},{"type":"Feature","properties":{"route":"山陰線","alias":"嵯峨野線","operator":"西日本旅客鉄道","section":"11"},"geometry":{"type":"LineString","coordinates":[[134.43399,35.61932],[134.43114,35.61436],[134.423,35.6112],[134.40993,35.61346],[134.39984,35.61076],[134.39454,35.60753]]}},{"type":"Feature","properties":{"route":"山陰線","alias":"嵯峨野線","operator":"西日本旅客鉄道","section":"11"},"geometry":{"type":"LineString","coordinates":[[134.18527,35.51404],[134.17451,35.51795]]}},{"type":"Feature","properties":{"route":"山陰線","alias":"嵯峨野線","operator":"西日本旅客鉄道","section":"11"},"geometry":{"type":"LineString","coordinates":[[134.30735,35.56678],[134.30978,35.56692]]}},{"type":"Feature","properties":{"route":"山陰線","alias":"嵯峨野線","operator":"西日本旅客鉄道","section":"11"},"geometry":{"type":"LineString","coordinates":[[134.28664,35.54631],[134.28331,35.55058],[134.2838,35.55823],[134.2907,35.56604],[134.29414,35.56759],[134.30735,35.56678]]}},{"type":"Feature","properties":{"route":"山陰線","alias":"嵯峨野線","operator":"西日本旅客鉄道","section":"11"},"geometry":{"type":"LineString","coordinates":[[134.22493,35.4947],[134.20985,35.50089],[134.18724,35.51299]]}},{"type":"Feature","properties":{"route":"山陰線","alias":"嵯峨野線","operator":"西日本旅客鉄道","section":"11"},"geometry":{"type":"LineString","coordinates":[[134.33522,35.57328],[134.3359,35.57506]]}},{"type":"Feature","properties":{"route":"山陰線","alias":"嵯峨野線","operator":"西日本旅客鉄道","section":"11"},"geometry":{"type":"LineString","coordinates":[[134.43477,35.61989],[134.43399,35.61932]]}},{"type":"Feature","properties":{"route":"山陰線","alias":"嵯峨野線","operator":"西日本旅客鉄道","section":"11"},"geometry":{"type":"LineString","coordinates":[[134.39454,35.60753],[134.39317,35.60649]]}},{"type":"Feature","properties":{"route":"山陰線","alias":"嵯峨野線","operator":"西日本旅客鉄道","section":"11"},"geometry":{"type":"LineString","coordinates":[[134.22724,35.49374],[134.23263,35.49159]]}},{"type":"Feature","properties":{"route":"山陰線","alias":"嵯峨野線","operator":"西日本旅客鉄道","section":"11"},"geometry":{"type":"LineString","coordinates":[[134.23263,35.49159],[134.24537,35.48762],[134.25982,35.49181],[134.26527,35.49563],[134.27178,35.49662],[134.27827,35.50407],[134.27674,35.50919],[134.27769,35.51142],[134.29161,35.51811],[134.28771,35.52659],[134.29064,35.54002],[134.28798,35.54485]]}},{"type":"Feature","properties":{"route":"山陰線","alias":"嵯峨野線","operator":"西日本旅客鉄道","section":"11"},"geometry":{"type":"LineString","coordinates":[[134.1348,35.52381],[134.12481,35.52223],[134.1184,35.5233],[134.11066,35.51997],[134.10235,35.52059],[134.09879,35.51944],[134.09408,35.51447],[134.08339,35.51432]]}},{"type":"Feature","properties":{"route":"山陰線","alias":"嵯峨野線","operator":"西日本旅客鉄道","section":"11"},"geometry":{"type":"LineString","coordinates":[[134.17451,35.51795],[134.1732,35.51837]]}},{"type":"Feature","properties":{"route":"山陰線","alias":"嵯峨野線","operator":"西日本旅客鉄道","section":"11"},"geometry":{"type":"LineString","coordinates":[[133.33593,35.4224],[133.32954,35.41493],[133.32361,35.41132],[133.30874,35.40795],[133.29932,35.40788],[133.29257,35.41444],[133.2803,35.41731],[133.27779,35.42017],[133.27701,35.42451],[133.27397,35.4272],[133.26069,35.4281]]}},{"type":"Feature","properties":{"route":"山陰線","alias":"嵯峨野線","operator":"西日本旅客鉄道","section":"11"},"geometry":{"type":"LineString","coordinates":[[133.63524,35.51235],[133.63377,35.51228]]}},{"type":"Feature","properties":{"route":"山陰線","alias":"嵯峨野線","operator":"西日本旅客鉄道","section":"11"},"geometry":{"type":"LineString","coordinates":[[133.85117,35.45413],[133.8478,35.45548]]}},{"type":"Feature","properties":{"route":"山陰線","alias":"嵯峨野線","operator":"西日本旅客鉄道","section":"11"},"geometry":{"type":"LineString","coordinates":[[133.33743,35.42427],[133.33593,35.4224]]}},{"type":"Feature","properties":{"route":"山陰線","alias":"嵯峨野線","operator":"西日本旅客鉄道","section":"11"},"geometry":{"type":"LineString","coordinates":[[133.80988,35.48181],[133.80824,35.48211]]}},{"type":"Feature","properties":{"route":"山陰線","alias":"嵯峨野線","operator":"西日本旅客鉄道","section":"11"},"geometry":{"type":"LineString","coordinates":[[133.90342,35.46966],[133.91085,35.47701],[133.91689,35.47939],[133.92161,35.48471],[133.92638,35.49668],[133.93612,35.50807]]}},{"type":"Feature","properties":{"route":"山陰線","alias":"嵯峨野線","operator":"西日本旅客鉄道","section":"11"},"geometry":{"type":"LineString","coordinates":[[133.63377,35.51228],[133.62262,35.51208],[133.59108,35.52057]]}},{"type":"Feature","properties":{"route":"山陰線","alias":"嵯峨野線","operator":"西日本旅客鉄道","section":"11"},"geometry":{"type":"LineString","coordinates":[[133.69416,35.4995],[133.69233,35.49982]]}},{"type":"Feature","properties":{"route":"山陰線","alias":"嵯峨野線","operator":"西日本旅客鉄道","section":"11"},"geometry":{"type":"LineString","coordinates":[[133.49227,35.50748],[133.49167,35.50709]]}},{"type":"Feature","properties":{"route":"山陰線","alias":"嵯峨野線","operator":"西日本旅客鉄道","section":"11"},"geometry":{"type":"LineString","coordinates":[[133.56723,35.51898],[133.56552,35.51864]]}},{"type":"Feature","properties":{"route":"山陰線","alias":"嵯峨野線","operator":"西日本旅客鉄道","section":"11"},"geometry":{"type":"LineString","coordinates":[[133.45606,35.48465],[133.45731,35.48536]]}},{"type":"Feature","properties":{"route":"山陰線","alias":"嵯峨野線","operator":"西日本旅客鉄道","section":"11"},"geometry":{"type":"LineString","coordinates":[[133.75555,35.49009],[133.75346,35.49038]]}},{"type":"Feature","properties":{"route":"山陰線","alias":"嵯峨野線","operator":"西日本旅客鉄道","section":"11"},"geometry":{"type":"LineString","coordinates":[[133.35252,35.43065],[133.35112,35.43089]]}},{"type":"Feature","properties":{"route":"山陰線","alias":"嵯峨野線","operator":"西日本旅客鉄道","section":"11"},"geometry":{"type":"LineString","coordinates":[[133.43057,35.45754],[133.43483,35.46061],[133.45606,35.48465]]}},{"type":"Feature","properties":{"route":"山陰線","alias":"嵯峨野線","operator":"西日本旅客鉄道","section":"11"},"geometry":{"type":"LineString","coordinates":[[133.50226,35.51208],[133.498,35.51122],[133.49227,35.50748]]}},{"type":"Feature","properties":{"route":"山陰線","alias":"嵯峨野線","operator":"西日本旅客鉄道","section":"11"},"geometry":{"type":"LineString","coordinates":[[133.69233,35.49982],[133.67425,35.50291]]}},{"type":"Feature","properties":{"route":"山陰線","alias":"嵯峨野線","operator":"西日本旅客鉄道","section":"11"},"geometry":{"type":"LineString","coordinates":[[133.50384,35.51227],[133.50226,35.51208]]}},{"type":"Feature","properties":{"route":"山陰線","alias":"嵯峨野線","operator":"西日本旅客鉄道","section":"11"},"geometry":{"type":"LineString","coordinates":[[133.26069,35.4281],[133.25778,35.42793]]}},{"type":"Feature","properties":{"route":"山陰線","alias":"嵯峨野線","operator":"西日本旅客鉄道","section":"11"},"geometry":{"type":"LineString","coordinates":[[133.49167,35.50709],[133.45731,35.48536]]}},{"type":"Feature","properties":{"route":"山陰線","alias":"嵯峨野線","operator":"西日本旅客鉄道","section":"11"},"geometry":{"type":"LineString","coordinates":[[133.35252,35.43065],[133.37363,35.42702],[133.38319,35.42961]]}},{"type":"Feature","properties":{"route":"山陰線","alias":"嵯峨野線","operator":"西日本旅客鉄道","section":"11"},"geometry":{"type":"LineString","coordinates":[[133.8478,35.45548],[133.83568,35.4589],[133.82734,35.47155],[133.80988,35.48181]]}},{"type":"Feature","properties":{"route":"山陰線","alias":"嵯峨野線","operator":"西日本旅客鉄道","section":"11"},"geometry":{"type":"LineString","coordinates":[[133.58942,35.52102],[133.58335,35.52181],[133.56723,35.51898]]}},{"type":"Feature","properties":{"route":"山陰線","alias":"嵯峨野線","operator":"西日本旅客鉄道","section":"11"},"geometry":{"type":"LineString","coordinates":[[133.38688,35.43155],[133.40606,35.44218],[133.41003,35.44972],[133.42092,35.45155],[133.42904,35.45653]]}},{"type":"Feature","properties":{"route":"山陰線","alias":"嵯峨野線","operator":"西日本旅客鉄道","section":"11"},"geometry":{"type":"LineString","coordinates":[[133.38515,35.43063],[133.38688,35.43155]]}},{"type":"Feature","properties":{"route":"山陰線","alias":"嵯峨野線","operator":"西日本旅客鉄道","section":"11"},"geometry":{"type":"LineString","coordinates":[[133.38319,35.42961],[133.38515,35.43063]]}},{"type":"Feature","properties":{"route":"山陰線","alias":"嵯峨野線","operator":"西日本旅客鉄道","section":"11"},"geometry":{"type":"LineString","coordinates":[[133.56552,35.51864],[133.53691,35.51338],[133.51693,35.51389],[133.50384,35.51227]]}},{"type":"Feature","properties":{"route":"山陰線","alias":"嵯峨野線","operator":"西日本旅客鉄道","section":"11"},"geometry":{"type":"LineString","coordinates":[[133.34016,35.42759],[133.33743,35.42427]]}},{"type":"Feature","properties":{"route":"山陰線","alias":"嵯峨野線","operator":"西日本旅客鉄道","section":"11"},"geometry":{"type":"LineString","coordinates":[[133.35112,35.43089],[133.34494,35.43094],[133.34016,35.42759]]}},{"type":"Feature","properties":{"route":"山陰線","alias":"嵯峨野線","operator":"西日本旅客鉄道","section":"11"},"geometry":{"type":"LineString","coordinates":[[133.59108,35.52057],[133.58942,35.52102]]}},{"type":"Feature","properties":{"route":"山陰線","alias":"嵯峨野線","operator":"西日本旅客鉄道","section":"11"},"geometry":{"type":"LineString","coordinates":[[133.90342,35.46966],[133.90045,35.46759]]}},{"type":"Feature","properties":{"route":"山陰線","alias":"嵯峨野線","operator":"西日本旅客鉄道","section":"11"},"geometry":{"type":"LineString","coordinates":[[133.67425,35.50291],[133.67306,35.50324]]}},{"type":"Feature","properties":{"route":"山陰線","alias":"嵯峨野線","operator":"西日本旅客鉄道","section":"11"},"geometry":{"type":"LineString","coordinates":[[133.42904,35.45653],[133.43057,35.45754]]}},{"type":"Feature","properties":{"route":"山陰線","alias":"嵯峨野線","operator":"西日本旅客鉄道","section":"11"},"geometry":{"type":"LineString","coordinates":[[133.67306,35.50324],[133.64235,35.51208],[133.63524,35.51235]]}},{"type":"Feature","properties":{"route":"山陰線","alias":"嵯峨野線","operator":"西日本旅客鉄道","section":"11"},"geometry":{"type":"LineString","coordinates":[[133.80824,35.48211],[133.75555,35.49009]]}},{"type":"Feature","properties":{"route":"山陰線","alias":"嵯峨野線","operator":"西日本旅客鉄道","section":"11"},"geometry":{"type":"LineString","coordinates":[[133.85117,35.45413],[133.86728,35.45282],[133.87289,35.45897],[133.89379,35.46334],[133.90045,35.46759]]}},{"type":"Feature","properties":{"route":"山陰線","alias":"嵯峨野線","operator":"西日本旅客鉄道","section":"11"},"geometry":{"type":"LineString","coordinates":[[133.75346,35.49038],[133.69416,35.4995]]}},{"type":"Feature","properties":{"route":"山陰線","alias":"嵯峨野線","operator":"西日本旅客鉄道","section":"11"},"geometry":{"type":"LineString","coordinates":[[132.90863,35.40642],[132.90668,35.40485]]}},{"type":"Feature","properties":{"route":"山陰線","alias":"嵯峨野線","operator":"西日本旅客鉄道","section":"11"},"geometry":{"type":"LineString","coordinates":[[132.68269,35.31467],[132.68377,35.31588]]}},{"type":"Feature","properties":{"route":"山陰線","alias":"嵯峨野線","operator":"西日本旅客鉄道","section":"11"},"geometry":{"type":"LineString","coordinates":[[132.63111,35.28533],[132.63566,35.29053],[132.64071,35.29304],[132.65633,35.29422],[132.66281,35.2991],[132.66889,35.29931],[132.67639,35.30515],[132.68269,35.31467]]}},{"type":"Feature","properties":{"route":"山陰線","alias":"嵯峨野線","operator":"西日本旅客鉄道","section":"11"},"geometry":{"type":"LineString","coordinates":[[132.7034,35.32561],[132.72128,35.33459]]}},{"type":"Feature","properties":{"route":"山陰線","alias":"嵯峨野線","operator":"西日本旅客鉄道","section":"11"},"geometry":{"type":"LineString","coordinates":[[132.86926,35.39385],[132.86726,35.3934]]}},{"type":"Feature","properties":{"route":"山陰線","alias":"嵯峨野線","operator":"西日本旅客鉄道","section":"11"},"geometry":{"type":"LineString","coordinates":[[132.72128,35.33459],[132.72256,35.33523]]}},{"type":"Feature","properties":{"route":"山陰線","alias":"嵯峨野線","operator":"西日本旅客鉄道","section":"11"},"geometry":{"type":"LineString","coordinates":[[133.04897,35.44618],[133.04846,35.44571]]}},{"type":"Feature","properties":{"route":"山陰線","alias":"嵯峨野線","operator":"西日本旅客鉄道","section":"11"},"geometry":{"type":"LineString","coordinates":[[132.68377,35.31588],[132.68919,35.32116],[132.70202,35.32492]]}},{"type":"Feature","properties":{"route":"山陰線","alias":"嵯峨野線","operator":"西日本旅客鉄道","section":"11"},"geometry":{"type":"LineString","coordinates":[[133.01085,35.43029],[132.98812,35.43002]]}},{"type":"Feature","properties":{"route":"山陰線","alias":"嵯峨野線","operator":"西日本旅客鉄道","section":"11"},"geometry":{"type":"LineString","coordinates":[[133.06275,35.4639],[133.05879,35.46291],[133.05161,35.45708],[133.05122,35.44938],[133.04897,35.44618]]}},{"type":"Feature","properties":{"route":"山陰線","alias":"嵯峨野線","operator":"西日本旅客鉄道","section":"11"},"geometry":{"type":"LineString","coordinates":[[133.06518,35.46428],[133.06275,35.4639]]}},{"type":"Feature","properties":{"route":"山陰線","alias":"嵯峨野線","operator":"西日本旅客鉄道","section":"11"},"geometry":{"type":"LineString","coordinates":[[133.12813,35.44614],[133.12477,35.44937],[133.11282,35.44806],[133.10592,35.44957],[133.0811,35.46089],[133.06986,35.46468],[133.06518,35.46428]]}},{"type":"Feature","properties":{"route":"山陰線","alias":"嵯峨野線","operator":"西日本旅客鉄道","section":"11"},"geometry":{"type":"LineString","coordinates":[[133.14817,35.42758],[133.14404,35.42711],[133.13857,35.42973],[133.12884,35.44483]]}},{"type":"Feature","properties":{"route":"山陰線","alias":"嵯峨野線","operator":"西日本旅客鉄道","section":"11"},"geometry":{"type":"LineString","coordinates":[[132.86926,35.39385],[132.90668,35.40485]]}},{"type":"Feature","properties":{"route":"山陰線","alias":"嵯峨野線","operator":"西日本旅客鉄道","section":"11"},"geometry":{"type":"LineString","coordinates":[[132.80821,35.38428],[132.80704,35.38314]]}},{"type":"Feature","properties":{"route":"山陰線","alias":"嵯峨野線","operator":"西日本旅客鉄道","section":"11"},"geometry":{"type":"LineString","coordinates":[[133.04846,35.44571],[133.03516,35.43628],[133.0313,35.43508],[133.02654,35.43595],[133.01352,35.43114]]}},{"type":"Feature","properties":{"route":"山陰線","alias":"嵯峨野線","operator":"西日本旅客鉄道","section":"11"},"geometry":{"type":"LineString","coordinates":[[132.75797,35.36086],[132.75403,35.36046]]}},{"type":"Feature","properties":{"route":"山陰線","alias":"嵯峨野線","operator":"西日本旅客鉄道","section":"11"},"geometry":{"type":"LineString","coordinates":[[132.59115,35.27543],[132.59761,35.27547],[132.62936,35.28421]]}},{"type":"Feature","properties":{"route":"山陰線","alias":"嵯峨野線","operator":"西日本旅客鉄道","section":"11"},"geometry":{"type":"LineString","coordinates":[[132.72256,35.33523],[132.73221,35.34097],[132.7385,35.35634],[132.74386,35.35946],[132.75403,35.36046]]}},{"type":"Feature","properties":{"route":"山陰線","alias":"嵯峨野線","operator":"西日本旅客鉄道","section":"11"},"geometry":{"type":"LineString","coordinates":[[132.80821,35.38428],[132.80964,35.3857]]}},{"type":"Feature","properties":{"route":"山陰線","alias":"嵯峨野線","operator":"西日本旅客鉄道","section":"11"},"geometry":{"type":"LineString","coordinates":[[132.80704,35.38314],[132.79259,35.36946],[132.75797,35.36086]]}},{"type":"Feature","properties":{"route":"山陰線","alias":"嵯峨野線","operator":"西日本旅客鉄道","section":"11"},"geometry":{"type":"LineString","coordinates":[[132.62936,35.28421],[132.63111,35.28533]]}},{"type":"Feature","properties":{"route":"山陰線","alias":"嵯峨野線","operator":"西日本旅客鉄道","section":"11"},"geometry":{"type":"LineString","coordinates":[[133.12884,35.44483],[133.12813,35.44614]]}},{"type":"Feature","properties":{"route":"山陰線","alias":"嵯峨野線","operator":"西日本旅客鉄道","section":"11"},"geometry":{"type":"LineString","coordinates":[[132.59115,35.27543],[132.58929,35.27502]]}},{"type":"Feature","properties":{"route":"山陰線","alias":"嵯峨野線","operator":"西日本旅客鉄道","section":"11"},"geometry":{"type":"LineString","coordinates":[[132.9509,35.42052],[132.95256,35.42081]]}},{"type":"Feature","properties":{"route":"山陰線","alias":"嵯峨野線","operator":"西日本旅客鉄道","section":"11"},"geometry":{"type":"LineString","coordinates":[[132.95256,35.42081],[132.95983,35.42314],[132.96691,35.42241]]}},{"type":"Feature","properties":{"route":"山陰線","alias":"嵯峨野線","operator":"西日本旅客鉄道","section":"11"},"geometry":{"type":"LineString","coordinates":[[132.70202,35.32492],[132.7034,35.32561]]}},{"type":"Feature","properties":{"route":"山陰線","alias":"嵯峨野線","operator":"西日本旅客鉄道","section":"11"},"geometry":{"type":"LineString","coordinates":[[133.2081,35.43174],[133.20675,35.43187]]}},{"type":"Feature","properties":{"route":"山陰線","alias":"嵯峨野線","operator":"西日本旅客鉄道","section":"11"},"geometry":{"type":"LineString","coordinates":[[132.86726,35.3934],[132.83243,35.3834],[132.82921,35.38381],[132.82231,35.38827],[132.8157,35.38857],[132.80964,35.3857]]}},{"type":"Feature","properties":{"route":"山陰線","alias":"嵯峨野線","operator":"西日本旅客鉄道","section":"11"},"geometry":{"type":"LineString","coordinates":[[133.25778,35.42793],[133.23087,35.42749],[133.2081,35.43174]]}},{"type":"Feature","properties":{"route":"山陰線","alias":"嵯峨野線","operator":"西日本旅客鉄道","section":"11"},"geometry":{"type":"LineString","coordinates":[[132.80717,35.38376],[132.80964,35.3857]]}},{"type":"Feature","properties":{"route":"山陰線","alias":"嵯峨野線","operator":"西日本旅客鉄道","section":"11"},"geometry":{"type":"LineString","coordinates":[[132.90982,35.40732],[132.91516,35.4125],[132.92247,35.41177],[132.93593,35.41798],[132.9509,35.42052]]}},{"type":"Feature","properties":{"route":"山陰線","alias":"嵯峨野線","operator":"西日本旅客鉄道","section":"11"},"geometry":{"type":"LineString","coordinates":[[133.14995,35.4281],[133.14817,35.42758]]}},{"type":"Feature","properties":{"route":"山陰線","alias":"嵯峨野線","operator":"西日本旅客鉄道","section":"11"},"geometry":{"type":"LineString","coordinates":[[133.20675,35.43187],[133.18983,35.4321],[133.18471,35.43066],[133.16719,35.43402],[133.16211,35.43112],[133.14995,35.4281]]}},{"type":"Feature","properties":{"route":"山陰線","alias":"嵯峨野線","operator":"西日本旅客鉄道","section":"11"},"geometry":{"type":"LineString","coordinates":[[133.01352,35.43114],[133.01085,35.43029]]}},{"type":"Feature","properties":{"route":"山陰線","alias":"嵯峨野線","operator":"西日本旅客鉄道","section":"11"},"geometry":{"type":"LineString","coordinates":[[132.90863,35.40642],[132.90982,35.40732]]}},{"type":"Feature","properties":{"route":"山陰線","alias":"嵯峨野線","operator":"西日本旅客鉄道","section":"11"},"geometry":{"type":"LineString","coordinates":[[132.96691,35.42241],[132.97819,35.42321],[132.98812,35.43002]]}},{"type":"Feature","properties":{"route":"山陰線","alias":"嵯峨野線","operator":"西日本旅客鉄道","section":"11"},"geometry":{"type":"LineString","coordinates":[[132.96691,35.42241],[132.97911,35.4237],[132.98304,35.4289],[132.98812,35.43002]]}},{"type":"Feature","properties":{"route":"山陰線","alias":"嵯峨野線","operator":"西日本旅客鉄道","section":"11"},"geometry":{"type":"LineString","coordinates":[[132.31364,35.05795],[132.31316,35.0561]]}},{"type":"Feature","properties":{"route":"山陰線","alias":"嵯峨野線","operator":"西日本旅客鉄道","section":"11"},"geometry":{"type":"LineString","coordinates":[[132.17363,34.97763],[132.15415,34.97107],[132.15148,34.96862],[132.1512,34.96463]]}},{"type":"Feature","properties":{"route":"山陰線","alias":"嵯峨野線","operator":"西日本旅客鉄道","section":"11"},"geometry":{"type":"LineString","coordinates":[[132.37545,35.10612],[132.36963,35.09637],[132.35587,35.09106],[132.35129,35.09123]]}},{"type":"Feature","properties":{"route":"山陰線","alias":"嵯峨野線","operator":"西日本旅客鉄道","section":"11"},"geometry":{"type":"LineString","coordinates":[[131.86547,34.72285],[131.8695,34.72429],[131.8726,34.72851],[131.87279,34.73285],[131.87038,34.73688],[131.87576,34.74254],[131.87199,34.74633],[131.8719,34.74948],[131.87757,34.75143]]}},{"type":"Feature","properties":{"route":"山陰線","alias":"嵯峨野線","operator":"西日本旅客鉄道","section":"11"},"geometry":{"type":"LineString","coordinates":[[132.44026,35.19256],[132.44161,35.19306]]}},{"type":"Feature","properties":{"route":"山陰線","alias":"嵯峨野線","operator":"西日本旅客鉄道","section":"11"},"geometry":{"type":"LineString","coordinates":[[132.50884,35.23047],[132.50819,35.22918]]}},{"type":"Feature","properties":{"route":"山陰線","alias":"嵯峨野線","operator":"西日本旅客鉄道","section":"11"},"geometry":{"type":"LineString","coordinates":[[132.40368,35.15158],[132.40334,35.15043]]}},{"type":"Feature","properties":{"route":"山陰線","alias":"嵯峨野線","operator":"西日本旅客鉄道","section":"11"},"geometry":{"type":"LineString","coordinates":[[131.95593,34.79524],[131.9562,34.79598]]}},{"type":"Feature","properties":{"route":"山陰線","alias":"嵯峨野線","operator":"西日本旅客鉄道","section":"11"},"geometry":{"type":"LineString","coordinates":[[132.58929,35.27502],[132.5787,35.26865],[132.56974,35.26819],[132.56253,35.26422],[132.55684,35.26338],[132.55141,35.25946],[132.53811,35.25505],[132.53132,35.25064],[132.52988,35.24334],[132.5269,35.24068]]}},{"type":"Feature","properties":{"route":"山陰線","alias":"嵯峨野線","operator":"西日本旅客鉄道","section":"11"},"geometry":{"type":"LineString","coordinates":[[131.98745,34.82664],[131.99061,34.82893],[131.99255,34.83371],[131.99701,34.83701],[131.99807,34.84207],[132.00838,34.847],[132.01684,34.85756]]}},{"type":"Feature","properties":{"route":"山陰線","alias":"嵯峨野線","operator":"西日本旅客鉄道","section":"11"},"geometry":{"type":"LineString","coordinates":[[132.52528,35.23962],[132.52238,35.23822],[132.51462,35.23851],[132.50884,35.23047]]}},{"type":"Feature","properties":{"route":"山陰線","alias":"嵯峨野線","operator":"西日本旅客鉄道","section":"11"},"geometry":{"type":"LineString","coordinates":[[132.15133,34.96354],[132.15186,34.95857],[132.14891,34.95378],[132.13956,34.9497]]}},{"type":"Feature","properties":{"route":"山陰線","alias":"嵯峨野線","operator":"西日本旅客鉄道","section":"11"},"geometry":{"type":"LineString","coordinates":[[132.11043,34.928],[132.11014,34.93296],[132.11224,34.93681],[132.12015,34.9385],[132.12433,34.94253],[132.1388,34.94943]]}},{"type":"Feature","properties":{"route":"山陰線","alias":"嵯峨野線","operator":"西日本旅客鉄道","section":"11"},"geometry":{"type":"LineString","coordinates":[[132.08908,34.90315],[132.08775,34.90214]]}},{"type":"Feature","properties":{"route":"山陰線","alias":"嵯峨野線","operator":"西日本旅客鉄道","section":"11"},"geometry":{"type":"LineString","coordinates":[[132.2749,35.037],[132.27322,35.03701]]}},{"type":"Feature","properties":{"route":"山陰線","alias":"嵯峨野線","operator":"西日本旅客鉄道","section":"11"},"geometry":{"type":"LineString","coordinates":[[132.49831,35.20009],[132.49314,35.19759],[132.46873,35.19548]]}},{"type":"Feature","properties":{"route":"山陰線","alias":"嵯峨野線","operator":"西日本旅客鉄道","section":"11"},"geometry":{"type":"LineString","coordinates":[[132.18716,34.98922],[132.18151,34.9823],[132.17442,34.97801]]}},{"type":"Feature","properties":{"route":"山陰線","alias":"嵯峨野線","operator":"西日本旅客鉄道","section":"11"},"geometry":{"type":"LineString","coordinates":[[132.32871,35.07613],[132.32226,35.07187],[132.32067,35.06794],[132.31518,35.06314],[132.31364,35.05795]]}},{"type":"Feature","properties":{"route":"山陰線","alias":"嵯峨野線","operator":"西日本旅客鉄道","section":"11"},"geometry":{"type":"LineString","coordinates":[[132.1512,34.96463],[132.15133,34.96354]]}},{"type":"Feature","properties":{"route":"山陰線","alias":"嵯峨野線","operator":"西日本旅客鉄道","section":"11"},"geometry":{"type":"LineString","coordinates":[[132.5004,35.20167],[132.49831,35.20009]]}},{"type":"Feature","properties":{"route":"山陰線","alias":"嵯峨野線","operator":"西日本旅客鉄道","section":"11"},"geometry":{"type":"LineString","coordinates":[[132.50819,35.22918],[132.50124,35.21424],[132.50311,35.20494],[132.5004,35.20167]]}},{"type":"Feature","properties":{"route":"山陰線","alias":"嵯峨野線","operator":"西日本旅客鉄道","section":"11"},"geometry":{"type":"LineString","coordinates":[[132.01771,34.85871],[132.01684,34.85756]]}},{"type":"Feature","properties":{"route":"山陰線","alias":"嵯峨野線","operator":"西日本旅客鉄道","section":"11"},"geometry":{"type":"LineString","coordinates":[[131.87891,34.75193],[131.88448,34.75579],[131.89164,34.75549],[131.89424,34.75678],[131.89489,34.76916],[131.89763,34.77324],[131.90469,34.77474],[131.91221,34.7718]]}},{"type":"Feature","properties":{"route":"山陰線","alias":"嵯峨野線","operator":"西日本旅客鉄道","section":"11"},"geometry":{"type":"LineString","coordinates":[[132.04983,34.86943],[132.04337,34.87005],[132.03876,34.8742],[132.0351,34.87457],[132.02726,34.87008],[132.01771,34.85871]]}},{"type":"Feature","properties":{"route":"山陰線","alias":"嵯峨野線","operator":"西日本旅客鉄道","section":"11"},"geometry":{"type":"LineString","coordinates":[[132.08775,34.90214],[132.06378,34.88626],[132.06068,34.88099],[132.05973,34.87559],[132.0554,34.87073],[132.05095,34.86934]]}},{"type":"Feature","properties":{"route":"山陰線","alias":"嵯峨野線","operator":"西日本旅客鉄道","section":"11"},"geometry":{"type":"LineString","coordinates":[[131.98619,34.82613],[131.98745,34.82664]]}},{"type":"Feature","properties":{"route":"山陰線","alias":"嵯峨野線","operator":"西日本旅客鉄道","section":"11"},"geometry":{"type":"LineString","coordinates":[[131.73873,34.67299],[131.73697,34.67308]]}},{"type":"Feature","properties":{"route":"山陰線","alias":"嵯峨野線","operator":"西日本旅客鉄道","section":"11"},"geometry":{"type":"LineString","coordinates":[[131.8395,34.67804],[131.8384,34.67851]]}},{"type":"Feature","properties":{"route":"山陰線","alias":"嵯峨野線","operator":"西日本旅客鉄道","section":"11"},"geometry":{"type":"LineString","coordinates":[[132.32909,35.07704],[132.3309,35.07966],[132.34187,35.08414],[132.34503,35.09081],[132.35024,35.09131]]}},{"type":"Feature","properties":{"route":"山陰線","alias":"嵯峨野線","operator":"西日本旅客鉄道","section":"11"},"geometry":{"type":"LineString","coordinates":[[131.86405,34.7226],[131.85765,34.72111],[131.8523,34.71349],[131.843,34.70631],[131.84168,34.69822],[131.85028,34.68514],[131.84731,34.67673],[131.84452,34.67617],[131.8395,34.67804]]}},{"type":"Feature","properties":{"route":"山陰線","alias":"嵯峨野線","operator":"西日本旅客鉄道","section":"11"},"geometry":{"type":"LineString","coordinates":[[132.46735,35.19535],[132.46873,35.19548]]}},{"type":"Feature","properties":{"route":"山陰線","alias":"嵯峨野線","operator":"西日本旅客鉄道","section":"11"},"geometry":{"type":"LineString","coordinates":[[131.91302,34.77182],[131.92725,34.7765],[131.93385,34.7848],[131.94538,34.79055],[131.95302,34.79125],[131.95593,34.79524]]}},{"type":"Feature","properties":{"route":"山陰線","alias":"嵯峨野線","operator":"西日本旅客鉄道","section":"11"},"geometry":{"type":"LineString","coordinates":[[132.22235,35.01251],[132.22409,35.01308]]}},{"type":"Feature","properties":{"route":"山陰線","alias":"嵯峨野線","operator":"西日本旅客鉄道","section":"11"},"geometry":{"type":"LineString","coordinates":[[132.17442,34.97801],[132.17363,34.97763]]}},{"type":"Feature","properties":{"route":"山陰線","alias":"嵯峨野線","operator":"西日本旅客鉄道","section":"11"},"geometry":{"type":"LineString","coordinates":[[132.32909,35.07704],[132.32871,35.07613]]}},{"type":"Feature","properties":{"route":"山陰線","alias":"嵯峨野線","operator":"西日本旅客鉄道","section":"11"},"geometry":{"type":"LineString","coordinates":[[132.40334,35.15043],[132.3996,35.13616],[132.38813,35.12855]]}},{"type":"Feature","properties":{"route":"山陰線","alias":"嵯峨野線","operator":"西日本旅客鉄道","section":"11"},"geometry":{"type":"LineString","coordinates":[[132.37562,35.107],[132.37545,35.10612]]}},{"type":"Feature","properties":{"route":"山陰線","alias":"嵯峨野線","operator":"西日本旅客鉄道","section":"11"},"geometry":{"type":"LineString","coordinates":[[132.35024,35.09131],[132.35129,35.09123]]}},{"type":"Feature","properties":{"route":"山陰線","alias":"嵯峨野線","operator":"西日本旅客鉄道","section":"11"},"geometry":{"type":"LineString","coordinates":[[132.22409,35.01308],[132.22569,35.01365]]}},{"type":"Feature","properties":{"route":"山陰線","alias":"嵯峨野線","operator":"西日本旅客鉄道","section":"11"},"geometry":{"type":"LineString","coordinates":[[132.22569,35.01365],[132.23347,35.01682],[132.23345,35.02494],[132.2455,35.03531],[132.25651,35.038],[132.27322,35.03701]]}},{"type":"Feature","properties":{"route":"山陰線","alias":"嵯峨野線","operator":"西日本旅客鉄道","section":"11"},"geometry":{"type":"LineString","coordinates":[[132.18764,34.98987],[132.19658,35.00163],[132.22235,35.01251]]}},{"type":"Feature","properties":{"route":"山陰線","alias":"嵯峨野線","operator":"西日本旅客鉄道","section":"11"},"geometry":{"type":"LineString","coordinates":[[131.8384,34.67851],[131.83448,34.68027]]}},{"type":"Feature","properties":{"route":"山陰線","alias":"嵯峨野線","operator":"西日本旅客鉄道","section":"11"},"geometry":{"type":"LineString","coordinates":[[131.83448,34.68027],[131.81906,34.68714],[131.80473,34.68811],[131.78706,34.68559],[131.74954,34.67361],[131.73873,34.67299]]}},{"type":"Feature","properties":{"route":"山陰線","alias":"嵯峨野線","operator":"西日本旅客鉄道","section":"11"},"geometry":{"type":"LineString","coordinates":[[131.86547,34.72285],[131.86405,34.7226]]}},{"type":"Feature","properties":{"route":"山陰線","alias":"嵯峨野線","operator":"西日本旅客鉄道","section":"11"},"geometry":{"type":"LineString","coordinates":[[132.13956,34.9497],[132.1388,34.94943]]}},{"type":"Feature","properties":{"route":"山陰線","alias":"嵯峨野線","operator":"西日本旅客鉄道","section":"11"},"geometry":{"type":"LineString","coordinates":[[131.9562,34.79598],[131.96189,34.80223],[131.96468,34.81738],[131.97079,34.82095],[131.97578,34.82086],[131.98619,34.82613]]}},{"type":"Feature","properties":{"route":"山陰線","alias":"嵯峨野線","operator":"西日本旅客鉄道","section":"11"},"geometry":{"type":"LineString","coordinates":[[132.31316,35.0561],[132.31176,35.05213],[132.30422,35.04654],[132.29544,35.0452],[132.28167,35.0374],[132.2749,35.037]]}},{"type":"Feature","properties":{"route":"山陰線","alias":"嵯峨野線","operator":"西日本旅客鉄道","section":"11"},"geometry":{"type":"LineString","coordinates":[[132.38668,35.12753],[132.38184,35.12465],[132.3794,35.12109],[132.37942,35.11181],[132.37562,35.107]]}},{"type":"Feature","properties":{"route":"山陰線","alias":"嵯峨野線","operator":"西日本旅客鉄道","section":"11"},"geometry":{"type":"LineString","coordinates":[[132.38813,35.12855],[132.38668,35.12753]]}},{"type":"Feature","properties":{"route":"山陰線","alias":"嵯峨野線","operator":"西日本旅客鉄道","section":"11"},"geometry":{"type":"LineString","coordinates":[[131.91221,34.7718],[131.91302,34.77182]]}},{"type":"Feature","properties":{"route":"山陰線","alias":"嵯峨野線","operator":"西日本旅客鉄道","section":"11"},"geometry":{"type":"LineString","coordinates":[[132.05095,34.86934],[132.04983,34.86943]]}},{"type":"Feature","properties":{"route":"山陰線","alias":"嵯峨野線","operator":"西日本旅客鉄道","section":"11"},"geometry":{"type":"LineString","coordinates":[[132.11074,34.92683],[132.11043,34.928]]}},{"type":"Feature","properties":{"route":"山陰線","alias":"嵯峨野線","operator":"西日本旅客鉄道","section":"11"},"geometry":{"type":"LineString","coordinates":[[132.5269,35.24068],[132.52528,35.23962]]}},{"type":"Feature","properties":{"route":"山陰線","alias":"嵯峨野線","operator":"西日本旅客鉄道","section":"11"},"geometry":{"type":"LineString","coordinates":[[131.87757,34.75143],[131.87891,34.75193]]}},{"type":"Feature","properties":{"route":"山陰線","alias":"嵯峨野線","operator":"西日本旅客鉄道","section":"11"},"geometry":{"type":"LineString","coordinates":[[132.08908,34.90315],[132.09699,34.90571],[132.09979,34.91351],[132.11092,34.92354],[132.11074,34.92683]]}},{"type":"Feature","properties":{"route":"山陰線","alias":"嵯峨野線","operator":"西日本旅客鉄道","section":"11"},"geometry":{"type":"LineString","coordinates":[[132.18764,34.98987],[132.18716,34.98922]]}},{"type":"Feature","properties":{"route":"山陰線","alias":"嵯峨野線","operator":"西日本旅客鉄道","section":"11"},"geometry":{"type":"LineString","coordinates":[[132.44161,35.19306],[132.44728,35.19501],[132.46735,35.19535]]}},{"type":"Feature","properties":{"route":"山陰線","alias":"嵯峨野線","operator":"西日本旅客鉄道","section":"11"},"geometry":{"type":"LineString","coordinates":[[132.40368,35.15158],[132.40648,35.16111],[132.41986,35.1741],[132.42469,35.1861],[132.44026,35.19256]]}},{"type":"Feature","properties":{"route":"山陰線","alias":"嵯峨野線","operator":"西日本旅客鉄道","section":"11"},"geometry":{"type":"LineString","coordinates":[[131.1863,34.37591],[131.18488,34.37485]]}},{"type":"Feature","properties":{"route":"山陰線","alias":"嵯峨野線","operator":"西日本旅客鉄道","section":"11"},"geometry":{"type":"LineString","coordinates":[[131.18488,34.37485],[131.18145,34.37239]]}},{"type":"Feature","properties":{"route":"山陰線","alias":"嵯峨野線","operator":"西日本旅客鉄道","section":"11"},"geometry":{"type":"LineString","coordinates":[[131.19811,34.38781],[131.19437,34.38677],[131.18858,34.37751]]}},{"type":"Feature","properties":{"route":"山陰線","alias":"嵯峨野線","operator":"西日本旅客鉄道","section":"11"},"geometry":{"type":"LineString","coordinates":[[131.33028,34.39776],[131.33137,34.40199],[131.3392,34.4038],[131.34332,34.40725],[131.35249,34.41072],[131.35629,34.41011],[131.36647,34.41245],[131.3741,34.41118],[131.37942,34.40552]]}},{"type":"Feature","properties":{"route":"山陰線","alias":"嵯峨野線","operator":"西日本旅客鉄道","section":"11"},"geometry":{"type":"LineString","coordinates":[[131.6054,34.62179],[131.60002,34.6186],[131.58417,34.61957],[131.58095,34.61592],[131.55999,34.60196],[131.55617,34.59318],[131.55533,34.58003],[131.54937,34.57229]]}},{"type":"Feature","properties":{"route":"山陰線","alias":"嵯峨野線","operator":"西日本旅客鉄道","section":"11"},"geometry":{"type":"LineString","coordinates":[[131.73697,34.67308],[131.72462,34.67301],[131.71999,34.67506],[131.71458,34.67229],[131.70527,34.67218],[131.70249,34.66924]]}},{"type":"Feature","properties":{"route":"山陰線","alias":"嵯峨野線","operator":"西日本旅客鉄道","section":"11"},"geometry":{"type":"LineString","coordinates":[[131.4225,34.43877],[131.42027,34.43069],[131.41587,34.42439],[131.41071,34.42196],[131.41047,34.41809]]}},{"type":"Feature","properties":{"route":"山陰線","alias":"嵯峨野線","operator":"西日本旅客鉄道","section":"11"},"geometry":{"type":"LineString","coordinates":[[131.2952,34.37914],[131.29445,34.37906]]}},{"type":"Feature","properties":{"route":"山陰線","alias":"嵯峨野線","operator":"西日本旅客鉄道","section":"11"},"geometry":{"type":"LineString","coordinates":[[131.47236,34.50268],[131.4635,34.4906],[131.46255,34.48627],[131.45145,34.47745],[131.44961,34.47473],[131.44977,34.47156]]}},{"type":"Feature","properties":{"route":"山陰線","alias":"嵯峨野線","operator":"西日本旅客鉄道","section":"11"},"geometry":{"type":"LineString","coordinates":[[131.33028,34.39776],[131.33008,34.39667]]}},{"type":"Feature","properties":{"route":"山陰線","alias":"嵯峨野線","operator":"西日本旅客鉄道","section":"11"},"geometry":{"type":"LineString","coordinates":[[131.29445,34.37906],[131.28679,34.38237],[131.27715,34.384],[131.26856,34.38014],[131.26342,34.37304],[131.25436,34.36753],[131.24358,34.36471],[131.23726,34.36596]]}},{"type":"Feature","properties":{"route":"山陰線","alias":"嵯峨野線","operator":"西日本旅客鉄道","section":"11"},"geometry":{"type":"LineString","coordinates":[[131.40078,34.39384],[131.40236,34.39356]]}},{"type":"Feature","properties":{"route":"山陰線","alias":"嵯峨野線","operator":"西日本旅客鉄道","section":"11"},"geometry":{"type":"LineString","coordinates":[[131.66205,34.63913],[131.66201,34.63728]]}},{"type":"Feature","properties":{"route":"山陰線","alias":"嵯峨野線","operator":"西日本旅客鉄道","section":"11"},"geometry":{"type":"LineString","coordinates":[[131.50397,34.53309],[131.51506,34.54821],[131.51657,34.55274],[131.53533,34.55994],[131.54821,34.57144]]}},{"type":"Feature","properties":{"route":"山陰線","alias":"嵯峨野線","operator":"西日本旅客鉄道","section":"11"},"geometry":{"type":"LineString","coordinates":[[131.40236,34.39356],[131.40959,34.39266],[131.41432,34.39622],[131.41329,34.40903],[131.41071,34.41656]]}},{"type":"Feature","properties":{"route":"山陰線","alias":"嵯峨野線","operator":"西日本旅客鉄道","section":"11"},"geometry":{"type":"LineString","coordinates":[[131.44977,34.47156],[131.44989,34.47026]]}},{"type":"Feature","properties":{"route":"山陰線","alias":"嵯峨野線","operator":"西日本旅客鉄道","section":"11"},"geometry":{"type":"LineString","coordinates":[[131.5029,34.53252],[131.50397,34.53309]]}},{"type":"Feature","properties":{"route":"山陰線","alias":"嵯峨野線","operator":"西日本旅客鉄道","section":"11"},"geometry":{"type":"LineString","coordinates":[[131.33008,34.39667],[131.32491,34.39208],[131.30948,34.38505],[131.30525,34.37949],[131.30089,34.37827],[131.2952,34.37914]]}},{"type":"Feature","properties":{"route":"山陰線","alias":"嵯峨野線","operator":"西日本旅客鉄道","section":"11"},"geometry":{"type":"LineString","coordinates":[[131.54821,34.57144],[131.54937,34.57229]]}},{"type":"Feature","properties":{"route":"山陰線","alias":"嵯峨野線","operator":"西日本旅客鉄道","section":"11"},"geometry":{"type":"LineString","coordinates":[[131.70179,34.66826],[131.69073,34.66013],[131.68301,34.66198],[131.67895,34.66057],[131.67611,34.65593],[131.66706,34.65021],[131.66205,34.63913]]}},{"type":"Feature","properties":{"route":"山陰線","alias":"嵯峨野線","operator":"西日本旅客鉄道","section":"11"},"geometry":{"type":"LineString","coordinates":[[131.70249,34.66924],[131.70179,34.66826]]}},{"type":"Feature","properties":{"route":"山陰線","alias":"嵯峨野線","operator":"西日本旅客鉄道","section":"11"},"geometry":{"type":"LineString","coordinates":[[131.23557,34.36638],[131.21373,34.37003],[131.20159,34.3762],[131.18858,34.37751]]}},{"type":"Feature","properties":{"route":"山陰線","alias":"嵯峨野線","operator":"西日本旅客鉄道","section":"11"},"geometry":{"type":"LineString","coordinates":[[131.44989,34.47026],[131.45,34.46643],[131.44561,34.45937],[131.43552,34.45432],[131.42372,34.44391],[131.42286,34.4396]]}},{"type":"Feature","properties":{"route":"山陰線","alias":"嵯峨野線","operator":"西日本旅客鉄道","section":"11"},"geometry":{"type":"LineString","coordinates":[[131.41071,34.41656],[131.41047,34.41809]]}},{"type":"Feature","properties":{"route":"山陰線","alias":"嵯峨野線","operator":"西日本旅客鉄道","section":"11"},"geometry":{"type":"LineString","coordinates":[[131.60618,34.62206],[131.6054,34.62179]]}},{"type":"Feature","properties":{"route":"山陰線","alias":"嵯峨野線","operator":"西日本旅客鉄道","section":"11"},"geometry":{"type":"LineString","coordinates":[[131.38031,34.40498],[131.39369,34.3953],[131.40078,34.39384]]}},{"type":"Feature","properties":{"route":"山陰線","alias":"嵯峨野線","operator":"西日本旅客鉄道","section":"11"},"geometry":{"type":"LineString","coordinates":[[131.1863,34.37591],[131.18858,34.37751]]}},{"type":"Feature","properties":{"route":"山陰線","alias":"嵯峨野線","operator":"西日本旅客鉄道","section":"11"},"geometry":{"type":"LineString","coordinates":[[131.47236,34.50268],[131.47342,34.50342]]}},{"type":"Feature","properties":{"route":"山陰線","alias":"嵯峨野線","operator":"西日本旅客鉄道","section":"11"},"geometry":{"type":"LineString","coordinates":[[131.66201,34.63728],[131.66147,34.63151],[131.65299,34.62318],[131.63838,34.62119],[131.63447,34.62384],[131.61743,34.62634],[131.61135,34.62261],[131.60618,34.62206]]}},{"type":"Feature","properties":{"route":"山陰線","alias":"嵯峨野線","operator":"西日本旅客鉄道","section":"11"},"geometry":{"type":"LineString","coordinates":[[131.42286,34.4396],[131.4225,34.43877]]}},{"type":"Feature","properties":{"route":"山陰線","alias":"嵯峨野線","operator":"西日本旅客鉄道","section":"11"},"geometry":{"type":"LineString","coordinates":[[131.47342,34.50342],[131.48366,34.51258],[131.48386,34.51706],[131.48846,34.52516],[131.5029,34.53252]]}},{"type":"Feature","properties":{"route":"山陰線","alias":"嵯峨野線","operator":"西日本旅客鉄道","section":"11"},"geometry":{"type":"LineString","coordinates":[[131.23726,34.36596],[131.23557,34.36638]]}},{"type":"Feature","properties":{"route":"山陰線","alias":"嵯峨野線","operator":"西日本旅客鉄道","section":"11"},"geometry":{"type":"LineString","coordinates":[[131.19992,34.38775],[131.19811,34.38781]]}},{"type":"Feature","properties":{"route":"山陰線","alias":"嵯峨野線","operator":"西日本旅客鉄道","section":"11"},"geometry":{"type":"LineString","coordinates":[[131.37942,34.40552],[131.38031,34.40498]]}},{"type":"Feature","properties":{"route":"山陰線","alias":"嵯峨野線","operator":"西日本旅客鉄道","section":"11"},"geometry":{"type":"LineString","coordinates":[[130.94621,34.28335],[130.94702,34.28454]]}},{"type":"Feature","properties":{"route":"山陰線","alias":"嵯峨野線","operator":"西日本旅客鉄道","section":"11"},"geometry":{"type":"LineString","coordinates":[[130.92244,34.14667],[130.92108,34.14508]]}},{"type":"Feature","properties":{"route":"山陰線","alias":"嵯峨野線","operator":"西日本旅客鉄道","section":"11"},"geometry":{"type":"LineString","coordinates":[[130.94702,34.28454],[130.9485,34.28696],[130.94739,34.28925],[130.9384,34.29497],[130.92261,34.30176],[130.91935,34.30533]]}},{"type":"Feature","properties":{"route":"山陰線","alias":"嵯峨野線","operator":"西日本旅客鉄道","section":"11"},"geometry":{"type":"LineString","coordinates":[[131.05796,34.37441],[131.05662,34.37401]]}},{"type":"Feature","properties":{"route":"山陰線","alias":"嵯峨野線","operator":"西日本旅客鉄道","section":"11"},"geometry":{"type":"LineString","coordinates":[[130.92647,34.33675],[130.93273,34.34068],[130.93362,34.34507],[130.94056,34.35029],[130.94773,34.35086],[130.95467,34.35481],[130.96309,34.35424],[130.96931,34.35687]]}},{"type":"Feature","properties":{"route":"山陰線","alias":"嵯峨野線","operator":"西日本旅客鉄道","section":"11"},"geometry":{"type":"LineString","coordinates":[[130.91582,34.04772],[130.91569,34.04682]]}},{"type":"Feature","properties":{"route":"山陰線","alias":"嵯峨野線","operator":"西日本旅客鉄道","section":"11"},"geometry":{"type":"LineString","coordinates":[[130.9327,34.20824],[130.93163,34.20347],[130.93404,34.18842],[130.93332,34.18071],[130.93263,34.17669],[130.92862,34.17059]]}},{"type":"Feature","properties":{"route":"山陰線","alias":"嵯峨野線","operator":"西日本旅客鉄道","section":"11"},"geometry":{"type":"LineString","coordinates":[[130.92737,34.22763],[130.92776,34.22703]]}},{"type":"Feature","properties":{"route":"山陰線","alias":"嵯峨野線","operator":"西日本旅客鉄道","section":"11"},"geometry":{"type":"LineString","coordinates":[[130.96931,34.35687],[130.97086,34.3579]]}},{"type":"Feature","properties":{"route":"山陰線","alias":"嵯峨野線","operator":"西日本旅客鉄道","section":"11"},"geometry":{"type":"LineString","coordinates":[[130.93269,34.20983],[130.9327,34.20824]]}},{"type":"Feature","properties":{"route":"山陰線","alias":"嵯峨野線","operator":"西日本旅客鉄道","section":"11"},"geometry":{"type":"LineString","coordinates":[[130.9122,34.12747],[130.91268,34.1252],[130.9094,34.11832],[130.90216,34.11322],[130.90254,34.10617],[130.90009,34.10199]]}},{"type":"Feature","properties":{"route":"山陰線","alias":"嵯峨野線","operator":"西日本旅客鉄道","section":"11"},"geometry":{"type":"LineString","coordinates":[[131.01061,34.3703],[130.99609,34.37054],[130.99252,34.36645],[130.97973,34.36308],[130.97086,34.3579]]}},{"type":"Feature","properties":{"route":"山陰線","alias":"嵯峨野線","operator":"西日本旅客鉄道","section":"11"},"geometry":{"type":"LineString","coordinates":[[130.90316,34.07042],[130.90415,34.06959]]}},{"type":"Feature","properties":{"route":"山陰線","alias":"嵯峨野線","operator":"西日本旅客鉄道","section":"11"},"geometry":{"type":"LineString","coordinates":[[130.9118,34.12861],[130.9122,34.12747]]}},{"type":"Feature","properties":{"route":"山陰線","alias":"嵯峨野線","operator":"西日本旅客鉄道","section":"11"},"geometry":{"type":"LineString","coordinates":[[131.10238,34.38864],[131.12342,34.39523],[131.13525,34.39039],[131.13945,34.38579]]}},{"type":"Feature","properties":{"route":"山陰線","alias":"嵯峨野線","operator":"西日本旅客鉄道","section":"11"},"geometry":{"type":"LineString","coordinates":[[130.91935,34.30533],[130.91851,34.30633]]}},{"type":"Feature","properties":{"route":"山陰線","alias":"嵯峨野線","operator":"西日本旅客鉄道","section":"11"},"geometry":{"type":"LineString","coordinates":[[130.92696,34.00311],[130.93432,33.9948]]}},{"type":"Feature","properties":{"route":"山陰線","alias":"嵯峨野線","operator":"西日本旅客鉄道","section":"11"},"geometry":{"type":"LineString","coordinates":[[130.91645,34.02586],[130.91701,34.02414]]}},{"type":"Feature","properties":{"route":"山陰線","alias":"嵯峨野線","operator":"西日本旅客鉄道","section":"11"},"geometry":{"type":"LineString","coordinates":[[131.13945,34.38579],[131.14,34.38466]]}},{"type":"Feature","properties":{"route":"山陰線","alias":"嵯峨野線","operator":"西日本旅客鉄道","section":"11"},"geometry":{"type":"LineString","coordinates":[[130.90009,34.10199],[130.90022,34.10105]]}},{"type":"Feature","properties":{"route":"山陰線","alias":"嵯峨野線","operator":"西日本旅客鉄道","section":"11"},"geometry":{"type":"LineString","coordinates":[[130.91562,34.25214],[130.92429,34.26105],[130.93045,34.27472],[130.94364,34.28032],[130.94621,34.28335]]}},{"type":"Feature","properties":{"route":"山陰線","alias":"嵯峨野線","operator":"西日本旅客鉄道","section":"11"},"geometry":{"type":"LineString","coordinates":[[130.92108,34.14508],[130.91211,34.1329],[130.9118,34.12861]]}},{"type":"Feature","properties":{"route":"山陰線","alias":"嵯峨野線","operator":"西日本旅客鉄道","section":"11"},"geometry":{"type":"LineString","coordinates":[[130.92862,34.17059],[130.92797,34.16946]]}},{"type":"Feature","properties":{"route":"山陰線","alias":"嵯峨野線","operator":"西日本旅客鉄道","section":"11"},"geometry":{"type":"LineString","coordinates":[[131.10238,34.38864],[131.10092,34.38836]]}},{"type":"Feature","properties":{"route":"山陰線","alias":"嵯峨野線","operator":"西日本旅客鉄道","section":"11"},"geometry":{"type":"LineString","coordinates":[[130.90415,34.06959],[130.91227,34.06101],[130.91582,34.04772]]}},{"type":"Feature","properties":{"route":"山陰線","alias":"嵯峨野線","operator":"西日本旅客鉄道","section":"11"},"geometry":{"type":"LineString","coordinates":[[130.91851,34.30633],[130.91549,34.31132],[130.91564,34.32057],[130.92062,34.331],[130.92547,34.33518]]}},{"type":"Feature","properties":{"route":"山陰線","alias":"嵯峨野線","operator":"西日本旅客鉄道","section":"11"},"geometry":{"type":"LineString","coordinates":[[130.92547,34.33518],[130.92647,34.33675]]}},{"type":"Feature","properties":{"route":"山陰線","alias":"嵯峨野線","operator":"西日本旅客鉄道","section":"11"},"geometry":{"type":"LineString","coordinates":[[131.01205,34.37038],[131.01061,34.3703]]}},{"type":"Feature","properties":{"route":"山陰線","alias":"嵯峨野線","operator":"西日本旅客鉄道","section":"11"},"geometry":{"type":"LineString","coordinates":[[130.92644,34.00467],[130.92696,34.00311]]}},{"type":"Feature","properties":{"route":"山陰線","alias":"嵯峨野線","operator":"西日本旅客鉄道","section":"11"},"geometry":{"type":"LineString","coordinates":[[130.92797,34.16946],[130.92441,34.15956],[130.92529,34.15184],[130.92244,34.14667]]}},{"type":"Feature","properties":{"route":"山陰線","alias":"嵯峨野線","operator":"西日本旅客鉄道","section":"11"},"geometry":{"type":"LineString","coordinates":[[130.91389,34.25119],[130.91143,34.24995],[130.91113,34.24724],[130.92154,34.24045],[130.92737,34.22763]]}},{"type":"Feature","properties":{"route":"山陰線","alias":"嵯峨野線","operator":"西日本旅客鉄道","section":"11"},"geometry":{"type":"LineString","coordinates":[[130.91562,34.25214],[130.91389,34.25119]]}},{"type":"Feature","properties":{"route":"山陰線","alias":"嵯峨野線","operator":"西日本旅客鉄道","section":"11"},"geometry":{"type":"LineString","coordinates":[[130.90022,34.10105],[130.90045,34.09885],[130.89538,34.08925],[130.89502,34.08128],[130.89847,34.07261],[130.90316,34.07042]]}},{"type":"Feature","properties":{"route":"山陰線","alias":"嵯峨野線","operator":"西日本旅客鉄道","section":"11"},"geometry":{"type":"LineString","coordinates":[[131.14,34.38466],[131.14336,34.37595],[131.1539,34.37256],[131.17128,34.37237],[131.17702,34.37008],[131.18145,34.37239]]}},{"type":"Feature","properties":{"route":"山陰線","alias":"嵯峨野線","operator":"西日本旅客鉄道","section":"11"},"geometry":{"type":"LineString","coordinates":[[130.91701,34.02414],[130.92361,34.01439]]}},{"type":"Feature","properties":{"route":"山陰線","alias":"嵯峨野線","operator":"西日本旅客鉄道","section":"11"},"geometry":{"type":"LineString","coordinates":[[131.10092,34.38836],[131.09143,34.3853],[131.07708,34.38366],[131.05796,34.37441]]}},{"type":"Feature","properties":{"route":"山陰線","alias":"嵯峨野線","operator":"西日本旅客鉄道","section":"11"},"geometry":{"type":"LineString","coordinates":[[130.92776,34.22703],[130.93076,34.22193],[130.92954,34.21738],[130.93269,34.20983]]}},{"type":"Feature","properties":{"route":"山陰線","alias":"嵯峨野線","operator":"西日本旅客鉄道","section":"11"},"geometry":{"type":"LineString","coordinates":[[130.91569,34.04682],[130.91391,34.03611],[130.91645,34.02586]]}},{"type":"Feature","properties":{"route":"山陰線","alias":"嵯峨野線","operator":"西日本旅客鉄道","section":"11"},"geometry":{"type":"LineString","coordinates":[[131.05662,34.37401],[131.03242,34.36901],[131.01205,34.37038]]}},{"type":"Feature","properties":{"route":"山陰線","alias":"嵯峨野線","operator":"西日本旅客鉄道","section":"11"},"geometry":{"type":"LineString","coordinates":[[130.92845,33.98302],[130.92671,33.98053]]}},{"type":"Feature","properties":{"route":"山陰線","alias":"嵯峨野線","operator":"西日本旅客鉄道","section":"11"},"geometry":{"type":"LineString","coordinates":[[130.93432,33.9948],[130.93447,33.99249],[130.92845,33.98302]]}},{"type":"Feature","properties":{"route":"山陰線","alias":"嵯峨野線","operator":"西日本旅客鉄道","section":"11"},"geometry":{"type":"LineString","coordinates":[[135.74219,34.99723],[135.74235,34.99587]]}},{"type":"Feature","properties":{"route":"山陽線","alias":"JR神戸線","operator":"西日本旅客鉄道","section":"11"},"geometry":{"type":"LineString","coordinates":[[135.12595,34.64681],[135.1141,34.64253]]}},{"type":"Feature","properties":{"route":"山陽線","alias":"JR神戸線","operator":"西日本旅客鉄道","section":"11"},"geometry":{"type":"LineString","coordinates":[[134.81368,34.78421],[134.81069,34.78534]]}},{"type":"Feature","properties":{"route":"山陽線","alias":"JR神戸線","operator":"西日本旅客鉄道","section":"11"},"geometry":{"type":"LineString","coordinates":[[134.73416,34.81775],[134.72509,34.8225],[134.71292391,34.82429576]]}},{"type":"Feature","properties":{"route":"山陽線","alias":"JR神戸線","operator":"西日本旅客鉄道","section":"11"},"geometry":{"type":"LineString","coordinates":[[135.17309,34.65778],[135.16059,34.66325],[135.1604,34.66527],[135.16373106,34.66739154]]}},{"type":"Feature","properties":{"route":"山陽線","alias":"JR神戸線","operator":"西日本旅客鉄道","section":"11"},"geometry":{"type":"LineString","coordinates":[[134.88964,34.71925],[134.8884,34.72139]]}},{"type":"Feature","properties":{"route":"山陽線","alias":"JR神戸線","operator":"西日本旅客鉄道","section":"11"},"geometry":{"type":"LineString","coordinates":[[134.86995,34.74495],[134.8686,34.74642]]}},{"type":"Feature","properties":{"route":"山陽線","alias":"JR神戸線","operator":"西日本旅客鉄道","section":"11"},"geometry":{"type":"LineString","coordinates":[[135.17442,34.65722],[135.17309,34.65778]]}},{"type":"Feature","properties":{"route":"山陽線","alias":"JR神戸線","operator":"西日本旅客鉄道","section":"11"},"geometry":{"type":"LineString","coordinates":[[135.05475,34.62916],[135.05296,34.62902]]}},{"type":"Feature","properties":{"route":"山陽線","alias":"JR神戸線","operator":"西日本旅客鉄道","section":"11"},"geometry":{"type":"LineString","coordinates":[[135.11121,34.642],[135.09909,34.63633],[135.08412,34.63388]]}},{"type":"Feature","properties":{"route":"山陽線","alias":"JR神戸線","operator":"西日本旅客鉄道","section":"11"},"geometry":{"type":"LineString","coordinates":[[135.1635,34.66746],[135.14655,34.65825]]}},{"type":"Feature","properties":{"route":"山陽線","alias":"JR神戸線","operator":"西日本旅客鉄道","section":"11"},"geometry":{"type":"LineString","coordinates":[[134.75191,34.80626],[134.75404,34.80486]]}},{"type":"Feature","properties":{"route":"山陽線","alias":"JR神戸線","operator":"西日本旅客鉄道","section":"11"},"geometry":{"type":"LineString","coordinates":[[135.14655,34.65825],[135.1448,34.65727]]}},{"type":"Feature","properties":{"route":"山陽線","alias":"JR神戸線","operator":"西日本旅客鉄道","section":"11"},"geometry":{"type":"LineString","coordinates":[[134.75191,34.80626],[134.7365,34.81626]]}},{"type":"Feature","properties":{"route":"山陽線","alias":"JR神戸線","operator":"西日本旅客鉄道","section":"11"},"geometry":{"type":"LineString","coordinates":[[135.17838,34.68057],[135.17806,34.67787]]}},{"type":"Feature","properties":{"route":"山陽線","alias":"JR神戸線","operator":"西日本旅客鉄道","section":"11"},"geometry":{"type":"LineString","coordinates":[[134.95972,34.6662],[134.95632,34.66936]]}},{"type":"Feature","properties":{"route":"山陽線","alias":"JR神戸線","operator":"西日本旅客鉄道","section":"11"},"geometry":{"type":"LineString","coordinates":[[134.84042,34.76665],[134.83861,34.76846]]}},{"type":"Feature","properties":{"route":"山陽線","alias":"JR神戸線","operator":"西日本旅客鉄道","section":"11"},"geometry":{"type":"LineString","coordinates":[[135.17806,34.67787],[135.17619,34.67499],[135.16575,34.6687]]}},{"type":"Feature","properties":{"route":"山陽線","alias":"JR神戸線","operator":"西日本旅客鉄道","section":"11"},"geometry":{"type":"LineString","coordinates":[[135.03368,34.63368],[135.02863,34.6386],[135.01819,34.64402]]}},{"type":"Feature","properties":{"route":"山陽線","alias":"JR神戸線","operator":"西日本旅客鉄道","section":"11"},"geometry":{"type":"LineString","coordinates":[[134.99081,34.6493],[134.98294,34.65125],[134.97099,34.65849]]}},{"type":"Feature","properties":{"route":"山陽線","alias":"JR神戸線","operator":"西日本旅客鉄道","section":"11"},"geometry":{"type":"LineString","coordinates":[[134.9608,34.66547],[134.95972,34.6662]]}},{"type":"Feature","properties":{"route":"山陽線","alias":"JR神戸線","operator":"西日本旅客鉄道","section":"11"},"geometry":{"type":"LineString","coordinates":[[134.692862,34.826493],[134.688646,34.826981]]}},{"type":"Feature","properties":{"route":"山陽線","alias":"JR神戸線","operator":"西日本旅客鉄道","section":"11"},"geometry":{"type":"LineString","coordinates":[[134.76893,34.79372],[134.75404,34.80486]]}},{"type":"Feature","properties":{"route":"山陽線","alias":"JR神戸線","operator":"西日本旅客鉄道","section":"11"},"geometry":{"type":"LineString","coordinates":[[135.16477366,34.6680001],[135.16373106,34.66739154]]}},{"type":"Feature","properties":{"route":"山陽線","alias":"JR神戸線","operator":"西日本旅客鉄道","section":"11"},"geometry":{"type":"LineString","coordinates":[[134.9608,34.66547],[134.97099,34.65849]]}},{"type":"Feature","properties":{"route":"山陽線","alias":"JR神戸線","operator":"西日本旅客鉄道","section":"11"},"geometry":{"type":"LineString","coordinates":[[134.99456,34.64888],[134.99081,34.6493]]}},{"type":"Feature","properties":{"route":"山陽線","alias":"JR神戸線","operator":"西日本旅客鉄道","section":"11"},"geometry":{"type":"LineString","coordinates":[[135.03479,34.63281],[135.03368,34.63368]]}},{"type":"Feature","properties":{"route":"山陽線","alias":"JR神戸線","operator":"西日本旅客鉄道","section":"11"},"geometry":{"type":"LineString","coordinates":[[134.9381,34.68278],[134.93326,34.68588],[134.91154,34.69188],[134.90701,34.69554]]}},{"type":"Feature","properties":{"route":"山陽線","alias":"JR神戸線","operator":"西日本旅客鉄道","section":"11"},"geometry":{"type":"LineString","coordinates":[[135.01819,34.64402],[135.01677,34.64446]]}},{"type":"Feature","properties":{"route":"山陽線","alias":"JR神戸線","operator":"西日本旅客鉄道","section":"11"},"geometry":{"type":"LineString","coordinates":[[135.08412,34.63388],[135.08262,34.63357]]}},{"type":"Feature","properties":{"route":"山陽線","alias":"JR神戸線","operator":"西日本旅客鉄道","section":"11"},"geometry":{"type":"LineString","coordinates":[[135.13682,34.65257],[135.13431,34.65113]]}},{"type":"Feature","properties":{"route":"山陽線","alias":"JR神戸線","operator":"西日本旅客鉄道","section":"11"},"geometry":{"type":"LineString","coordinates":[[134.646,34.81393],[134.64355,34.8128]]}},{"type":"Feature","properties":{"route":"山陽線","alias":"JR神戸線","operator":"西日本旅客鉄道","section":"11"},"geometry":{"type":"LineString","coordinates":[[134.8884,34.72139],[134.88331,34.73017],[134.86995,34.74495]]}},{"type":"Feature","properties":{"route":"山陽線","alias":"JR神戸線","operator":"西日本旅客鉄道","section":"11"},"geometry":{"type":"LineString","coordinates":[[134.90701,34.69554],[134.90521,34.69734]]}},{"type":"Feature","properties":{"route":"山陽線","alias":"JR神戸線","operator":"西日本旅客鉄道","section":"11"},"geometry":{"type":"LineString","coordinates":[[135.1141,34.64253],[135.11121,34.642]]}},{"type":"Feature","properties":{"route":"山陽線","alias":"JR神戸線","operator":"西日本旅客鉄道","section":"11"},"geometry":{"type":"LineString","coordinates":[[134.8686,34.74642],[134.84042,34.76665]]}},{"type":"Feature","properties":{"route":"山陽線","alias":"JR神戸線","operator":"西日本旅客鉄道","section":"11"},"geometry":{"type":"LineString","coordinates":[[135.16575,34.6687],[135.1635,34.66746]]}},{"type":"Feature","properties":{"route":"山陽線","alias":"JR神戸線","operator":"西日本旅客鉄道","section":"11"},"geometry":{"type":"LineString","coordinates":[[134.95632,34.66936],[134.97099,34.65849]]}},{"type":"Feature","properties":{"route":"山陽線","alias":"JR神戸線","operator":"西日本旅客鉄道","section":"11"},"geometry":{"type":"LineString","coordinates":[[134.77086,34.79287],[134.76893,34.79372]]}},{"type":"Feature","properties":{"route":"山陽線","alias":"JR神戸線","operator":"西日本旅客鉄道","section":"11"},"geometry":{"type":"LineString","coordinates":[[135.05296,34.62902],[135.04209,34.62881],[135.03479,34.63281]]}},{"type":"Feature","properties":{"route":"山陽線","alias":"JR神戸線","operator":"西日本旅客鉄道","section":"11"},"geometry":{"type":"LineString","coordinates":[[134.688646,34.826981],[134.683268,34.827073],[134.646,34.81393]]}},{"type":"Feature","properties":{"route":"山陽線","alias":"JR神戸線","operator":"西日本旅客鉄道","section":"11"},"geometry":{"type":"LineString","coordinates":[[134.90521,34.69734],[134.8983,34.70434],[134.88964,34.71925]]}},{"type":"Feature","properties":{"route":"山陽線","alias":"JR神戸線","operator":"西日本旅客鉄道","section":"11"},"geometry":{"type":"LineString","coordinates":[[135.1448,34.65727],[135.13682,34.65257]]}},{"type":"Feature","properties":{"route":"山陽線","alias":"JR神戸線","operator":"西日本旅客鉄道","section":"11"},"geometry":{"type":"LineString","coordinates":[[134.94025,34.68119],[134.95632,34.66936]]}},{"type":"Feature","properties":{"route":"山陽線","alias":"JR神戸線","operator":"西日本旅客鉄道","section":"11"},"geometry":{"type":"LineString","coordinates":[[134.81069,34.78534],[134.79393,34.7915],[134.77086,34.79287]]}},{"type":"Feature","properties":{"route":"山陽線","alias":"JR神戸線","operator":"西日本旅客鉄道","section":"11"},"geometry":{"type":"LineString","coordinates":[[135.08262,34.63357],[135.06639,34.62952],[135.05475,34.62916]]}},{"type":"Feature","properties":{"route":"山陽線","alias":"JR神戸線","operator":"西日本旅客鉄道","section":"11"},"geometry":{"type":"LineString","coordinates":[[135.01677,34.64446],[134.99456,34.64888]]}},{"type":"Feature","properties":{"route":"山陽線","alias":"JR神戸線","operator":"西日本旅客鉄道","section":"11"},"geometry":{"type":"LineString","coordinates":[[134.7365,34.81626],[134.73416,34.81775]]}},{"type":"Feature","properties":{"route":"山陽線","alias":"JR神戸線","operator":"西日本旅客鉄道","section":"11"},"geometry":{"type":"LineString","coordinates":[[134.83861,34.76846],[134.82843,34.77832],[134.81368,34.78421]]}},{"type":"Feature","properties":{"route":"山陽線","alias":"JR神戸線","operator":"西日本旅客鉄道","section":"11"},"geometry":{"type":"LineString","coordinates":[[134.94025,34.68119],[134.9381,34.68278]]}},{"type":"Feature","properties":{"route":"山陽線","alias":"JR神戸線","operator":"西日本旅客鉄道","section":"11"},"geometry":{"type":"LineString","coordinates":[[134.55932,34.819],[134.57919,34.81555]]}},{"type":"Feature","properties":{"route":"山陽線","alias":"JR神戸線","operator":"西日本旅客鉄道","section":"11"},"geometry":{"type":"LineString","coordinates":[[134.27967,34.8083],[134.28608,34.81195],[134.29869,34.82679]]}},{"type":"Feature","properties":{"route":"山陽線","alias":"JR神戸線","operator":"西日本旅客鉄道","section":"11"},"geometry":{"type":"LineString","coordinates":[[134.3942,34.82929],[134.38594,34.8335],[134.38374,34.84615],[134.37704,34.86092],[134.37229,34.86317],[134.35987,34.86336],[134.3547,34.86552]]}},{"type":"Feature","properties":{"route":"山陽線","alias":"JR神戸線","operator":"西日本旅客鉄道","section":"11"},"geometry":{"type":"LineString","coordinates":[[134.58354,34.81453],[134.57919,34.81555]]}},{"type":"Feature","properties":{"route":"山陽線","alias":"JR神戸線","operator":"西日本旅客鉄道","section":"11"},"geometry":{"type":"LineString","coordinates":[[134.20587,34.81218],[134.20296,34.81231]]}},{"type":"Feature","properties":{"route":"山陽線","alias":"JR神戸線","operator":"西日本旅客鉄道","section":"11"},"geometry":{"type":"LineString","coordinates":[[134.02023,34.69909],[134.02106,34.69953]]}},{"type":"Feature","properties":{"route":"山陽線","alias":"JR神戸線","operator":"西日本旅客鉄道","section":"11"},"geometry":{"type":"LineString","coordinates":[[134.1518,34.79659],[134.15386,34.79794]]}},{"type":"Feature","properties":{"route":"山陽線","alias":"JR神戸線","operator":"西日本旅客鉄道","section":"11"},"geometry":{"type":"LineString","coordinates":[[134.29869,34.82679],[134.3062,34.83133],[134.31516,34.84319],[134.32097,34.84679],[134.3201,34.85291],[134.31713,34.85835],[134.31974,34.86996],[134.32213,34.87322],[134.32678,34.87392],[134.3388,34.86598],[134.34894,34.86686]]}},{"type":"Feature","properties":{"route":"山陽線","alias":"JR神戸線","operator":"西日本旅客鉄道","section":"11"},"geometry":{"type":"LineString","coordinates":[[134.34894,34.86686],[134.35235,34.86648]]}},{"type":"Feature","properties":{"route":"山陽線","alias":"JR神戸線","operator":"西日本旅客鉄道","section":"11"},"geometry":{"type":"LineString","coordinates":[[134.52265,34.82555],[134.53692,34.82695],[134.55055,34.8205],[134.55932,34.819]]}},{"type":"Feature","properties":{"route":"山陽線","alias":"JR神戸線","operator":"西日本旅客鉄道","section":"11"},"geometry":{"type":"LineString","coordinates":[[134.27967,34.8083],[134.29869,34.82679]]}},{"type":"Feature","properties":{"route":"山陽線","alias":"JR神戸線","operator":"西日本旅客鉄道","section":"11"},"geometry":{"type":"LineString","coordinates":[[134.02106,34.69953],[134.03085,34.70342],[134.03534,34.70786],[134.03651,34.72522],[134.04135,34.73339]]}},{"type":"Feature","properties":{"route":"山陽線","alias":"JR神戸線","operator":"西日本旅客鉄道","section":"11"},"geometry":{"type":"LineString","coordinates":[[134.27571,34.80429],[134.26933,34.80048],[134.24332,34.81047],[134.22426,34.80963],[134.20587,34.81218]]}},{"type":"Feature","properties":{"route":"山陽線","alias":"JR神戸線","operator":"西日本旅客鉄道","section":"11"},"geometry":{"type":"LineString","coordinates":[[134.08184,34.75904],[134.09447,34.76406],[134.10039,34.77321],[134.10713,34.77847],[134.10923,34.78247]]}},{"type":"Feature","properties":{"route":"山陽線","alias":"JR神戸線","operator":"西日本旅客鉄道","section":"11"},"geometry":{"type":"LineString","coordinates":[[134.58598,34.81396],[134.58354,34.81453]]}},{"type":"Feature","properties":{"route":"山陽線","alias":"JR神戸線","operator":"西日本旅客鉄道","section":"11"},"geometry":{"type":"LineString","coordinates":[[134.52265,34.82555],[134.52127,34.82537]]}},{"type":"Feature","properties":{"route":"山陽線","alias":"JR神戸線","operator":"西日本旅客鉄道","section":"11"},"geometry":{"type":"LineString","coordinates":[[134.55932,34.819],[134.57919,34.81555]]}},{"type":"Feature","properties":{"route":"山陽線","alias":"JR神戸線","operator":"西日本旅客鉄道","section":"11"},"geometry":{"type":"LineString","coordinates":[[134.15386,34.79794],[134.17283,34.81066],[134.18799,34.81403],[134.20296,34.81231]]}},{"type":"Feature","properties":{"route":"山陽線","alias":"JR神戸線","operator":"西日本旅客鉄道","section":"11"},"geometry":{"type":"LineString","coordinates":[[134.52127,34.82537],[134.50114,34.82034],[134.47571,34.81786]]}},{"type":"Feature","properties":{"route":"山陽線","alias":"JR神戸線","operator":"西日本旅客鉄道","section":"11"},"geometry":{"type":"LineString","coordinates":[[134.04245,34.73577],[134.05471,34.74568],[134.07926,34.75746]]}},{"type":"Feature","properties":{"route":"山陽線","alias":"JR神戸線","operator":"西日本旅客鉄道","section":"11"},"geometry":{"type":"LineString","coordinates":[[134.39734,34.82944],[134.3942,34.82929]]}},{"type":"Feature","properties":{"route":"山陽線","alias":"JR神戸線","operator":"西日本旅客鉄道","section":"11"},"geometry":{"type":"LineString","coordinates":[[134.10967,34.78471],[134.11151,34.7885],[134.11764,34.79124],[134.13404,34.79218],[134.1518,34.79659]]}},{"type":"Feature","properties":{"route":"山陽線","alias":"JR神戸線","operator":"西日本旅客鉄道","section":"11"},"geometry":{"type":"LineString","coordinates":[[134.35235,34.86648],[134.3547,34.86552]]}},{"type":"Feature","properties":{"route":"山陽線","alias":"JR神戸線","operator":"西日本旅客鉄道","section":"11"},"geometry":{"type":"LineString","coordinates":[[134.04135,34.73339],[134.04245,34.73577]]}},{"type":"Feature","properties":{"route":"山陽線","alias":"JR神戸線","operator":"西日本旅客鉄道","section":"11"},"geometry":{"type":"LineString","coordinates":[[134.27689,34.8057],[134.27967,34.8083]]}},{"type":"Feature","properties":{"route":"山陽線","alias":"JR神戸線","operator":"西日本旅客鉄道","section":"11"},"geometry":{"type":"LineString","coordinates":[[134.10923,34.78247],[134.10967,34.78471]]}},{"type":"Feature","properties":{"route":"山陽線","alias":"JR神戸線","operator":"西日本旅客鉄道","section":"11"},"geometry":{"type":"LineString","coordinates":[[134.07926,34.75746],[134.08184,34.75904]]}},{"type":"Feature","properties":{"route":"山陽線","alias":"JR神戸線","operator":"西日本旅客鉄道","section":"11"},"geometry":{"type":"LineString","coordinates":[[134.64355,34.8128],[134.63873,34.81089],[134.61566,34.81019]]}},{"type":"Feature","properties":{"route":"山陽線","alias":"JR神戸線","operator":"西日本旅客鉄道","section":"11"},"geometry":{"type":"LineString","coordinates":[[134.47023,34.81816],[134.45906,34.82422],[134.41654,34.83194],[134.41136,34.83236],[134.39734,34.82944]]}},{"type":"Feature","properties":{"route":"山陽線","alias":"JR神戸線","operator":"西日本旅客鉄道","section":"11"},"geometry":{"type":"LineString","coordinates":[[134.27571,34.80429],[134.27689,34.8057]]}},{"type":"Feature","properties":{"route":"山陽線","alias":"JR神戸線","operator":"西日本旅客鉄道","section":"11"},"geometry":{"type":"LineString","coordinates":[[134.47023,34.81816],[134.47155,34.8181]]}},{"type":"Feature","properties":{"route":"山陽線","alias":"JR神戸線","operator":"西日本旅客鉄道","section":"11"},"geometry":{"type":"LineString","coordinates":[[134.47571,34.81786],[134.47155,34.8181]]}},{"type":"Feature","properties":{"route":"山陽線","alias":"JR神戸線","operator":"西日本旅客鉄道","section":"11"},"geometry":{"type":"LineString","coordinates":[[133.92239,34.67488],[133.91978,34.66939]]}},{"type":"Feature","properties":{"route":"山陽線","alias":"JR神戸線","operator":"西日本旅客鉄道","section":"11"},"geometry":{"type":"LineString","coordinates":[[133.91922,34.66836],[133.91744,34.66556]]}},{"type":"Feature","properties":{"route":"山陽線","alias":"JR神戸線","operator":"西日本旅客鉄道","section":"11"},"geometry":{"type":"LineString","coordinates":[[133.91978,34.66939],[133.91922,34.66836]]}},{"type":"Feature","properties":{"route":"山陽線","alias":"JR神戸線","operator":"西日本旅客鉄道","section":"11"},"geometry":{"type":"LineString","coordinates":[[133.95868,34.68303],[133.95669,34.68286]]}},{"type":"Feature","properties":{"route":"山陽線","alias":"JR神戸線","operator":"西日本旅客鉄道","section":"11"},"geometry":{"type":"LineString","coordinates":[[133.99335,34.68614],[134.02023,34.69909]]}},{"type":"Feature","properties":{"route":"山陽線","alias":"JR神戸線","operator":"西日本旅客鉄道","section":"11"},"geometry":{"type":"LineString","coordinates":[[133.9884,34.68571],[133.99335,34.68614]]}},{"type":"Feature","properties":{"route":"山陽線","alias":"JR神戸線","operator":"西日本旅客鉄道","section":"11"},"geometry":{"type":"LineString","coordinates":[[133.93926,34.67927],[133.95669,34.68286]]}},{"type":"Feature","properties":{"route":"山陽線","alias":"JR神戸線","operator":"西日本旅客鉄道","section":"11"},"geometry":{"type":"LineString","coordinates":[[133.95868,34.68303],[133.98599,34.68548]]}},{"type":"Feature","properties":{"route":"山陽線","alias":"JR神戸線","operator":"西日本旅客鉄道","section":"11"},"geometry":{"type":"LineString","coordinates":[[133.98599,34.68548],[133.9884,34.68571]]}},{"type":"Feature","properties":{"route":"山陽線","alias":"JR神戸線","operator":"西日本旅客鉄道","section":"11"},"geometry":{"type":"LineString","coordinates":[[133.91744,34.66556],[133.90947,34.66058]]}},{"type":"Feature","properties":{"route":"山陽線","alias":"JR神戸線","operator":"西日本旅客鉄道","section":"11"},"geometry":{"type":"LineString","coordinates":[[133.76653,34.60246],[133.76449,34.60097]]}},{"type":"Feature","properties":{"route":"山陽線","alias":"JR神戸線","operator":"西日本旅客鉄道","section":"11"},"geometry":{"type":"LineString","coordinates":[[133.77703,34.60998],[133.78616,34.61667]]}},{"type":"Feature","properties":{"route":"山陽線","alias":"JR神戸線","operator":"西日本旅客鉄道","section":"11"},"geometry":{"type":"LineString","coordinates":[[133.62001,34.54074],[133.62199,34.54125]]}},{"type":"Feature","properties":{"route":"山陽線","alias":"JR神戸線","operator":"西日本旅客鉄道","section":"11"},"geometry":{"type":"LineString","coordinates":[[133.2334,34.43532],[133.23776,34.44029],[133.25767,34.45045]]}},{"type":"Feature","properties":{"route":"山陽線","alias":"JR神戸線","operator":"西日本旅客鉄道","section":"11"},"geometry":{"type":"LineString","coordinates":[[133.58672,34.52676],[133.58868,34.52771]]}},{"type":"Feature","properties":{"route":"山陽線","alias":"JR神戸線","operator":"西日本旅客鉄道","section":"11"},"geometry":{"type":"LineString","coordinates":[[133.54964,34.50733],[133.55146,34.50819]]}},{"type":"Feature","properties":{"route":"山陽線","alias":"JR神戸線","operator":"西日本旅客鉄道","section":"11"},"geometry":{"type":"LineString","coordinates":[[133.43892,34.49853],[133.42941,34.5031],[133.42211,34.49867],[133.40788,34.49552]]}},{"type":"Feature","properties":{"route":"山陽線","alias":"JR神戸線","operator":"西日本旅客鉄道","section":"11"},"geometry":{"type":"LineString","coordinates":[[133.40788,34.49552],[133.40521,34.49502]]}},{"type":"Feature","properties":{"route":"山陽線","alias":"JR神戸線","operator":"西日本旅客鉄道","section":"11"},"geometry":{"type":"LineString","coordinates":[[133.3541,34.48867],[133.34633,34.48837],[133.32417,34.48343],[133.30722,34.47289]]}},{"type":"Feature","properties":{"route":"山陽線","alias":"JR神戸線","operator":"西日本旅客鉄道","section":"11"},"geometry":{"type":"LineString","coordinates":[[133.30722,34.47289],[133.30483,34.47151]]}},{"type":"Feature","properties":{"route":"山陽線","alias":"JR神戸線","operator":"西日本旅客鉄道","section":"11"},"geometry":{"type":"LineString","coordinates":[[133.88554,34.65317],[133.8844,34.6527]]}},{"type":"Feature","properties":{"route":"山陽線","alias":"JR神戸線","operator":"西日本旅客鉄道","section":"11"},"geometry":{"type":"LineString","coordinates":[[133.77323,34.60721],[133.77703,34.60998]]}},{"type":"Feature","properties":{"route":"山陽線","alias":"JR神戸線","operator":"西日本旅客鉄道","section":"11"},"geometry":{"type":"LineString","coordinates":[[133.6799,34.56561],[133.67775,34.56421]]}},{"type":"Feature","properties":{"route":"山陽線","alias":"JR神戸線","operator":"西日本旅客鉄道","section":"11"},"geometry":{"type":"LineString","coordinates":[[133.50368,34.50524],[133.50543,34.50436]]}},{"type":"Feature","properties":{"route":"山陽線","alias":"JR神戸線","operator":"西日本旅客鉄道","section":"11"},"geometry":{"type":"LineString","coordinates":[[133.76662,34.60237],[133.76458,34.60086]]}},{"type":"Feature","properties":{"route":"山陽線","alias":"JR神戸線","operator":"西日本旅客鉄道","section":"11"},"geometry":{"type":"LineString","coordinates":[[133.44153,34.49809],[133.44933,34.50044],[133.47728,34.51673],[133.48342,34.51658],[133.49311,34.5125],[133.50368,34.50524]]}},{"type":"Feature","properties":{"route":"山陽線","alias":"JR神戸線","operator":"西日本旅客鉄道","section":"11"},"geometry":{"type":"LineString","coordinates":[[133.26017,34.45148],[133.25767,34.45045]]}},{"type":"Feature","properties":{"route":"山陽線","alias":"JR神戸線","operator":"西日本旅客鉄道","section":"11"},"geometry":{"type":"LineString","coordinates":[[133.8096,34.62694],[133.80679,34.62597]]}},{"type":"Feature","properties":{"route":"山陽線","alias":"JR神戸線","operator":"西日本旅客鉄道","section":"11"},"geometry":{"type":"LineString","coordinates":[[133.72668,34.58519],[133.71949,34.58227],[133.70497,34.58266],[133.6799,34.56561]]}},{"type":"Feature","properties":{"route":"山陽線","alias":"JR神戸線","operator":"西日本旅客鉄道","section":"11"},"geometry":{"type":"LineString","coordinates":[[133.80679,34.62597],[133.79255,34.62113],[133.78616,34.61667]]}},{"type":"Feature","properties":{"route":"山陽線","alias":"JR神戸線","operator":"西日本旅客鉄道","section":"11"},"geometry":{"type":"LineString","coordinates":[[133.76458,34.60086],[133.75114,34.59318],[133.73756,34.59025],[133.72916,34.58639]]}},{"type":"Feature","properties":{"route":"山陽線","alias":"JR神戸線","operator":"西日本旅客鉄道","section":"11"},"geometry":{"type":"LineString","coordinates":[[133.58868,34.52771],[133.59798,34.53537],[133.62001,34.54074]]}},{"type":"Feature","properties":{"route":"山陽線","alias":"JR神戸線","operator":"西日本旅客鉄道","section":"11"},"geometry":{"type":"LineString","coordinates":[[133.77323,34.60721],[133.77703,34.60998]]}},{"type":"Feature","properties":{"route":"山陽線","alias":"JR神戸線","operator":"西日本旅客鉄道","section":"11"},"geometry":{"type":"LineString","coordinates":[[133.62199,34.54125],[133.62751,34.54246],[133.64231,34.54175],[133.67775,34.56421]]}},{"type":"Feature","properties":{"route":"山陽線","alias":"JR神戸線","operator":"西日本旅客鉄道","section":"11"},"geometry":{"type":"LineString","coordinates":[[133.72916,34.58639],[133.72668,34.58519]]}},{"type":"Feature","properties":{"route":"山陽線","alias":"JR神戸線","operator":"西日本旅客鉄道","section":"11"},"geometry":{"type":"LineString","coordinates":[[133.30483,34.47151],[133.29233,34.46465],[133.26017,34.45148]]}},{"type":"Feature","properties":{"route":"山陽線","alias":"JR神戸線","operator":"西日本旅客鉄道","section":"11"},"geometry":{"type":"LineString","coordinates":[[133.76653,34.60246],[133.76724,34.60279]]}},{"type":"Feature","properties":{"route":"山陽線","alias":"JR神戸線","operator":"西日本旅客鉄道","section":"11"},"geometry":{"type":"LineString","coordinates":[[133.77703,34.60998],[133.78616,34.61667]]}},{"type":"Feature","properties":{"route":"山陽線","alias":"JR神戸線","operator":"西日本旅客鉄道","section":"11"},"geometry":{"type":"LineString","coordinates":[[133.55146,34.50819],[133.58672,34.52676]]}},{"type":"Feature","properties":{"route":"山陽線","alias":"JR神戸線","operator":"西日本旅客鉄道","section":"11"},"geometry":{"type":"LineString","coordinates":[[133.37239,34.49158],[133.36356,34.48958]]}},{"type":"Feature","properties":{"route":"山陽線","alias":"JR神戸線","operator":"西日本旅客鉄道","section":"11"},"geometry":{"type":"LineString","coordinates":[[133.76788,34.60328],[133.77323,34.60721]]}},{"type":"Feature","properties":{"route":"山陽線","alias":"JR神戸線","operator":"西日本旅客鉄道","section":"11"},"geometry":{"type":"LineString","coordinates":[[133.76724,34.60279],[133.76788,34.60328]]}},{"type":"Feature","properties":{"route":"山陽線","alias":"JR神戸線","operator":"西日本旅客鉄道","section":"11"},"geometry":{"type":"LineString","coordinates":[[133.44153,34.49809],[133.43892,34.49853]]}},{"type":"Feature","properties":{"route":"山陽線","alias":"JR神戸線","operator":"西日本旅客鉄道","section":"11"},"geometry":{"type":"LineString","coordinates":[[133.76662,34.60237],[133.76724,34.60279]]}},{"type":"Feature","properties":{"route":"山陽線","alias":"JR神戸線","operator":"西日本旅客鉄道","section":"11"},"geometry":{"type":"LineString","coordinates":[[133.85562,34.64326],[133.85317,34.64237]]}},{"type":"Feature","properties":{"route":"山陽線","alias":"JR神戸線","operator":"西日本旅客鉄道","section":"11"},"geometry":{"type":"LineString","coordinates":[[133.88554,34.65317],[133.90947,34.66058]]}},{"type":"Feature","properties":{"route":"山陽線","alias":"JR神戸線","operator":"西日本旅客鉄道","section":"11"},"geometry":{"type":"LineString","coordinates":[[133.50543,34.50436],[133.51125,34.50036],[133.52431,34.49957],[133.53459,34.50148],[133.54032,34.50583],[133.54964,34.50733]]}},{"type":"Feature","properties":{"route":"山陽線","alias":"JR神戸線","operator":"西日本旅客鉄道","section":"11"},"geometry":{"type":"LineString","coordinates":[[133.85317,34.64237],[133.84274,34.63708],[133.8096,34.62694]]}},{"type":"Feature","properties":{"route":"山陽線","alias":"JR神戸線","operator":"西日本旅客鉄道","section":"11"},"geometry":{"type":"LineString","coordinates":[[132.68676,34.44512],[132.69,34.44652]]}},{"type":"Feature","properties":{"route":"山陽線","alias":"JR神戸線","operator":"西日本旅客鉄道","section":"11"},"geometry":{"type":"LineString","coordinates":[[132.59774,34.42198],[132.61405,34.423],[132.63406,34.43595],[132.64066,34.43693],[132.64533,34.4343],[132.64942,34.43429],[132.65127,34.43638],[132.65041,34.44036],[132.65221,34.44315],[132.65876,34.44421],[132.66164,34.44765],[132.67117,34.45159]]}},{"type":"Feature","properties":{"route":"山陽線","alias":"JR神戸線","operator":"西日本旅客鉄道","section":"11"},"geometry":{"type":"LineString","coordinates":[[132.74545,34.43167],[132.74249,34.43111]]}},{"type":"Feature","properties":{"route":"山陽線","alias":"JR神戸線","operator":"西日本旅客鉄道","section":"11"},"geometry":{"type":"LineString","coordinates":[[133.08457,34.40058],[133.08143,34.40061]]}},{"type":"Feature","properties":{"route":"山陽線","alias":"JR神戸線","operator":"西日本旅客鉄道","section":"11"},"geometry":{"type":"LineString","coordinates":[[133.10381,34.39221],[133.09194,34.40023],[133.08457,34.40058]]}},{"type":"Feature","properties":{"route":"山陽線","alias":"JR神戸線","operator":"西日本旅客鉄道","section":"11"},"geometry":{"type":"LineString","coordinates":[[133.19147,34.40438],[133.19445,34.40536]]}},{"type":"Feature","properties":{"route":"山陽線","alias":"JR神戸線","operator":"西日本旅客鉄道","section":"11"},"geometry":{"type":"LineString","coordinates":[[132.85052,34.46029],[132.8487,34.45889],[132.84877,34.45647],[132.85493,34.45397],[132.85618,34.45179],[132.84906,34.44343],[132.8449,34.44162],[132.83352,34.44275]]}},{"type":"Feature","properties":{"route":"山陽線","alias":"JR神戸線","operator":"西日本旅客鉄道","section":"11"},"geometry":{"type":"LineString","coordinates":[[132.69,34.44652],[132.69472,34.44884],[132.71521,34.44722],[132.72214551,34.44016578]]}},{"type":"Feature","properties":{"route":"山陽線","alias":"JR神戸線","operator":"西日本旅客鉄道","section":"11"},"geometry":{"type":"LineString","coordinates":[[132.57898,34.40408],[132.58536,34.41502],[132.59084,34.42099],[132.59575,34.42204]]}},{"type":"Feature","properties":{"route":"山陽線","alias":"JR神戸線","operator":"西日本旅客鉄道","section":"11"},"geometry":{"type":"LineString","coordinates":[[133.2334,34.43532],[133.233,34.43474]]}},{"type":"Feature","properties":{"route":"山陽線","alias":"JR神戸線","operator":"西日本旅客鉄道","section":"11"},"geometry":{"type":"LineString","coordinates":[[133.1064,34.39128],[133.10381,34.39221]]}},{"type":"Feature","properties":{"route":"山陽線","alias":"JR神戸線","operator":"西日本旅客鉄道","section":"11"},"geometry":{"type":"LineString","coordinates":[[132.56433,34.39191],[132.5767,34.39887],[132.57851,34.40253]]}},{"type":"Feature","properties":{"route":"山陽線","alias":"JR神戸線","operator":"西日本旅客鉄道","section":"11"},"geometry":{"type":"LineString","coordinates":[[132.85289,34.46134],[132.85052,34.46029]]}},{"type":"Feature","properties":{"route":"山陽線","alias":"JR神戸線","operator":"西日本旅客鉄道","section":"11"},"geometry":{"type":"LineString","coordinates":[[132.85289,34.46134],[132.85609,34.4662],[132.86595,34.47414],[132.88782,34.4702]]}},{"type":"Feature","properties":{"route":"山陽線","alias":"JR神戸線","operator":"西日本旅客鉄道","section":"11"},"geometry":{"type":"LineString","coordinates":[[132.57851,34.40253],[132.57898,34.40408]]}},{"type":"Feature","properties":{"route":"山陽線","alias":"JR神戸線","operator":"西日本旅客鉄道","section":"11"},"geometry":{"type":"LineString","coordinates":[[132.74545,34.43167],[132.77915,34.44337],[132.7835,34.4468],[132.78693,34.44657]]}},{"type":"Feature","properties":{"route":"山陽線","alias":"JR神戸線","operator":"西日本旅客鉄道","section":"11"},"geometry":{"type":"LineString","coordinates":[[132.67117,34.45159],[132.67512,34.45032]]}},{"type":"Feature","properties":{"route":"山陽線","alias":"JR神戸線","operator":"西日本旅客鉄道","section":"11"},"geometry":{"type":"LineString","coordinates":[[132.83352,34.44275],[132.83087,34.44383]]}},{"type":"Feature","properties":{"route":"山陽線","alias":"JR神戸線","operator":"西日本旅客鉄道","section":"11"},"geometry":{"type":"LineString","coordinates":[[132.88782,34.4702],[132.89045,34.46891]]}},{"type":"Feature","properties":{"route":"山陽線","alias":"JR神戸線","operator":"西日本旅客鉄道","section":"11"},"geometry":{"type":"LineString","coordinates":[[132.78951,34.44588],[132.78693,34.44657]]}},{"type":"Feature","properties":{"route":"山陽線","alias":"JR神戸線","operator":"西日本旅客鉄道","section":"11"},"geometry":{"type":"LineString","coordinates":[[132.68972,34.44628],[132.69,34.44652]]}},{"type":"Feature","properties":{"route":"山陽線","alias":"JR神戸線","operator":"西日本旅客鉄道","section":"11"},"geometry":{"type":"LineString","coordinates":[[132.68734,34.44516],[132.68676,34.44512]]}},{"type":"Feature","properties":{"route":"山陽線","alias":"JR神戸線","operator":"西日本旅客鉄道","section":"11"},"geometry":{"type":"LineString","coordinates":[[132.9863,34.41003],[132.98143,34.41261],[132.98029,34.42375],[132.96295,34.43599],[132.95861,34.44121],[132.95063,34.44214],[132.95012,34.44731],[132.94775,34.45087],[132.91582,34.46181],[132.90701,34.46316],[132.90147,34.46727],[132.89045,34.46891]]}},{"type":"Feature","properties":{"route":"山陽線","alias":"JR神戸線","operator":"西日本旅客鉄道","section":"11"},"geometry":{"type":"LineString","coordinates":[[132.59575,34.42204],[132.59774,34.42198]]}},{"type":"Feature","properties":{"route":"山陽線","alias":"JR神戸線","operator":"西日本旅客鉄道","section":"11"},"geometry":{"type":"LineString","coordinates":[[132.67512,34.45032],[132.6806,34.4466],[132.68676,34.44512]]}},{"type":"Feature","properties":{"route":"山陽線","alias":"JR神戸線","operator":"西日本旅客鉄道","section":"11"},"geometry":{"type":"LineString","coordinates":[[132.83087,34.44383],[132.82595,34.44643],[132.81543,34.44578],[132.80991,34.44731],[132.79946,34.44333],[132.78951,34.44588]]}},{"type":"Feature","properties":{"route":"山陽線","alias":"JR神戸線","operator":"西日本旅客鉄道","section":"11"},"geometry":{"type":"LineString","coordinates":[[132.67117,34.45159],[132.67512,34.45032]]}},{"type":"Feature","properties":{"route":"山陽線","alias":"JR神戸線","operator":"西日本旅客鉄道","section":"11"},"geometry":{"type":"LineString","coordinates":[[132.68972,34.44628],[132.68734,34.44516]]}},{"type":"Feature","properties":{"route":"山陽線","alias":"JR神戸線","operator":"西日本旅客鉄道","section":"11"},"geometry":{"type":"LineString","coordinates":[[133.19445,34.40536],[133.20551,34.41268],[133.22026,34.40951],[133.22784,34.41168],[133.23053,34.41534],[133.22886,34.42852],[133.233,34.43474]]}},{"type":"Feature","properties":{"route":"山陽線","alias":"JR神戸線","operator":"西日本旅客鉄道","section":"11"},"geometry":{"type":"LineString","coordinates":[[133.07593,34.4006],[133.05392,34.39842],[133.03867,34.39412],[133.023,34.39933],[133.00929,34.40912],[132.98864,34.40918]]}},{"type":"Feature","properties":{"route":"山陽線","alias":"JR神戸線","operator":"西日本旅客鉄道","section":"11"},"geometry":{"type":"LineString","coordinates":[[133.08143,34.40061],[133.07593,34.4006]]}},{"type":"Feature","properties":{"route":"山陽線","alias":"JR神戸線","operator":"西日本旅客鉄道","section":"11"},"geometry":{"type":"LineString","coordinates":[[132.98864,34.40918],[132.9863,34.41003]]}},{"type":"Feature","properties":{"route":"山陽線","alias":"JR神戸線","operator":"西日本旅客鉄道","section":"11"},"geometry":{"type":"LineString","coordinates":[[133.1064,34.39128],[133.11144,34.38929],[133.11807,34.38318],[133.12687,34.38327],[133.14451,34.39267],[133.19147,34.40438]]}},{"type":"Feature","properties":{"route":"山陽線","alias":"JR神戸線","operator":"西日本旅客鉄道","section":"11"},"geometry":{"type":"LineString","coordinates":[[132.52948,34.37216],[132.53175,34.37163]]}},{"type":"Feature","properties":{"route":"山陽線","alias":"JR神戸線","operator":"西日本旅客鉄道","section":"11"},"geometry":{"type":"LineString","coordinates":[[132.47397,34.39816],[132.47697,34.39683]]}},{"type":"Feature","properties":{"route":"山陽線","alias":"JR神戸線","operator":"西日本旅客鉄道","section":"11"},"geometry":{"type":"LineString","coordinates":[[132.48732,34.39321],[132.47697,34.39683]]}},{"type":"Feature","properties":{"route":"山陽線","alias":"JR神戸線","operator":"西日本旅客鉄道","section":"11"},"geometry":{"type":"LineString","coordinates":[[132.44996,34.4105],[132.45151,34.41055]]}},{"type":"Feature","properties":{"route":"山陽線","alias":"JR神戸線","operator":"西日本旅客鉄道","section":"11"},"geometry":{"type":"LineString","coordinates":[[132.22482,34.16993],[132.22406,34.16808]]}},{"type":"Feature","properties":{"route":"山陽線","alias":"JR神戸線","operator":"西日本旅客鉄道","section":"11"},"geometry":{"type":"LineString","coordinates":[[132.44885,34.41002],[132.45204,34.41027]]}},{"type":"Feature","properties":{"route":"山陽線","alias":"JR神戸線","operator":"西日本旅客鉄道","section":"11"},"geometry":{"type":"LineString","coordinates":[[132.5624,34.39007],[132.5479,34.37684],[132.53817,34.37218],[132.53234,34.37172]]}},{"type":"Feature","properties":{"route":"山陽線","alias":"JR神戸線","operator":"西日本旅客鉄道","section":"11"},"geometry":{"type":"LineString","coordinates":[[132.3345,34.35711],[132.33637,34.35866]]}},{"type":"Feature","properties":{"route":"山陽線","alias":"JR神戸線","operator":"西日本旅客鉄道","section":"11"},"geometry":{"type":"LineString","coordinates":[[132.20691,34.13614],[132.20516,34.13422]]}},{"type":"Feature","properties":{"route":"山陽線","alias":"JR神戸線","operator":"西日本旅客鉄道","section":"11"},"geometry":{"type":"LineString","coordinates":[[132.42905,34.39884],[132.4391,34.40847],[132.44885,34.41002]]}},{"type":"Feature","properties":{"route":"山陽線","alias":"JR神戸線","operator":"西日本旅客鉄道","section":"11"},"geometry":{"type":"LineString","coordinates":[[132.39193,34.37569],[132.41563,34.38897],[132.427,34.39731]]}},{"type":"Feature","properties":{"route":"山陽線","alias":"JR神戸線","operator":"西日本旅客鉄道","section":"11"},"geometry":{"type":"LineString","coordinates":[[132.52953,34.37234],[132.53234,34.37172]]}},{"type":"Feature","properties":{"route":"山陽線","alias":"JR神戸線","operator":"西日本旅客鉄道","section":"11"},"geometry":{"type":"LineString","coordinates":[[132.52804,34.37266],[132.52948,34.37216]]}},{"type":"Feature","properties":{"route":"山陽線","alias":"JR神戸線","operator":"西日本旅客鉄道","section":"11"},"geometry":{"type":"LineString","coordinates":[[132.46172450000003,34.40825871],[132.46679,34.4059],[132.47397,34.39816]]}},{"type":"Feature","properties":{"route":"山陽線","alias":"JR神戸線","operator":"西日本旅客鉄道","section":"11"},"geometry":{"type":"LineString","coordinates":[[132.22867,34.25611],[132.22759,34.25444]]}},{"type":"Feature","properties":{"route":"山陽線","alias":"JR神戸線","operator":"西日本旅客鉄道","section":"11"},"geometry":{"type":"LineString","coordinates":[[132.4966,34.38997],[132.49834,34.38954]]}},{"type":"Feature","properties":{"route":"山陽線","alias":"JR神戸線","operator":"西日本旅客鉄道","section":"11"},"geometry":{"type":"LineString","coordinates":[[132.49834,34.38954],[132.49918,34.38929]]}},{"type":"Feature","properties":{"route":"山陽線","alias":"JR神戸線","operator":"西日本旅客鉄道","section":"11"},"geometry":{"type":"LineString","coordinates":[[132.48732,34.39321],[132.49918,34.38929]]}},{"type":"Feature","properties":{"route":"山陽線","alias":"JR神戸線","operator":"西日本旅客鉄道","section":"11"},"geometry":{"type":"LineString","coordinates":[[132.28966,34.30146],[132.28889,34.30077]]}},{"type":"Feature","properties":{"route":"山陽線","alias":"JR神戸線","operator":"西日本旅客鉄道","section":"11"},"geometry":{"type":"LineString","coordinates":[[132.20516,34.13422],[132.19816,34.11719],[132.1983,34.11379]]}},{"type":"Feature","properties":{"route":"山陽線","alias":"JR神戸線","operator":"西日本旅客鉄道","section":"11"},"geometry":{"type":"LineString","coordinates":[[132.50663,34.37611],[132.50538,34.37764]]}},{"type":"Feature","properties":{"route":"山陽線","alias":"JR神戸線","operator":"西日本旅客鉄道","section":"11"},"geometry":{"type":"LineString","coordinates":[[132.4966,34.38997],[132.47741,34.39629]]}},{"type":"Feature","properties":{"route":"山陽線","alias":"JR神戸線","operator":"西日本旅客鉄道","section":"11"},"geometry":{"type":"LineString","coordinates":[[132.32409,34.34945],[132.32551,34.35263],[132.3345,34.35711]]}},{"type":"Feature","properties":{"route":"山陽線","alias":"JR神戸線","operator":"西日本旅客鉄道","section":"11"},"geometry":{"type":"LineString","coordinates":[[132.33637,34.35866],[132.34267,34.36447],[132.3663,34.36651]]}},{"type":"Feature","properties":{"route":"山陽線","alias":"JR神戸線","operator":"西日本旅客鉄道","section":"11"},"geometry":{"type":"LineString","coordinates":[[132.31439,34.32346],[132.31877,34.3321],[132.31936,34.34016],[132.32376,34.34808]]}},{"type":"Feature","properties":{"route":"山陽線","alias":"JR神戸線","operator":"西日本旅客鉄道","section":"11"},"geometry":{"type":"LineString","coordinates":[[132.26488,34.28231],[132.26008,34.27479],[132.24825,34.26533],[132.23224,34.25989],[132.22867,34.25611]]}},{"type":"Feature","properties":{"route":"山陽線","alias":"JR神戸線","operator":"西日本旅客鉄道","section":"11"},"geometry":{"type":"LineString","coordinates":[[132.32376,34.34808],[132.32409,34.34945]]}},{"type":"Feature","properties":{"route":"山陽線","alias":"JR神戸線","operator":"西日本旅客鉄道","section":"11"},"geometry":{"type":"LineString","coordinates":[[132.427,34.39731],[132.42905,34.39884]]}},{"type":"Feature","properties":{"route":"山陽線","alias":"JR神戸線","operator":"西日本旅客鉄道","section":"11"},"geometry":{"type":"LineString","coordinates":[[132.28889,34.30077],[132.28157,34.28992],[132.26931,34.28775],[132.2661,34.28458]]}},{"type":"Feature","properties":{"route":"山陽線","alias":"JR神戸線","operator":"西日本旅客鉄道","section":"11"},"geometry":{"type":"LineString","coordinates":[[132.1983,34.11379],[132.19878,34.11147]]}},{"type":"Feature","properties":{"route":"山陽線","alias":"JR神戸線","operator":"西日本旅客鉄道","section":"11"},"geometry":{"type":"LineString","coordinates":[[132.52804,34.37266],[132.52953,34.37234]]}},{"type":"Feature","properties":{"route":"山陽線","alias":"JR神戸線","operator":"西日本旅客鉄道","section":"11"},"geometry":{"type":"LineString","coordinates":[[132.45204,34.41027],[132.45326,34.41029]]}},{"type":"Feature","properties":{"route":"山陽線","alias":"JR神戸線","operator":"西日本旅客鉄道","section":"11"},"geometry":{"type":"LineString","coordinates":[[132.22632,34.17345],[132.2249,34.17011]]}},{"type":"Feature","properties":{"route":"山陽線","alias":"JR神戸線","operator":"西日本旅客鉄道","section":"11"},"geometry":{"type":"LineString","coordinates":[[132.50538,34.37764],[132.50324,34.38063],[132.50245,34.38717],[132.49918,34.38929]]}},{"type":"Feature","properties":{"route":"山陽線","alias":"JR神戸線","operator":"西日本旅客鉄道","section":"11"},"geometry":{"type":"LineString","coordinates":[[132.22818,34.20338],[132.23083,34.19846],[132.2286,34.18925],[132.23024,34.18303],[132.22632,34.17345]]}},{"type":"Feature","properties":{"route":"山陽線","alias":"JR神戸線","operator":"西日本旅客鉄道","section":"11"},"geometry":{"type":"LineString","coordinates":[[132.30337,34.31317],[132.31413,34.32283]]}},{"type":"Feature","properties":{"route":"山陽線","alias":"JR神戸線","operator":"西日本旅客鉄道","section":"11"},"geometry":{"type":"LineString","coordinates":[[132.28966,34.30146],[132.29773,34.30614],[132.30206,34.31105]]}},{"type":"Feature","properties":{"route":"山陽線","alias":"JR神戸線","operator":"西日本旅客鉄道","section":"11"},"geometry":{"type":"LineString","coordinates":[[132.30206,34.31105],[132.30337,34.31317]]}},{"type":"Feature","properties":{"route":"山陽線","alias":"JR神戸線","operator":"西日本旅客鉄道","section":"11"},"geometry":{"type":"LineString","coordinates":[[132.39055,34.37484],[132.39193,34.37569]]}},{"type":"Feature","properties":{"route":"山陽線","alias":"JR神戸線","operator":"西日本旅客鉄道","section":"11"},"geometry":{"type":"LineString","coordinates":[[132.2661,34.28458],[132.26488,34.28231]]}},{"type":"Feature","properties":{"route":"山陽線","alias":"JR神戸線","operator":"西日本旅客鉄道","section":"11"},"geometry":{"type":"LineString","coordinates":[[132.22406,34.16808],[132.22386,34.16],[132.22191,34.1558],[132.20691,34.13614]]}},{"type":"Feature","properties":{"route":"山陽線","alias":"JR神戸線","operator":"西日本旅客鉄道","section":"11"},"geometry":{"type":"LineString","coordinates":[[132.45151,34.41055],[132.45326,34.41029]]}},{"type":"Feature","properties":{"route":"山陽線","alias":"JR神戸線","operator":"西日本旅客鉄道","section":"11"},"geometry":{"type":"LineString","coordinates":[[132.56433,34.39191],[132.5624,34.39007]]}},{"type":"Feature","properties":{"route":"山陽線","alias":"JR神戸線","operator":"西日本旅客鉄道","section":"11"},"geometry":{"type":"LineString","coordinates":[[132.3663,34.36651],[132.36916,34.36717]]}},{"type":"Feature","properties":{"route":"山陽線","alias":"JR神戸線","operator":"西日本旅客鉄道","section":"11"},"geometry":{"type":"LineString","coordinates":[[132.22306,34.21913],[132.21846,34.23721],[132.2203,34.24463],[132.22759,34.25444]]}},{"type":"Feature","properties":{"route":"山陽線","alias":"JR神戸線","operator":"西日本旅客鉄道","section":"11"},"geometry":{"type":"LineString","coordinates":[[132.31413,34.32283],[132.31439,34.32346]]}},{"type":"Feature","properties":{"route":"山陽線","alias":"JR神戸線","operator":"西日本旅客鉄道","section":"11"},"geometry":{"type":"LineString","coordinates":[[132.22381,34.21637],[132.22306,34.21913]]}},{"type":"Feature","properties":{"route":"山陽線","alias":"JR神戸線","operator":"西日本旅客鉄道","section":"11"},"geometry":{"type":"LineString","coordinates":[[132.2249,34.17011],[132.22482,34.16993]]}},{"type":"Feature","properties":{"route":"山陽線","alias":"JR神戸線","operator":"西日本旅客鉄道","section":"11"},"geometry":{"type":"LineString","coordinates":[[132.47741,34.39629],[132.47397,34.39816]]}},{"type":"Feature","properties":{"route":"山陽線","alias":"JR神戸線","operator":"西日本旅客鉄道","section":"11"},"geometry":{"type":"LineString","coordinates":[[132.50663,34.37611],[132.50937,34.37449],[132.51557,34.37525],[132.52804,34.37266]]}},{"type":"Feature","properties":{"route":"山陽線","alias":"JR神戸線","operator":"西日本旅客鉄道","section":"11"},"geometry":{"type":"LineString","coordinates":[[132.39055,34.37484],[132.38352,34.37064],[132.36916,34.36717]]}},{"type":"Feature","properties":{"route":"山陽線","alias":"JR神戸線","operator":"西日本旅客鉄道","section":"11"},"geometry":{"type":"LineString","coordinates":[[131.82985,34.03014],[131.82843,34.03168]]}},{"type":"Feature","properties":{"route":"山陽線","alias":"JR神戸線","operator":"西日本旅客鉄道","section":"11"},"geometry":{"type":"LineString","coordinates":[[131.99546,33.98108],[131.99621,33.97998]]}},{"type":"Feature","properties":{"route":"山陽線","alias":"JR神戸線","operator":"西日本旅客鉄道","section":"11"},"geometry":{"type":"LineString","coordinates":[[131.96152,33.9915],[131.96022,33.98943]]}},{"type":"Feature","properties":{"route":"山陽線","alias":"JR神戸線","operator":"西日本旅客鉄道","section":"11"},"geometry":{"type":"LineString","coordinates":[[132.21339,34.0445],[132.21389,34.04221]]}},{"type":"Feature","properties":{"route":"山陽線","alias":"JR神戸線","operator":"西日本旅客鉄道","section":"11"},"geometry":{"type":"LineString","coordinates":[[131.86864,34.00802],[131.86727,34.00986]]}},{"type":"Feature","properties":{"route":"山陽線","alias":"JR神戸線","operator":"西日本旅客鉄道","section":"11"},"geometry":{"type":"LineString","coordinates":[[131.98081,33.99968],[131.98623,33.99222]]}},{"type":"Feature","properties":{"route":"山陽線","alias":"JR神戸線","operator":"西日本旅客鉄道","section":"11"},"geometry":{"type":"LineString","coordinates":[[131.77129,34.0692],[131.76827,34.06977]]}},{"type":"Feature","properties":{"route":"山陽線","alias":"JR神戸線","operator":"西日本旅客鉄道","section":"11"},"geometry":{"type":"LineString","coordinates":[[132.21019,33.9997],[132.21357,34.00462],[132.21754,34.02392],[132.21591,34.03078]]}},{"type":"Feature","properties":{"route":"山陽線","alias":"JR神戸線","operator":"西日本旅客鉄道","section":"11"},"geometry":{"type":"LineString","coordinates":[[131.91321,33.97388],[131.90111,33.97534],[131.88897,33.9855],[131.88584,33.99078],[131.8767,33.99759],[131.86864,34.00802]]}},{"type":"Feature","properties":{"route":"山陽線","alias":"JR神戸線","operator":"西日本旅客鉄道","section":"11"},"geometry":{"type":"LineString","coordinates":[[132.1738,33.96325],[132.17883,33.96363]]}},{"type":"Feature","properties":{"route":"山陽線","alias":"JR神戸線","operator":"西日本旅客鉄道","section":"11"},"geometry":{"type":"LineString","coordinates":[[131.76827,34.06977],[131.73986,34.07222]]}},{"type":"Feature","properties":{"route":"山陽線","alias":"JR神戸線","operator":"西日本旅客鉄道","section":"11"},"geometry":{"type":"LineString","coordinates":[[131.80159,34.05245],[131.797,34.06238],[131.7892,34.06695],[131.77129,34.0692]]}},{"type":"Feature","properties":{"route":"山陽線","alias":"JR神戸線","operator":"西日本旅客鉄道","section":"11"},"geometry":{"type":"LineString","coordinates":[[132.17955,33.96347],[132.17883,33.96363]]}},{"type":"Feature","properties":{"route":"山陽線","alias":"JR神戸線","operator":"西日本旅客鉄道","section":"11"},"geometry":{"type":"LineString","coordinates":[[131.99435,33.98278],[131.98623,33.99222]]}},{"type":"Feature","properties":{"route":"山陽線","alias":"JR神戸線","operator":"西日本旅客鉄道","section":"11"},"geometry":{"type":"LineString","coordinates":[[131.73986,34.07222],[131.73718,34.07194]]}},{"type":"Feature","properties":{"route":"山陽線","alias":"JR神戸線","operator":"西日本旅客鉄道","section":"11"},"geometry":{"type":"LineString","coordinates":[[131.98081,33.99968],[131.98623,33.99222]]}},{"type":"Feature","properties":{"route":"山陽線","alias":"JR神戸線","operator":"西日本旅客鉄道","section":"11"},"geometry":{"type":"LineString","coordinates":[[132.21502,34.03712],[132.21591,34.03078]]}},{"type":"Feature","properties":{"route":"山陽線","alias":"JR神戸線","operator":"西日本旅客鉄道","section":"11"},"geometry":{"type":"LineString","coordinates":[[132.20715,34.07534],[132.20814,34.07932]]}},{"type":"Feature","properties":{"route":"山陽線","alias":"JR神戸線","operator":"西日本旅客鉄道","section":"11"},"geometry":{"type":"LineString","coordinates":[[132.19878,34.11147],[132.20236,34.09973],[132.21034,34.08495],[132.20814,34.07932]]}},{"type":"Feature","properties":{"route":"山陽線","alias":"JR神戸線","operator":"西日本旅客鉄道","section":"11"},"geometry":{"type":"LineString","coordinates":[[131.86727,34.00986],[131.85924,34.01519],[131.83865,34.01951],[131.82985,34.03014]]}},{"type":"Feature","properties":{"route":"山陽線","alias":"JR神戸線","operator":"西日本旅客鉄道","section":"11"},"geometry":{"type":"LineString","coordinates":[[132.18257,33.96256],[132.17955,33.96347]]}},{"type":"Feature","properties":{"route":"山陽線","alias":"JR神戸線","operator":"西日本旅客鉄道","section":"11"},"geometry":{"type":"LineString","coordinates":[[132.13274,33.95858],[132.11515,33.96465],[132.10769,33.96503]]}},{"type":"Feature","properties":{"route":"山陽線","alias":"JR神戸線","operator":"西日本旅客鉄道","section":"11"},"geometry":{"type":"LineString","coordinates":[[131.82843,34.03168],[131.82439,34.03707],[131.80716,34.04639],[131.80337,34.0503]]}},{"type":"Feature","properties":{"route":"山陽線","alias":"JR神戸線","operator":"西日本旅客鉄道","section":"11"},"geometry":{"type":"LineString","coordinates":[[132.21502,34.03712],[132.21591,34.03078]]}},{"type":"Feature","properties":{"route":"山陽線","alias":"JR神戸線","operator":"西日本旅客鉄道","section":"11"},"geometry":{"type":"LineString","coordinates":[[132.20715,34.07534],[132.20814,34.07932]]}},{"type":"Feature","properties":{"route":"山陽線","alias":"JR神戸線","operator":"西日本旅客鉄道","section":"11"},"geometry":{"type":"LineString","coordinates":[[131.96022,33.98943],[131.95669,33.98648],[131.92926,33.97904],[131.91655,33.97403]]}},{"type":"Feature","properties":{"route":"山陽線","alias":"JR神戸線","operator":"西日本旅客鉄道","section":"11"},"geometry":{"type":"LineString","coordinates":[[131.99753,33.97869],[131.99621,33.97998]]}},{"type":"Feature","properties":{"route":"山陽線","alias":"JR神戸線","operator":"西日本旅客鉄道","section":"11"},"geometry":{"type":"LineString","coordinates":[[132.13618,33.95798],[132.13274,33.95858]]}},{"type":"Feature","properties":{"route":"山陽線","alias":"JR神戸線","operator":"西日本旅客鉄道","section":"11"},"geometry":{"type":"LineString","coordinates":[[132.04224,33.95875],[132.04558,33.95877]]}},{"type":"Feature","properties":{"route":"山陽線","alias":"JR神戸線","operator":"西日本旅客鉄道","section":"11"},"geometry":{"type":"LineString","coordinates":[[131.80337,34.0503],[131.80159,34.05245]]}},{"type":"Feature","properties":{"route":"山陽線","alias":"JR神戸線","operator":"西日本旅客鉄道","section":"11"},"geometry":{"type":"LineString","coordinates":[[131.91655,33.97403],[131.91321,33.97388]]}},{"type":"Feature","properties":{"route":"山陽線","alias":"JR神戸線","operator":"西日本旅客鉄道","section":"11"},"geometry":{"type":"LineString","coordinates":[[132.1738,33.96325],[132.17883,33.96363]]}},{"type":"Feature","properties":{"route":"山陽線","alias":"JR神戸線","operator":"西日本旅客鉄道","section":"11"},"geometry":{"type":"LineString","coordinates":[[132.20494,34.06694],[132.2063,34.06018],[132.21173,34.05143],[132.21339,34.0445]]}},{"type":"Feature","properties":{"route":"山陽線","alias":"JR神戸線","operator":"西日本旅客鉄道","section":"11"},"geometry":{"type":"LineString","coordinates":[[132.20495,34.06926],[132.20494,34.06694]]}},{"type":"Feature","properties":{"route":"山陽線","alias":"JR神戸線","operator":"西日本旅客鉄道","section":"11"},"geometry":{"type":"LineString","coordinates":[[132.21389,34.04221],[132.21502,34.03712]]}},{"type":"Feature","properties":{"route":"山陽線","alias":"JR神戸線","operator":"西日本旅客鉄道","section":"11"},"geometry":{"type":"LineString","coordinates":[[132.10463,33.96642],[132.10769,33.96503]]}},{"type":"Feature","properties":{"route":"山陽線","alias":"JR神戸線","operator":"西日本旅客鉄道","section":"11"},"geometry":{"type":"LineString","coordinates":[[131.99546,33.98108],[131.99435,33.98278]]}},{"type":"Feature","properties":{"route":"山陽線","alias":"JR神戸線","operator":"西日本旅客鉄道","section":"11"},"geometry":{"type":"LineString","coordinates":[[131.99621,33.97998],[131.99965,33.97637],[132.00711,33.97474],[132.01249,33.96984],[132.01762,33.96801],[132.02685,33.95989],[132.04224,33.95875]]}},{"type":"Feature","properties":{"route":"山陽線","alias":"JR神戸線","operator":"西日本旅客鉄道","section":"11"},"geometry":{"type":"LineString","coordinates":[[132.20831,33.99785],[132.20007,33.98805],[132.19848,33.98027],[132.18959,33.96586],[132.18612,33.96266],[132.18257,33.96256]]}},{"type":"Feature","properties":{"route":"山陽線","alias":"JR神戸線","operator":"西日本旅客鉄道","section":"11"},"geometry":{"type":"LineString","coordinates":[[131.96152,33.9915],[131.96798,34.00014],[131.97661,34.00118],[131.98081,33.99968]]}},{"type":"Feature","properties":{"route":"山陽線","alias":"JR神戸線","operator":"西日本旅客鉄道","section":"11"},"geometry":{"type":"LineString","coordinates":[[132.04558,33.95877],[132.07344,33.9706],[132.094,33.97088],[132.10463,33.96642]]}},{"type":"Feature","properties":{"route":"山陽線","alias":"JR神戸線","operator":"西日本旅客鉄道","section":"11"},"geometry":{"type":"LineString","coordinates":[[132.21019,33.9997],[132.20831,33.99785]]}},{"type":"Feature","properties":{"route":"山陽線","alias":"JR神戸線","operator":"西日本旅客鉄道","section":"11"},"geometry":{"type":"LineString","coordinates":[[132.20495,34.06926],[132.20715,34.07534]]}},{"type":"Feature","properties":{"route":"山陽線","alias":"JR神戸線","operator":"西日本旅客鉄道","section":"11"},"geometry":{"type":"LineString","coordinates":[[132.13618,33.95798],[132.15179,33.95654],[132.15907,33.95742],[132.1738,33.96325]]}},{"type":"Feature","properties":{"route":"山陽線","alias":"JR神戸線","operator":"西日本旅客鉄道","section":"11"},"geometry":{"type":"LineString","coordinates":[[131.15913,34.05417],[131.16136,34.05325]]}},{"type":"Feature","properties":{"route":"山陽線","alias":"JR神戸線","operator":"西日本旅客鉄道","section":"11"},"geometry":{"type":"LineString","coordinates":[[131.3975,34.09471],[131.39506,34.09325]]}},{"type":"Feature","properties":{"route":"山陽線","alias":"JR神戸線","operator":"西日本旅客鉄道","section":"11"},"geometry":{"type":"LineString","coordinates":[[131.22325,34.00296],[131.22083,34.00364]]}},{"type":"Feature","properties":{"route":"山陽線","alias":"JR神戸線","operator":"西日本旅客鉄道","section":"11"},"geometry":{"type":"LineString","coordinates":[[131.6811,34.05497],[131.68586,34.05291],[131.69019,34.05468]]}},{"type":"Feature","properties":{"route":"山陽線","alias":"JR神戸線","operator":"西日本旅客鉄道","section":"11"},"geometry":{"type":"LineString","coordinates":[[131.65225,34.04124],[131.6602,34.04064],[131.66708,34.04475],[131.67318,34.04631],[131.67529,34.04952]]}},{"type":"Feature","properties":{"route":"山陽線","alias":"JR神戸線","operator":"西日本旅客鉄道","section":"11"},"geometry":{"type":"LineString","coordinates":[[131.60606,34.04354],[131.61324,34.04075]]}},{"type":"Feature","properties":{"route":"山陽線","alias":"JR神戸線","operator":"西日本旅客鉄道","section":"11"},"geometry":{"type":"LineString","coordinates":[[131.37143,34.06741],[131.36965,34.06559]]}},{"type":"Feature","properties":{"route":"山陽線","alias":"JR神戸線","operator":"西日本旅客鉄道","section":"11"},"geometry":{"type":"LineString","coordinates":[[131.44898,34.07922],[131.46966,34.06248],[131.48717,34.05394]]}},{"type":"Feature","properties":{"route":"山陽線","alias":"JR神戸線","operator":"西日本旅客鉄道","section":"11"},"geometry":{"type":"LineString","coordinates":[[131.17458,34.03131],[131.17612,34.02514]]}},{"type":"Feature","properties":{"route":"山陽線","alias":"JR神戸線","operator":"西日本旅客鉄道","section":"11"},"geometry":{"type":"LineString","coordinates":[[131.56998,34.05318],[131.59115,34.05105],[131.60606,34.04354]]}},{"type":"Feature","properties":{"route":"山陽線","alias":"JR神戸線","operator":"西日本旅客鉄道","section":"11"},"geometry":{"type":"LineString","coordinates":[[131.6811,34.05497],[131.68591,34.05325],[131.69019,34.05468]]}},{"type":"Feature","properties":{"route":"山陽線","alias":"JR神戸線","operator":"西日本旅客鉄道","section":"11"},"geometry":{"type":"LineString","coordinates":[[131.34323,34.03076],[131.33901,34.02598],[131.33753,34.01986],[131.33523,34.01825],[131.31952,34.01733],[131.31372,34.01995],[131.30627,34.01992],[131.2963,34.01695],[131.28974,34.01953],[131.2867,34.02625],[131.28756,34.03123],[131.28498,34.03941],[131.27993,34.04135],[131.26932,34.03891]]}},{"type":"Feature","properties":{"route":"山陽線","alias":"JR神戸線","operator":"西日本旅客鉄道","section":"11"},"geometry":{"type":"LineString","coordinates":[[131.56805,34.05325],[131.56998,34.05318]]}},{"type":"Feature","properties":{"route":"山陽線","alias":"JR神戸線","operator":"西日本旅客鉄道","section":"11"},"geometry":{"type":"LineString","coordinates":[[131.63791,34.04826],[131.62256,34.03932],[131.61835,34.03889],[131.61324,34.04075]]}},{"type":"Feature","properties":{"route":"山陽線","alias":"JR神戸線","operator":"西日本旅客鉄道","section":"11"},"geometry":{"type":"LineString","coordinates":[[131.3975,34.09471],[131.40853,34.09482],[131.4467,34.08087]]}},{"type":"Feature","properties":{"route":"山陽線","alias":"JR神戸線","operator":"西日本旅客鉄道","section":"11"},"geometry":{"type":"LineString","coordinates":[[131.64026,34.0488],[131.64385,34.04831],[131.64838,34.04402]]}},{"type":"Feature","properties":{"route":"山陽線","alias":"JR神戸線","operator":"西日本旅客鉄道","section":"11"},"geometry":{"type":"LineString","coordinates":[[131.4467,34.08087],[131.44898,34.07922]]}},{"type":"Feature","properties":{"route":"山陽線","alias":"JR神戸線","operator":"西日本旅客鉄道","section":"11"},"geometry":{"type":"LineString","coordinates":[[131.39506,34.09325],[131.3876,34.08181],[131.37143,34.06741]]}},{"type":"Feature","properties":{"route":"山陽線","alias":"JR神戸線","operator":"西日本旅客鉄道","section":"11"},"geometry":{"type":"LineString","coordinates":[[131.679,34.05492],[131.6811,34.05497]]}},{"type":"Feature","properties":{"route":"山陽線","alias":"JR神戸線","operator":"西日本旅客鉄道","section":"11"},"geometry":{"type":"LineString","coordinates":[[131.48972,34.05255],[131.49643,34.04892],[131.5198,34.04408],[131.56805,34.05325]]}},{"type":"Feature","properties":{"route":"山陽線","alias":"JR神戸線","operator":"西日本旅客鉄道","section":"11"},"geometry":{"type":"LineString","coordinates":[[131.64026,34.0488],[131.63791,34.04826]]}},{"type":"Feature","properties":{"route":"山陽線","alias":"JR神戸線","operator":"西日本旅客鉄道","section":"11"},"geometry":{"type":"LineString","coordinates":[[131.17458,34.03131],[131.17612,34.02514]]}},{"type":"Feature","properties":{"route":"山陽線","alias":"JR神戸線","operator":"西日本旅客鉄道","section":"11"},"geometry":{"type":"LineString","coordinates":[[131.60606,34.04354],[131.61324,34.04075]]}},{"type":"Feature","properties":{"route":"山陽線","alias":"JR神戸線","operator":"西日本旅客鉄道","section":"11"},"geometry":{"type":"LineString","coordinates":[[131.64838,34.04402],[131.65225,34.04124]]}},{"type":"Feature","properties":{"route":"山陽線","alias":"JR神戸線","operator":"西日本旅客鉄道","section":"11"},"geometry":{"type":"LineString","coordinates":[[131.48717,34.05394],[131.48972,34.05255]]}},{"type":"Feature","properties":{"route":"山陽線","alias":"JR神戸線","operator":"西日本旅客鉄道","section":"11"},"geometry":{"type":"LineString","coordinates":[[131.26932,34.03891],[131.26619,34.03845]]}},{"type":"Feature","properties":{"route":"山陽線","alias":"JR神戸線","operator":"西日本旅客鉄道","section":"11"},"geometry":{"type":"LineString","coordinates":[[131.73718,34.07194],[131.73107,34.07313],[131.71476,34.08055],[131.70754,34.07693],[131.70508,34.07344]]}},{"type":"Feature","properties":{"route":"山陽線","alias":"JR神戸線","operator":"西日本旅客鉄道","section":"11"},"geometry":{"type":"LineString","coordinates":[[131.18703,34.00769],[131.18769,34.00761]]}},{"type":"Feature","properties":{"route":"山陽線","alias":"JR神戸線","operator":"西日本旅客鉄道","section":"11"},"geometry":{"type":"LineString","coordinates":[[131.18769,34.00761],[131.19456,34.0066],[131.20159,34.0031],[131.2119,34.00565],[131.22083,34.00364]]}},{"type":"Feature","properties":{"route":"山陽線","alias":"JR神戸線","operator":"西日本旅客鉄道","section":"11"},"geometry":{"type":"LineString","coordinates":[[131.17466,34.02148],[131.17612,34.02514]]}},{"type":"Feature","properties":{"route":"山陽線","alias":"JR神戸線","operator":"西日本旅客鉄道","section":"11"},"geometry":{"type":"LineString","coordinates":[[131.16136,34.05325],[131.16728,34.04843],[131.17458,34.03131]]}},{"type":"Feature","properties":{"route":"山陽線","alias":"JR神戸線","operator":"西日本旅客鉄道","section":"11"},"geometry":{"type":"LineString","coordinates":[[131.67529,34.04952],[131.679,34.05492]]}},{"type":"Feature","properties":{"route":"山陽線","alias":"JR神戸線","operator":"西日本旅客鉄道","section":"11"},"geometry":{"type":"LineString","coordinates":[[131.70508,34.07344],[131.70415,34.07174]]}},{"type":"Feature","properties":{"route":"山陽線","alias":"JR神戸線","operator":"西日本旅客鉄道","section":"11"},"geometry":{"type":"LineString","coordinates":[[131.17466,34.02148],[131.17522,34.01301],[131.17906,34.00921],[131.1843,34.00803]]}},{"type":"Feature","properties":{"route":"山陽線","alias":"JR神戸線","operator":"西日本旅客鉄道","section":"11"},"geometry":{"type":"LineString","coordinates":[[131.70415,34.07174],[131.69621,34.06551],[131.69011,34.0546]]}},{"type":"Feature","properties":{"route":"山陽線","alias":"JR神戸線","operator":"西日本旅客鉄道","section":"11"},"geometry":{"type":"LineString","coordinates":[[131.3444,34.03285],[131.34323,34.03076]]}},{"type":"Feature","properties":{"route":"山陽線","alias":"JR神戸線","operator":"西日本旅客鉄道","section":"11"},"geometry":{"type":"LineString","coordinates":[[131.36965,34.06559],[131.35369,34.04891],[131.3444,34.03285]]}},{"type":"Feature","properties":{"route":"山陽線","alias":"JR神戸線","operator":"西日本旅客鉄道","section":"11"},"geometry":{"type":"LineString","coordinates":[[131.64838,34.04402],[131.65225,34.04124]]}},{"type":"Feature","properties":{"route":"山陽線","alias":"JR神戸線","operator":"西日本旅客鉄道","section":"11"},"geometry":{"type":"LineString","coordinates":[[131.17466,34.02148],[131.17612,34.02514]]}},{"type":"Feature","properties":{"route":"山陽線","alias":"JR神戸線","operator":"西日本旅客鉄道","section":"11"},"geometry":{"type":"LineString","coordinates":[[131.1843,34.00803],[131.18703,34.00769]]}},{"type":"Feature","properties":{"route":"山陽線","alias":"JR神戸線","operator":"西日本旅客鉄道","section":"11"},"geometry":{"type":"LineString","coordinates":[[131.26619,34.03845],[131.25865,34.03711],[131.25538,34.03456],[131.25077,34.02902],[131.24967,34.02419],[131.24496,34.01691],[131.23104,34.00278],[131.22826,34.00171],[131.22325,34.00296]]}},{"type":"Feature","properties":{"route":"山陽線","alias":"JR神戸線","operator":"西日本旅客鉄道","section":"11"},"geometry":{"type":"LineString","coordinates":[[131.67529,34.04952],[131.67654,34.05335],[131.679,34.05492]]}},{"type":"Feature","properties":{"route":"山陽線","alias":"JR神戸線","operator":"西日本旅客鉄道","section":"11"},"geometry":{"type":"LineString","coordinates":[[131.08774,34.04934],[131.0852,34.0493]]}},{"type":"Feature","properties":{"route":"山陽線","alias":"JR神戸線","operator":"西日本旅客鉄道","section":"11"},"geometry":{"type":"LineString","coordinates":[[130.99851,34.01828],[130.99611,34.01257],[130.99039,34.00867],[130.98579,34.0082],[130.97414,34.01259],[130.96075,34.00649],[130.94945,34.00584]]}},{"type":"Feature","properties":{"route":"山陽線","alias":"JR神戸線","operator":"西日本旅客鉄道","section":"11"},"geometry":{"type":"LineString","coordinates":[[131.08774,34.04934],[131.09759,34.05084],[131.10263,34.06252],[131.10565,34.0643],[131.12061,34.0638],[131.12579,34.05958],[131.13287,34.05834],[131.1428,34.06053],[131.15913,34.05417]]}},{"type":"Feature","properties":{"route":"山陽線","alias":"JR神戸線","operator":"西日本旅客鉄道","section":"11"},"geometry":{"type":"LineString","coordinates":[[131.0852,34.0493],[131.06801,34.04579],[131.06457,34.0482],[131.0605,34.05511],[131.04346,34.06839],[131.03972,34.06941],[131.03391,34.06837]]}},{"type":"Feature","properties":{"route":"山陽線","alias":"JR神戸線","operator":"西日本旅客鉄道","section":"11"},"geometry":{"type":"LineString","coordinates":[[131.00015,34.02021],[130.99851,34.01828]]}},{"type":"Feature","properties":{"route":"山陽線","alias":"JR神戸線","operator":"西日本旅客鉄道","section":"11"},"geometry":{"type":"LineString","coordinates":[[130.92845,33.98302],[130.92671,33.98053]]}},{"type":"Feature","properties":{"route":"山陽線","alias":"JR神戸線","operator":"西日本旅客鉄道","section":"11"},"geometry":{"type":"LineString","coordinates":[[130.94682,34.00538],[130.93659,34.00205],[130.93432,33.9948]]}},{"type":"Feature","properties":{"route":"山陽線","alias":"JR神戸線","operator":"西日本旅客鉄道","section":"11"},"geometry":{"type":"LineString","coordinates":[[130.93432,33.9948],[130.93447,33.99249],[130.92845,33.98302]]}},{"type":"Feature","properties":{"route":"山陽線","alias":"JR神戸線","operator":"西日本旅客鉄道","section":"11"},"geometry":{"type":"LineString","coordinates":[[130.92233,33.95029],[130.92106,33.94829]]}},{"type":"Feature","properties":{"route":"山陽線","alias":"JR神戸線","operator":"西日本旅客鉄道","section":"11"},"geometry":{"type":"LineString","coordinates":[[130.94945,34.00584],[130.94682,34.00538]]}},{"type":"Feature","properties":{"route":"山陽線","alias":"JR神戸線","operator":"西日本旅客鉄道","section":"11"},"geometry":{"type":"LineString","coordinates":[[131.03182,34.06726],[131.0071,34.02874],[131.00015,34.02021]]}},{"type":"Feature","properties":{"route":"山陽線","alias":"JR神戸線","operator":"西日本旅客鉄道","section":"11"},"geometry":{"type":"LineString","coordinates":[[130.92671,33.98053],[130.92267,33.97409],[130.92233,33.95029]]}},{"type":"Feature","properties":{"route":"山陽線","alias":"JR神戸線","operator":"西日本旅客鉄道","section":"11"},"geometry":{"type":"LineString","coordinates":[[131.03391,34.06837],[131.03182,34.06726]]}},{"type":"Feature","properties":{"route":"山陽線","alias":"JR神戸線","operator":"西日本旅客鉄道","section":"11"},"geometry":{"type":"LineString","coordinates":[[133.36356,34.48958],[133.35913,34.48898]]}},{"type":"Feature","properties":{"route":"山陽線","alias":"JR神戸線","operator":"西日本旅客鉄道","section":"11"},"geometry":{"type":"LineString","coordinates":[[133.35913,34.48898],[133.3541,34.48867]]}},{"type":"Feature","properties":{"route":"山陽線","alias":"JR神戸線","operator":"西日本旅客鉄道","section":"11"},"geometry":{"type":"LineString","coordinates":[[133.40521,34.49502],[133.38327,34.49247]]}},{"type":"Feature","properties":{"route":"山陽線","alias":"JR神戸線","operator":"西日本旅客鉄道","section":"11"},"geometry":{"type":"LineString","coordinates":[[133.38327,34.49247],[133.37239,34.49158]]}},{"type":"Feature","properties":{"route":"山陽線","alias":"JR神戸線","operator":"西日本旅客鉄道","section":"11"},"geometry":{"type":"LineString","coordinates":[[133.85562,34.64326],[133.8844,34.6527]]}},{"type":"Feature","properties":{"route":"山陽線","alias":"JR神戸線","operator":"西日本旅客鉄道","section":"11"},"geometry":{"type":"LineString","coordinates":[[133.88554,34.65317],[133.90947,34.66058]]}},{"type":"Feature","properties":{"route":"草津線","alias":"草津線","operator":"西日本旅客鉄道","section":"11"},"geometry":{"type":"LineString","coordinates":[[136.18637,34.91875],[136.18533,34.91942]]}},{"type":"Feature","properties":{"route":"草津線","alias":"草津線","operator":"西日本旅客鉄道","section":"11"},"geometry":{"type":"LineString","coordinates":[[136.08347,34.99998],[136.11195,34.98346],[136.11666,34.98311]]}},{"type":"Feature","properties":{"route":"草津線","alias":"草津線","operator":"西日本旅客鉄道","section":"11"},"geometry":{"type":"LineString","coordinates":[[136.1685,34.93233],[136.16954,34.93117]]}},{"type":"Feature","properties":{"route":"草津線","alias":"草津線","operator":"西日本旅客鉄道","section":"11"},"geometry":{"type":"LineString","coordinates":[[136.11666,34.98311],[136.1185,34.98315]]}},{"type":"Feature","properties":{"route":"草津線","alias":"草津線","operator":"西日本旅客鉄道","section":"11"},"geometry":{"type":"LineString","coordinates":[[136.08127,35.00124],[136.08347,34.99998]]}},{"type":"Feature","properties":{"route":"草津線","alias":"草津線","operator":"西日本旅客鉄道","section":"11"},"geometry":{"type":"LineString","coordinates":[[136.15697,34.95],[136.16104,34.9416],[136.1685,34.93233]]}},{"type":"Feature","properties":{"route":"草津線","alias":"草津線","operator":"西日本旅客鉄道","section":"11"},"geometry":{"type":"LineString","coordinates":[[136.15578,34.95127],[136.15697,34.95]]}},{"type":"Feature","properties":{"route":"草津線","alias":"草津線","operator":"西日本旅客鉄道","section":"11"},"geometry":{"type":"LineString","coordinates":[[135.99902,35.02741],[135.99986,35.02744]]}},{"type":"Feature","properties":{"route":"草津線","alias":"草津線","operator":"西日本旅客鉄道","section":"11"},"geometry":{"type":"LineString","coordinates":[[136.05388,35.01722],[136.08127,35.00124]]}},{"type":"Feature","properties":{"route":"草津線","alias":"草津線","operator":"西日本旅客鉄道","section":"11"},"geometry":{"type":"LineString","coordinates":[[135.97042,35.02945],[135.97643,35.03073]]}},{"type":"Feature","properties":{"route":"草津線","alias":"草津線","operator":"西日本旅客鉄道","section":"11"},"geometry":{"type":"LineString","coordinates":[[136.05226,35.01818],[136.05388,35.01722]]}},{"type":"Feature","properties":{"route":"草津線","alias":"草津線","operator":"西日本旅客鉄道","section":"11"},"geometry":{"type":"LineString","coordinates":[[136.15255,34.95264],[136.15578,34.95127]]}},{"type":"Feature","properties":{"route":"草津線","alias":"草津線","operator":"西日本旅客鉄道","section":"11"},"geometry":{"type":"LineString","coordinates":[[135.99902,35.02741],[135.98512,35.02627],[135.97643,35.03073]]}},{"type":"Feature","properties":{"route":"草津線","alias":"草津線","operator":"西日本旅客鉄道","section":"11"},"geometry":{"type":"LineString","coordinates":[[135.99986,35.02744],[136.02804,35.02676],[136.04363,35.02306],[136.05226,35.01818]]}},{"type":"Feature","properties":{"route":"草津線","alias":"草津線","operator":"西日本旅客鉄道","section":"11"},"geometry":{"type":"LineString","coordinates":[[136.1185,34.98315],[136.12333,34.98149],[136.13223,34.96382],[136.14397,34.95474],[136.15255,34.95264]]}},{"type":"Feature","properties":{"route":"草津線","alias":"草津線","operator":"西日本旅客鉄道","section":"11"},"geometry":{"type":"LineString","coordinates":[[136.16954,34.93117],[136.18533,34.91942]]}},{"type":"Feature","properties":{"route":"草津線","alias":"草津線","operator":"西日本旅客鉄道","section":"11"},"geometry":{"type":"LineString","coordinates":[[135.96166,35.02201],[135.96385,35.0239]]}},{"type":"Feature","properties":{"route":"草津線","alias":"草津線","operator":"西日本旅客鉄道","section":"11"},"geometry":{"type":"LineString","coordinates":[[135.96385,35.0239],[135.97042,35.02945]]}},{"type":"Feature","properties":{"route":"草津線","alias":"草津線","operator":"西日本旅客鉄道","section":"11"},"geometry":{"type":"LineString","coordinates":[[135.96237,35.02322],[135.97184,35.03085],[135.97643,35.03073]]}},{"type":"Feature","properties":{"route":"草津線","alias":"草津線","operator":"西日本旅客鉄道","section":"11"},"geometry":{"type":"LineString","coordinates":[[135.96064,35.02155],[135.96237,35.02322]]}},{"type":"Feature","properties":{"route":"草津線","alias":"草津線","operator":"西日本旅客鉄道","section":"11"},"geometry":{"type":"LineString","coordinates":[[135.95754,35.01731],[135.96064,35.02155]]}},{"type":"Feature","properties":{"route":"草津線","alias":"草津線","operator":"西日本旅客鉄道","section":"11"},"geometry":{"type":"LineString","coordinates":[[136.25659,34.84601],[136.25574,34.84749]]}},{"type":"Feature","properties":{"route":"草津線","alias":"草津線","operator":"西日本旅客鉄道","section":"11"},"geometry":{"type":"LineString","coordinates":[[136.25445,34.84971],[136.25574,34.84749]]}},{"type":"Feature","properties":{"route":"草津線","alias":"草津線","operator":"西日本旅客鉄道","section":"11"},"geometry":{"type":"LineString","coordinates":[[136.23014,34.88912],[136.22904,34.89027]]}},{"type":"Feature","properties":{"route":"草津線","alias":"草津線","operator":"西日本旅客鉄道","section":"11"},"geometry":{"type":"LineString","coordinates":[[136.25445,34.84971],[136.25094,34.85433],[136.24804,34.86247],[136.23014,34.88912]]}},{"type":"Feature","properties":{"route":"草津線","alias":"草津線","operator":"西日本旅客鉄道","section":"11"},"geometry":{"type":"LineString","coordinates":[[136.2136,34.90074],[136.21191,34.90185]]}},{"type":"Feature","properties":{"route":"草津線","alias":"草津線","operator":"西日本旅客鉄道","section":"11"},"geometry":{"type":"LineString","coordinates":[[136.22904,34.89027],[136.2136,34.90074]]}},{"type":"Feature","properties":{"route":"草津線","alias":"草津線","operator":"西日本旅客鉄道","section":"11"},"geometry":{"type":"LineString","coordinates":[[136.21191,34.90185],[136.18637,34.91875]]}},{"type":"Feature","properties":{"route":"大阪環状線","alias":"大阪環状線","operator":"西日本旅客鉄道","section":"11"},"geometry":{"type":"LineString","coordinates":[[135.52163,34.7052],[135.52029,34.70483]]}},{"type":"Feature","properties":{"route":"大阪環状線","alias":"大阪環状線","operator":"西日本旅客鉄道","section":"11"},"geometry":{"type":"LineString","coordinates":[[135.53358,34.69761],[135.53432,34.69593]]}},{"type":"Feature","properties":{"route":"大阪環状線","alias":"大阪環状線","operator":"西日本旅客鉄道","section":"11"},"geometry":{"type":"LineString","coordinates":[[135.52163,34.7052],[135.5316,34.70033],[135.53358,34.69761]]}},{"type":"Feature","properties":{"route":"大阪環状線","alias":"大阪環状線","operator":"西日本旅客鉄道","section":"11"},"geometry":{"type":"LineString","coordinates":[[135.48736,34.69757],[135.49456,34.70144]]}},{"type":"Feature","properties":{"route":"大阪環状線","alias":"大阪環状線","operator":"西日本旅客鉄道","section":"11"},"geometry":{"type":"LineString","coordinates":[[135.48736,34.69757],[135.4858,34.69679]]}},{"type":"Feature","properties":{"route":"大阪環状線","alias":"大阪環状線","operator":"西日本旅客鉄道","section":"11"},"geometry":{"type":"LineString","coordinates":[[135.51157,34.70545],[135.50519,34.70651],[135.49719,34.70289]]}},{"type":"Feature","properties":{"route":"大阪環状線","alias":"大阪環状線","operator":"西日本旅客鉄道","section":"11"},"geometry":{"type":"LineString","coordinates":[[135.51317,34.70443],[135.51157,34.70545]]}},{"type":"Feature","properties":{"route":"大阪環状線","alias":"大阪環状線","operator":"西日本旅客鉄道","section":"11"},"geometry":{"type":"LineString","coordinates":[[135.49719,34.70289],[135.49456,34.70144]]}},{"type":"Feature","properties":{"route":"大阪環状線","alias":"大阪環状線","operator":"西日本旅客鉄道","section":"11"},"geometry":{"type":"LineString","coordinates":[[135.51317,34.70443],[135.52029,34.70483]]}},{"type":"Feature","properties":{"route":"大阪環状線","alias":"大阪環状線","operator":"西日本旅客鉄道","section":"11"},"geometry":{"type":"LineString","coordinates":[[135.53408,34.67983],[135.53397,34.68108]]}},{"type":"Feature","properties":{"route":"大阪環状線","alias":"大阪環状線","operator":"西日本旅客鉄道","section":"11"},"geometry":{"type":"LineString","coordinates":[[135.53432,34.69593],[135.53543,34.69319],[135.53454,34.68879]]}},{"type":"Feature","properties":{"route":"大阪環状線","alias":"大阪環状線","operator":"西日本旅客鉄道","section":"11"},"geometry":{"type":"LineString","coordinates":[[135.52823,34.65925],[135.52777,34.65781]]}},{"type":"Feature","properties":{"route":"大阪環状線","alias":"大阪環状線","operator":"西日本旅客鉄道","section":"11"},"geometry":{"type":"LineString","coordinates":[[135.4923,34.65481],[135.48964,34.65814]]}},{"type":"Feature","properties":{"route":"大阪環状線","alias":"大阪環状線","operator":"西日本旅客鉄道","section":"11"},"geometry":{"type":"LineString","coordinates":[[135.49235,34.65467],[135.4923,34.65481]]}},{"type":"Feature","properties":{"route":"大阪環状線","alias":"大阪環状線","operator":"西日本旅客鉄道","section":"11"},"geometry":{"type":"LineString","coordinates":[[135.53304,34.67431],[135.53408,34.67983]]}},{"type":"Feature","properties":{"route":"大阪環状線","alias":"大阪環状線","operator":"西日本旅客鉄道","section":"11"},"geometry":{"type":"LineString","coordinates":[[135.46476,34.68072],[135.46076,34.67523],[135.46157,34.67076]]}},{"type":"Feature","properties":{"route":"大阪環状線","alias":"大阪環状線","operator":"西日本旅客鉄道","section":"11"},"geometry":{"type":"LineString","coordinates":[[135.46625,34.68215],[135.46476,34.68072]]}},{"type":"Feature","properties":{"route":"大阪環状線","alias":"大阪環状線","operator":"西日本旅客鉄道","section":"11"},"geometry":{"type":"LineString","coordinates":[[135.48096,34.66516],[135.48569,34.66312],[135.48874,34.65901]]}},{"type":"Feature","properties":{"route":"大阪環状線","alias":"大阪環状線","operator":"西日本旅客鉄道","section":"11"},"geometry":{"type":"LineString","coordinates":[[135.46238,34.66929],[135.46564,34.66589],[135.47242,34.66783],[135.47903,34.66587]]}},{"type":"Feature","properties":{"route":"大阪環状線","alias":"大阪環状線","operator":"西日本旅客鉄道","section":"11"},"geometry":{"type":"LineString","coordinates":[[135.51208,34.64744],[135.50292,34.64962]]}},{"type":"Feature","properties":{"route":"大阪環状線","alias":"大阪環状線","operator":"西日本旅客鉄道","section":"11"},"geometry":{"type":"LineString","coordinates":[[135.51522,34.64685],[135.51208,34.64744]]}},{"type":"Feature","properties":{"route":"大阪環状線","alias":"大阪環状線","operator":"西日本旅客鉄道","section":"11"},"geometry":{"type":"LineString","coordinates":[[135.5307,34.66679],[135.53271,34.67273]]}},{"type":"Feature","properties":{"route":"大阪環状線","alias":"大阪環状線","operator":"西日本旅客鉄道","section":"11"},"geometry":{"type":"LineString","coordinates":[[135.4858,34.69679],[135.47567,34.6895]]}},{"type":"Feature","properties":{"route":"大阪環状線","alias":"大阪環状線","operator":"西日本旅客鉄道","section":"11"},"geometry":{"type":"LineString","coordinates":[[135.53427,34.68688],[135.53454,34.68879]]}},{"type":"Feature","properties":{"route":"大阪環状線","alias":"大阪環状線","operator":"西日本旅客鉄道","section":"11"},"geometry":{"type":"LineString","coordinates":[[135.46765,34.68342],[135.46625,34.68215]]}},{"type":"Feature","properties":{"route":"大阪環状線","alias":"大阪環状線","operator":"西日本旅客鉄道","section":"11"},"geometry":{"type":"LineString","coordinates":[[135.46157,34.67076],[135.46238,34.66929]]}},{"type":"Feature","properties":{"route":"大阪環状線","alias":"大阪環状線","operator":"西日本旅客鉄道","section":"11"},"geometry":{"type":"LineString","coordinates":[[135.50066,34.65019],[135.49301,34.65341]]}},{"type":"Feature","properties":{"route":"大阪環状線","alias":"大阪環状線","operator":"西日本旅客鉄道","section":"11"},"geometry":{"type":"LineString","coordinates":[[135.49235,34.65467],[135.49301,34.65341]]}},{"type":"Feature","properties":{"route":"大阪環状線","alias":"大阪環状線","operator":"西日本旅客鉄道","section":"11"},"geometry":{"type":"LineString","coordinates":[[135.51782,34.64615],[135.51602,34.64665]]}},{"type":"Feature","properties":{"route":"大阪環状線","alias":"大阪環状線","operator":"西日本旅客鉄道","section":"11"},"geometry":{"type":"LineString","coordinates":[[135.52319,34.64755],[135.51782,34.64615]]}},{"type":"Feature","properties":{"route":"大阪環状線","alias":"大阪環状線","operator":"西日本旅客鉄道","section":"11"},"geometry":{"type":"LineString","coordinates":[[135.52401,34.64833],[135.52319,34.64755]]}},{"type":"Feature","properties":{"route":"大阪環状線","alias":"大阪環状線","operator":"西日本旅客鉄道","section":"11"},"geometry":{"type":"LineString","coordinates":[[135.5307,34.66679],[135.53004,34.66471]]}},{"type":"Feature","properties":{"route":"大阪環状線","alias":"大阪環状線","operator":"西日本旅客鉄道","section":"11"},"geometry":{"type":"LineString","coordinates":[[135.53397,34.68108],[135.53427,34.68688]]}},{"type":"Feature","properties":{"route":"大阪環状線","alias":"大阪環状線","operator":"西日本旅客鉄道","section":"11"},"geometry":{"type":"LineString","coordinates":[[135.51602,34.64665],[135.51522,34.64685]]}},{"type":"Feature","properties":{"route":"大阪環状線","alias":"大阪環状線","operator":"西日本旅客鉄道","section":"11"},"geometry":{"type":"LineString","coordinates":[[135.47419,34.68837],[135.46765,34.68342]]}},{"type":"Feature","properties":{"route":"大阪環状線","alias":"大阪環状線","operator":"西日本旅客鉄道","section":"11"},"geometry":{"type":"LineString","coordinates":[[135.47567,34.6895],[135.47419,34.68837]]}},{"type":"Feature","properties":{"route":"大阪環状線","alias":"大阪環状線","operator":"西日本旅客鉄道","section":"11"},"geometry":{"type":"LineString","coordinates":[[135.48964,34.65814],[135.48874,34.65901]]}},{"type":"Feature","properties":{"route":"大阪環状線","alias":"大阪環状線","operator":"西日本旅客鉄道","section":"11"},"geometry":{"type":"LineString","coordinates":[[135.52777,34.65781],[135.52401,34.64833]]}},{"type":"Feature","properties":{"route":"大阪環状線","alias":"大阪環状線","operator":"西日本旅客鉄道","section":"11"},"geometry":{"type":"LineString","coordinates":[[135.53271,34.67273],[135.53304,34.67431]]}},{"type":"Feature","properties":{"route":"大阪環状線","alias":"大阪環状線","operator":"西日本旅客鉄道","section":"11"},"geometry":{"type":"LineString","coordinates":[[135.47903,34.66587],[135.48096,34.66516]]}},{"type":"Feature","properties":{"route":"大阪環状線","alias":"大阪環状線","operator":"西日本旅客鉄道","section":"11"},"geometry":{"type":"LineString","coordinates":[[135.53004,34.66471],[135.52823,34.65925]]}},{"type":"Feature","properties":{"route":"大阪環状線","alias":"大阪環状線","operator":"西日本旅客鉄道","section":"11"},"geometry":{"type":"LineString","coordinates":[[135.50292,34.64962],[135.50066,34.65019]]}},{"type":"Feature","properties":{"route":"東海道線","alias":"JR京都線/JR神戸線/JR琵琶湖線","operator":"西日本旅客鉄道","section":"11"},"geometry":{"type":"LineString","coordinates":[[136.28993,35.315],[136.28908,35.31274]]}},{"type":"Feature","properties":{"route":"東海道線","alias":"JR京都線/JR神戸線/JR琵琶湖線","operator":"西日本旅客鉄道","section":"11"},"geometry":{"type":"LineString","coordinates":[[136.289841,35.313891],[136.290606,35.31579]]}},{"type":"Feature","properties":{"route":"東海道線","alias":"JR京都線/JR神戸線/JR琵琶湖線","operator":"西日本旅客鉄道","section":"11"},"geometry":{"type":"LineString","coordinates":[[135.97042,35.02945],[135.97927,35.03679]]}},{"type":"Feature","properties":{"route":"東海道線","alias":"JR京都線/JR神戸線/JR琵琶湖線","operator":"西日本旅客鉄道","section":"11"},"geometry":{"type":"LineString","coordinates":[[136.14451,35.15194],[136.14839,35.15584]]}},{"type":"Feature","properties":{"route":"東海道線","alias":"JR京都線/JR神戸線/JR琵琶湖線","operator":"西日本旅客鉄道","section":"11"},"geometry":{"type":"LineString","coordinates":[[136.02365,35.06935],[136.02113,35.06752]]}},{"type":"Feature","properties":{"route":"東海道線","alias":"JR京都線/JR神戸線/JR琵琶湖線","operator":"西日本旅客鉄道","section":"11"},"geometry":{"type":"LineString","coordinates":[[136.22431,35.22448],[136.22632,35.22629]]}},{"type":"Feature","properties":{"route":"東海道線","alias":"JR京都線/JR神戸線/JR琵琶湖線","operator":"西日本旅客鉄道","section":"11"},"geometry":{"type":"LineString","coordinates":[[136.19596,35.2043],[136.19296,35.20235]]}},{"type":"Feature","properties":{"route":"東海道線","alias":"JR京都線/JR神戸線/JR琵琶湖線","operator":"西日本旅客鉄道","section":"11"},"geometry":{"type":"LineString","coordinates":[[136.13486,35.14319],[136.13228,35.1417]]}},{"type":"Feature","properties":{"route":"東海道線","alias":"JR京都線/JR神戸線/JR琵琶湖線","operator":"西日本旅客鉄道","section":"11"},"geometry":{"type":"LineString","coordinates":[[136.10152,35.12166],[136.08432,35.10694],[136.07311,35.10006]]}},{"type":"Feature","properties":{"route":"東海道線","alias":"JR京都線/JR神戸線/JR琵琶湖線","operator":"西日本旅客鉄道","section":"11"},"geometry":{"type":"LineString","coordinates":[[135.99488,35.04965],[135.99743,35.05173]]}},{"type":"Feature","properties":{"route":"東海道線","alias":"JR京都線/JR神戸線/JR琵琶湖線","operator":"西日本旅客鉄道","section":"11"},"geometry":{"type":"LineString","coordinates":[[136.10358,35.12342],[136.10152,35.12166]]}},{"type":"Feature","properties":{"route":"東海道線","alias":"JR京都線/JR神戸線/JR琵琶湖線","operator":"西日本旅客鉄道","section":"11"},"geometry":{"type":"LineString","coordinates":[[136.13486,35.14319],[136.14451,35.15194]]}},{"type":"Feature","properties":{"route":"東海道線","alias":"JR京都線/JR神戸線/JR琵琶湖線","operator":"西日本旅客鉄道","section":"11"},"geometry":{"type":"LineString","coordinates":[[136.07041,35.0985],[136.04206,35.08216],[136.02365,35.06935]]}},{"type":"Feature","properties":{"route":"東海道線","alias":"JR京都線/JR神戸線/JR琵琶湖線","operator":"西日本旅客鉄道","section":"11"},"geometry":{"type":"LineString","coordinates":[[135.97927,35.03679],[135.98094,35.03818]]}},{"type":"Feature","properties":{"route":"東海道線","alias":"JR京都線/JR神戸線/JR琵琶湖線","operator":"西日本旅客鉄道","section":"11"},"geometry":{"type":"LineString","coordinates":[[136.22431,35.22448],[136.19596,35.2043]]}},{"type":"Feature","properties":{"route":"東海道線","alias":"JR京都線/JR神戸線/JR琵琶湖線","operator":"西日本旅客鉄道","section":"11"},"geometry":{"type":"LineString","coordinates":[[136.28908,35.31274],[136.2857,35.30469],[136.28073,35.3005]]}},{"type":"Feature","properties":{"route":"東海道線","alias":"JR京都線/JR神戸線/JR琵琶湖線","operator":"西日本旅客鉄道","section":"11"},"geometry":{"type":"LineString","coordinates":[[136.07311,35.10006],[136.07041,35.0985]]}},{"type":"Feature","properties":{"route":"東海道線","alias":"JR京都線/JR神戸線/JR琵琶湖線","operator":"西日本旅客鉄道","section":"11"},"geometry":{"type":"LineString","coordinates":[[136.14451,35.15194],[136.14839,35.15584]]}},{"type":"Feature","properties":{"route":"東海道線","alias":"JR京都線/JR神戸線/JR琵琶湖線","operator":"西日本旅客鉄道","section":"11"},"geometry":{"type":"LineString","coordinates":[[136.24724,35.24537],[136.22632,35.22629]]}},{"type":"Feature","properties":{"route":"東海道線","alias":"JR京都線/JR神戸線/JR琵琶湖線","operator":"西日本旅客鉄道","section":"11"},"geometry":{"type":"LineString","coordinates":[[136.24879,35.24679],[136.24724,35.24537]]}},{"type":"Feature","properties":{"route":"東海道線","alias":"JR京都線/JR神戸線/JR琵琶湖線","operator":"西日本旅客鉄道","section":"11"},"geometry":{"type":"LineString","coordinates":[[136.13228,35.1417],[136.10983,35.1287],[136.10358,35.12342]]}},{"type":"Feature","properties":{"route":"東海道線","alias":"JR京都線/JR神戸線/JR琵琶湖線","operator":"西日本旅客鉄道","section":"11"},"geometry":{"type":"LineString","coordinates":[[136.16696,35.18078],[136.16507,35.17913]]}},{"type":"Feature","properties":{"route":"東海道線","alias":"JR京都線/JR神戸線/JR琵琶湖線","operator":"西日本旅客鉄道","section":"11"},"geometry":{"type":"LineString","coordinates":[[135.98094,35.03818],[135.99488,35.04965]]}},{"type":"Feature","properties":{"route":"東海道線","alias":"JR京都線/JR神戸線/JR琵琶湖線","operator":"西日本旅客鉄道","section":"11"},"geometry":{"type":"LineString","coordinates":[[136.16696,35.18078],[136.19296,35.20235]]}},{"type":"Feature","properties":{"route":"東海道線","alias":"JR京都線/JR神戸線/JR琵琶湖線","operator":"西日本旅客鉄道","section":"11"},"geometry":{"type":"LineString","coordinates":[[136.26315,35.2714],[136.26365,35.27357]]}},{"type":"Feature","properties":{"route":"東海道線","alias":"JR京都線/JR神戸線/JR琵琶湖線","operator":"西日本旅客鉄道","section":"11"},"geometry":{"type":"LineString","coordinates":[[136.26365,35.27357],[136.26562,35.294],[136.26899,35.29693],[136.28073,35.3005]]}},{"type":"Feature","properties":{"route":"東海道線","alias":"JR京都線/JR神戸線/JR琵琶湖線","operator":"西日本旅客鉄道","section":"11"},"geometry":{"type":"LineString","coordinates":[[136.24879,35.24679],[136.25913,35.25691],[136.26315,35.2714]]}},{"type":"Feature","properties":{"route":"東海道線","alias":"JR京都線/JR神戸線/JR琵琶湖線","operator":"西日本旅客鉄道","section":"11"},"geometry":{"type":"LineString","coordinates":[[136.16507,35.17913],[136.15955,35.17407],[136.14839,35.15584]]}},{"type":"Feature","properties":{"route":"東海道線","alias":"JR京都線/JR神戸線/JR琵琶湖線","operator":"西日本旅客鉄道","section":"11"},"geometry":{"type":"LineString","coordinates":[[135.99743,35.05173],[136.02113,35.06752]]}},{"type":"Feature","properties":{"route":"東海道線","alias":"JR京都線/JR神戸線/JR琵琶湖線","operator":"西日本旅客鉄道","section":"11"},"geometry":{"type":"LineString","coordinates":[[136.28073,35.3005],[136.285511,35.303581],[136.289841,35.313891]]}},{"type":"Feature","properties":{"route":"東海道線","alias":"JR京都線/JR神戸線/JR琵琶湖線","operator":"西日本旅客鉄道","section":"11"},"geometry":{"type":"LineString","coordinates":[[135.75412,34.98546],[135.75601,34.98557]]}},{"type":"Feature","properties":{"route":"東海道線","alias":"JR京都線/JR神戸線/JR琵琶湖線","operator":"西日本旅客鉄道","section":"11"},"geometry":{"type":"LineString","coordinates":[[135.75146,34.98538],[135.75412,34.98546]]}},{"type":"Feature","properties":{"route":"東海道線","alias":"JR京都線/JR神戸線/JR琵琶湖線","operator":"西日本旅客鉄道","section":"11"},"geometry":{"type":"LineString","coordinates":[[135.76104,34.98568],[135.75601,34.98557]]}},{"type":"Feature","properties":{"route":"東海道線","alias":"JR京都線/JR神戸線/JR琵琶湖線","operator":"西日本旅客鉄道","section":"11"},"geometry":{"type":"LineString","coordinates":[[135.86679,35.00286],[135.86332,35.00316]]}},{"type":"Feature","properties":{"route":"東海道線","alias":"JR京都線/JR神戸線/JR琵琶湖線","operator":"西日本旅客鉄道","section":"11"},"geometry":{"type":"LineString","coordinates":[[135.96385,35.0239],[135.97042,35.02945]]}},{"type":"Feature","properties":{"route":"東海道線","alias":"JR京都線/JR神戸線/JR琵琶湖線","operator":"西日本旅客鉄道","section":"11"},"geometry":{"type":"LineString","coordinates":[[135.81506,34.99256],[135.80509,34.99219],[135.79966,34.98938]]}},{"type":"Feature","properties":{"route":"東海道線","alias":"JR京都線/JR神戸線/JR琵琶湖線","operator":"西日本旅客鉄道","section":"11"},"geometry":{"type":"LineString","coordinates":[[135.70981,34.95577],[135.70974,34.95395]]}},{"type":"Feature","properties":{"route":"東海道線","alias":"JR京都線/JR神戸線/JR琵琶湖線","operator":"西日本旅客鉄道","section":"11"},"geometry":{"type":"LineString","coordinates":[[135.89822,34.98017],[135.89323,34.9833],[135.88146,34.9987]]}},{"type":"Feature","properties":{"route":"東海道線","alias":"JR京都線/JR神戸線/JR琵琶湖線","operator":"西日本旅客鉄道","section":"11"},"geometry":{"type":"LineString","coordinates":[[135.87976,34.99994],[135.87619,35.00177],[135.86679,35.00286]]}},{"type":"Feature","properties":{"route":"東海道線","alias":"JR京都線/JR神戸線/JR琵琶湖線","operator":"西日本旅客鉄道","section":"11"},"geometry":{"type":"LineString","coordinates":[[135.90165,34.97989],[135.91279,34.98069]]}},{"type":"Feature","properties":{"route":"東海道線","alias":"JR京都線/JR神戸線/JR琵琶湖線","operator":"西日本旅客鉄道","section":"11"},"geometry":{"type":"LineString","coordinates":[[135.73094,34.9807],[135.71497,34.97194],[135.71061,34.96554]]}},{"type":"Feature","properties":{"route":"東海道線","alias":"JR京都線/JR神戸線/JR琵琶湖線","operator":"西日本旅客鉄道","section":"11"},"geometry":{"type":"LineString","coordinates":[[135.89935,34.97996],[135.89822,34.98017]]}},{"type":"Feature","properties":{"route":"東海道線","alias":"JR京都線/JR神戸線/JR琵琶湖線","operator":"西日本旅客鉄道","section":"11"},"geometry":{"type":"LineString","coordinates":[[135.8181,34.99264],[135.81506,34.99256]]}},{"type":"Feature","properties":{"route":"東海道線","alias":"JR京都線/JR神戸線/JR琵琶湖線","operator":"西日本旅客鉄道","section":"11"},"geometry":{"type":"LineString","coordinates":[[135.92472,34.98659],[135.91279,34.98069]]}},{"type":"Feature","properties":{"route":"東海道線","alias":"JR京都線/JR神戸線/JR琵琶湖線","operator":"西日本旅客鉄道","section":"11"},"geometry":{"type":"LineString","coordinates":[[135.77346,34.98575],[135.79966,34.98938]]}},{"type":"Feature","properties":{"route":"東海道線","alias":"JR京都線/JR神戸線/JR琵琶湖線","operator":"西日本旅客鉄道","section":"11"},"geometry":{"type":"LineString","coordinates":[[135.92696,34.98798],[135.92472,34.98659]]}},{"type":"Feature","properties":{"route":"東海道線","alias":"JR京都線/JR神戸線/JR琵琶湖線","operator":"西日本旅客鉄道","section":"11"},"geometry":{"type":"LineString","coordinates":[[135.89935,34.97996],[135.90165,34.97989]]}},{"type":"Feature","properties":{"route":"東海道線","alias":"JR京都線/JR神戸線/JR琵琶湖線","operator":"西日本旅客鉄道","section":"11"},"geometry":{"type":"LineString","coordinates":[[135.73231,34.98142],[135.73094,34.9807]]}},{"type":"Feature","properties":{"route":"東海道線","alias":"JR京都線/JR神戸線/JR琵琶湖線","operator":"西日本旅客鉄道","section":"11"},"geometry":{"type":"LineString","coordinates":[[135.76104,34.98568],[135.77346,34.98575]]}},{"type":"Feature","properties":{"route":"東海道線","alias":"JR京都線/JR神戸線/JR琵琶湖線","operator":"西日本旅客鉄道","section":"11"},"geometry":{"type":"LineString","coordinates":[[135.90165,34.97989],[135.91279,34.98069]]}},{"type":"Feature","properties":{"route":"東海道線","alias":"JR京都線/JR神戸線/JR琵琶湖線","operator":"西日本旅客鉄道","section":"11"},"geometry":{"type":"LineString","coordinates":[[135.70974,34.95395],[135.7089,34.94109],[135.70139,34.92455]]}},{"type":"Feature","properties":{"route":"東海道線","alias":"JR京都線/JR神戸線/JR琵琶湖線","operator":"西日本旅客鉄道","section":"11"},"geometry":{"type":"LineString","coordinates":[[135.75146,34.98538],[135.74364,34.98496],[135.73231,34.98142]]}},{"type":"Feature","properties":{"route":"東海道線","alias":"JR京都線/JR神戸線/JR琵琶湖線","operator":"西日本旅客鉄道","section":"11"},"geometry":{"type":"LineString","coordinates":[[135.96166,35.02201],[135.96385,35.0239]]}},{"type":"Feature","properties":{"route":"東海道線","alias":"JR京都線/JR神戸線/JR琵琶湖線","operator":"西日本旅客鉄道","section":"11"},"geometry":{"type":"LineString","coordinates":[[135.77346,34.98575],[135.79966,34.98938]]}},{"type":"Feature","properties":{"route":"東海道線","alias":"JR京都線/JR神戸線/JR琵琶湖線","operator":"西日本旅客鉄道","section":"11"},"geometry":{"type":"LineString","coordinates":[[135.94675,35.00303],[135.94776,35.00438]]}},{"type":"Feature","properties":{"route":"東海道線","alias":"JR京都線/JR神戸線/JR琵琶湖線","operator":"西日本旅客鉄道","section":"11"},"geometry":{"type":"LineString","coordinates":[[135.88146,34.9987],[135.87976,34.99994]]}},{"type":"Feature","properties":{"route":"東海道線","alias":"JR京都線/JR神戸線/JR琵琶湖線","operator":"西日本旅客鉄道","section":"11"},"geometry":{"type":"LineString","coordinates":[[135.94776,35.00438],[135.95754,35.01731]]}},{"type":"Feature","properties":{"route":"東海道線","alias":"JR京都線/JR神戸線/JR琵琶湖線","operator":"西日本旅客鉄道","section":"11"},"geometry":{"type":"LineString","coordinates":[[135.95754,35.01731],[135.96166,35.02201]]}},{"type":"Feature","properties":{"route":"東海道線","alias":"JR京都線/JR神戸線/JR琵琶湖線","operator":"西日本旅客鉄道","section":"11"},"geometry":{"type":"LineString","coordinates":[[135.86332,35.00316],[135.83243,34.99709],[135.82233,34.99268]]}},{"type":"Feature","properties":{"route":"東海道線","alias":"JR京都線/JR神戸線/JR琵琶湖線","operator":"西日本旅客鉄道","section":"11"},"geometry":{"type":"LineString","coordinates":[[135.82233,34.99268],[135.8181,34.99264]]}},{"type":"Feature","properties":{"route":"東海道線","alias":"JR京都線/JR神戸線/JR琵琶湖線","operator":"西日本旅客鉄道","section":"11"},"geometry":{"type":"LineString","coordinates":[[135.94675,35.00303],[135.94201,34.99723],[135.92696,34.98798]]}},{"type":"Feature","properties":{"route":"東海道線","alias":"JR京都線/JR神戸線/JR琵琶湖線","operator":"西日本旅客鉄道","section":"11"},"geometry":{"type":"LineString","coordinates":[[135.70139,34.92455],[135.70041,34.92245]]}},{"type":"Feature","properties":{"route":"東海道線","alias":"JR京都線/JR神戸線/JR琵琶湖線","operator":"西日本旅客鉄道","section":"11"},"geometry":{"type":"LineString","coordinates":[[135.68029,34.89258],[135.67819,34.89196]]}},{"type":"Feature","properties":{"route":"東海道線","alias":"JR京都線/JR神戸線/JR琵琶湖線","operator":"西日本旅客鉄道","section":"11"},"geometry":{"type":"LineString","coordinates":[[135.61853,34.852],[135.61569,34.85049]]}},{"type":"Feature","properties":{"route":"東海道線","alias":"JR京都線/JR神戸線/JR琵琶湖線","operator":"西日本旅客鉄道","section":"11"},"geometry":{"type":"LineString","coordinates":[[135.662,34.87977],[135.65613,34.86897],[135.65286,34.86594],[135.61853,34.852]]}},{"type":"Feature","properties":{"route":"東海道線","alias":"JR京都線/JR神戸線/JR琵琶湖線","operator":"西日本旅客鉄道","section":"11"},"geometry":{"type":"LineString","coordinates":[[135.70041,34.92245],[135.6956,34.91299],[135.68661,34.90341],[135.68347,34.89488],[135.68029,34.89258]]}},{"type":"Feature","properties":{"route":"東海道線","alias":"JR京都線/JR神戸線/JR琵琶湖線","operator":"西日本旅客鉄道","section":"11"},"geometry":{"type":"LineString","coordinates":[[135.55178,34.79209],[135.55112,34.79089]]}},{"type":"Feature","properties":{"route":"東海道線","alias":"JR京都線/JR神戸線/JR琵琶湖線","operator":"西日本旅客鉄道","section":"11"},"geometry":{"type":"LineString","coordinates":[[135.61569,34.85049],[135.59421,34.83819]]}},{"type":"Feature","properties":{"route":"東海道線","alias":"JR京都線/JR神戸線/JR琵琶湖線","operator":"西日本旅客鉄道","section":"11"},"geometry":{"type":"LineString","coordinates":[[135.59421,34.83819],[135.59245,34.83717]]}},{"type":"Feature","properties":{"route":"東海道線","alias":"JR京都線/JR神戸線/JR琵琶湖線","operator":"西日本旅客鉄道","section":"11"},"geometry":{"type":"LineString","coordinates":[[135.56134,34.8141],[135.55178,34.79209]]}},{"type":"Feature","properties":{"route":"東海道線","alias":"JR京都線/JR神戸線/JR琵琶湖線","operator":"西日本旅客鉄道","section":"11"},"geometry":{"type":"LineString","coordinates":[[135.55112,34.79089],[135.54653,34.78204],[135.54195,34.7774]]}},{"type":"Feature","properties":{"route":"東海道線","alias":"JR京都線/JR神戸線/JR琵琶湖線","operator":"西日本旅客鉄道","section":"11"},"geometry":{"type":"LineString","coordinates":[[135.52458,34.76399],[135.52295,34.76245]]}},{"type":"Feature","properties":{"route":"東海道線","alias":"JR京都線/JR神戸線/JR琵琶湖線","operator":"西日本旅客鉄道","section":"11"},"geometry":{"type":"LineString","coordinates":[[135.54195,34.7774],[135.5407,34.77647]]}},{"type":"Feature","properties":{"route":"東海道線","alias":"JR京都線/JR神戸線/JR琵琶湖線","operator":"西日本旅客鉄道","section":"11"},"geometry":{"type":"LineString","coordinates":[[135.59245,34.83717],[135.57831,34.82889]]}},{"type":"Feature","properties":{"route":"東海道線","alias":"JR京都線/JR神戸線/JR琵琶湖線","operator":"西日本旅客鉄道","section":"11"},"geometry":{"type":"LineString","coordinates":[[135.5407,34.77647],[135.52458,34.76399]]}},{"type":"Feature","properties":{"route":"東海道線","alias":"JR京都線/JR神戸線/JR琵琶湖線","operator":"西日本旅客鉄道","section":"11"},"geometry":{"type":"LineString","coordinates":[[135.56289,34.81608],[135.56134,34.8141]]}},{"type":"Feature","properties":{"route":"東海道線","alias":"JR京都線/JR神戸線/JR琵琶湖線","operator":"西日本旅客鉄道","section":"11"},"geometry":{"type":"LineString","coordinates":[[135.50174,34.73269],[135.50355,34.71712],[135.50147,34.70622],[135.49925,34.70421]]}},{"type":"Feature","properties":{"route":"東海道線","alias":"JR京都線/JR神戸線/JR琵琶湖線","operator":"西日本旅客鉄道","section":"11"},"geometry":{"type":"LineString","coordinates":[[135.50362,34.7384],[135.50239,34.73536]]}},{"type":"Feature","properties":{"route":"東海道線","alias":"JR京都線/JR神戸線/JR琵琶湖線","operator":"西日本旅客鉄道","section":"11"},"geometry":{"type":"LineString","coordinates":[[135.49675,34.7033],[135.49925,34.70421]]}},{"type":"Feature","properties":{"route":"東海道線","alias":"JR京都線/JR神戸線/JR琵琶湖線","operator":"西日本旅客鉄道","section":"11"},"geometry":{"type":"LineString","coordinates":[[135.50174,34.73269],[135.50239,34.73536]]}},{"type":"Feature","properties":{"route":"東海道線","alias":"JR京都線/JR神戸線/JR琵琶湖線","operator":"西日本旅客鉄道","section":"11"},"geometry":{"type":"LineString","coordinates":[[135.49675,34.7033],[135.49322,34.70169]]}},{"type":"Feature","properties":{"route":"東海道線","alias":"JR京都線/JR神戸線/JR琵琶湖線","operator":"西日本旅客鉄道","section":"11"},"geometry":{"type":"LineString","coordinates":[[135.49322,34.70169],[135.49665,34.70343]]}},{"type":"Feature","properties":{"route":"東海道線","alias":"JR京都線/JR神戸線/JR琵琶湖線","operator":"西日本旅客鉄道","section":"11"},"geometry":{"type":"LineString","coordinates":[[135.46928,34.7123],[135.47982,34.70106],[135.48725,34.69838],[135.49154,34.70024]]}},{"type":"Feature","properties":{"route":"東海道線","alias":"JR京都線/JR神戸線/JR琵琶湖線","operator":"西日本旅客鉄道","section":"11"},"geometry":{"type":"LineString","coordinates":[[135.49665,34.70343],[135.49925,34.70421]]}},{"type":"Feature","properties":{"route":"東海道線","alias":"JR京都線/JR神戸線/JR琵琶湖線","operator":"西日本旅客鉄道","section":"11"},"geometry":{"type":"LineString","coordinates":[[135.4969,34.70306],[135.49329,34.70159]]}},{"type":"Feature","properties":{"route":"東海道線","alias":"JR京都線/JR神戸線/JR琵琶湖線","operator":"西日本旅客鉄道","section":"11"},"geometry":{"type":"LineString","coordinates":[[135.49329,34.70159],[135.49682,34.70319]]}},{"type":"Feature","properties":{"route":"東海道線","alias":"JR京都線/JR神戸線/JR琵琶湖線","operator":"西日本旅客鉄道","section":"11"},"geometry":{"type":"LineString","coordinates":[[135.50437,34.74002],[135.50362,34.7384]]}},{"type":"Feature","properties":{"route":"東海道線","alias":"JR京都線/JR神戸線/JR琵琶湖線","operator":"西日本旅客鉄道","section":"11"},"geometry":{"type":"LineString","coordinates":[[135.4685,34.71317],[135.46928,34.7123]]}},{"type":"Feature","properties":{"route":"東海道線","alias":"JR京都線/JR神戸線/JR琵琶湖線","operator":"西日本旅客鉄道","section":"11"},"geometry":{"type":"LineString","coordinates":[[135.52295,34.76245],[135.50939,34.75038],[135.50437,34.74002]]}},{"type":"Feature","properties":{"route":"東海道線","alias":"JR京都線/JR神戸線/JR琵琶湖線","operator":"西日本旅客鉄道","section":"11"},"geometry":{"type":"LineString","coordinates":[[135.49154,34.70024],[135.49322,34.70169]]}},{"type":"Feature","properties":{"route":"東海道線","alias":"JR京都線/JR神戸線/JR琵琶湖線","operator":"西日本旅客鉄道","section":"11"},"geometry":{"type":"LineString","coordinates":[[135.4969,34.70306],[135.49925,34.70421]]}},{"type":"Feature","properties":{"route":"東海道線","alias":"JR京都線/JR神戸線/JR琵琶湖線","operator":"西日本旅客鉄道","section":"11"},"geometry":{"type":"LineString","coordinates":[[135.49329,34.70159],[135.49154,34.70024]]}},{"type":"Feature","properties":{"route":"東海道線","alias":"JR京都線/JR神戸線/JR琵琶湖線","operator":"西日本旅客鉄道","section":"11"},"geometry":{"type":"LineString","coordinates":[[135.37339,34.73905],[135.37539,34.73907]]}},{"type":"Feature","properties":{"route":"東海道線","alias":"JR京都線/JR神戸線/JR琵琶湖線","operator":"西日本旅客鉄道","section":"11"},"geometry":{"type":"LineString","coordinates":[[135.44812,34.72886],[135.45748,34.72539],[135.4685,34.71317]]}},{"type":"Feature","properties":{"route":"東海道線","alias":"JR京都線/JR神戸線/JR琵琶湖線","operator":"西日本旅客鉄道","section":"11"},"geometry":{"type":"LineString","coordinates":[[135.4329,34.73167],[135.44812,34.72886]]}},{"type":"Feature","properties":{"route":"東海道線","alias":"JR京都線/JR神戸線/JR琵琶湖線","operator":"西日本旅客鉄道","section":"11"},"geometry":{"type":"LineString","coordinates":[[135.39884,34.73803],[135.40036,34.73774]]}},{"type":"Feature","properties":{"route":"東海道線","alias":"JR京都線/JR神戸線/JR琵琶湖線","operator":"西日本旅客鉄道","section":"11"},"geometry":{"type":"LineString","coordinates":[[135.43066,34.73204],[135.4329,34.73167]]}},{"type":"Feature","properties":{"route":"東海道線","alias":"JR京都線/JR神戸線/JR琵琶湖線","operator":"西日本旅客鉄道","section":"11"},"geometry":{"type":"LineString","coordinates":[[135.35028,34.73901],[135.37339,34.73905]]}},{"type":"Feature","properties":{"route":"東海道線","alias":"JR京都線/JR神戸線/JR琵琶湖線","operator":"西日本旅客鉄道","section":"11"},"geometry":{"type":"LineString","coordinates":[[135.42846,34.73245],[135.43066,34.73204]]}},{"type":"Feature","properties":{"route":"東海道線","alias":"JR京都線/JR神戸線/JR琵琶湖線","operator":"西日本旅客鉄道","section":"11"},"geometry":{"type":"LineString","coordinates":[[135.40036,34.73774],[135.42846,34.73245]]}},{"type":"Feature","properties":{"route":"東海道線","alias":"JR京都線/JR神戸線/JR琵琶湖線","operator":"西日本旅客鉄道","section":"11"},"geometry":{"type":"LineString","coordinates":[[135.37539,34.73907],[135.39884,34.73803]]}},{"type":"Feature","properties":{"route":"東海道線","alias":"JR京都線/JR神戸線/JR琵琶湖線","operator":"西日本旅客鉄道","section":"11"},"geometry":{"type":"LineString","coordinates":[[135.35028,34.73901],[135.34728,34.73901]]}},{"type":"Feature","properties":{"route":"東海道線","alias":"JR京都線/JR神戸線/JR琵琶湖線","operator":"西日本旅客鉄道","section":"11"},"geometry":{"type":"LineString","coordinates":[[135.17838,34.68057],[135.17806,34.67787]]}},{"type":"Feature","properties":{"route":"東海道線","alias":"JR京都線/JR神戸線/JR琵琶湖線","operator":"西日本旅客鉄道","section":"11"},"geometry":{"type":"LineString","coordinates":[[135.30885,34.73453],[135.30598,34.73401]]}},{"type":"Feature","properties":{"route":"東海道線","alias":"JR京都線/JR神戸線/JR琵琶湖線","operator":"西日本旅客鉄道","section":"11"},"geometry":{"type":"LineString","coordinates":[[135.19375,34.69356],[135.18854,34.69014]]}},{"type":"Feature","properties":{"route":"東海道線","alias":"JR京都線/JR神戸線/JR琵琶湖線","operator":"西日本旅客鉄道","section":"11"},"geometry":{"type":"LineString","coordinates":[[135.18612,34.68906],[135.17924,34.68412],[135.17838,34.68057]]}},{"type":"Feature","properties":{"route":"東海道線","alias":"JR京都線/JR神戸線/JR琵琶湖線","operator":"西日本旅客鉄道","section":"11"},"geometry":{"type":"LineString","coordinates":[[135.21576,34.70569],[135.20648,34.70342],[135.19633,34.69603]]}},{"type":"Feature","properties":{"route":"東海道線","alias":"JR京都線/JR神戸線/JR琵琶湖線","operator":"西日本旅客鉄道","section":"11"},"geometry":{"type":"LineString","coordinates":[[135.30598,34.73401],[135.29352,34.73088]]}},{"type":"Feature","properties":{"route":"東海道線","alias":"JR京都線/JR神戸線/JR琵琶湖線","operator":"西日本旅客鉄道","section":"11"},"geometry":{"type":"LineString","coordinates":[[135.23905,34.71525],[135.23776,34.71436]]}},{"type":"Feature","properties":{"route":"東海道線","alias":"JR京都線/JR神戸線/JR琵琶湖線","operator":"西日本旅客鉄道","section":"11"},"geometry":{"type":"LineString","coordinates":[[135.29352,34.73088],[135.29169,34.73039]]}},{"type":"Feature","properties":{"route":"東海道線","alias":"JR京都線/JR神戸線/JR琵琶湖線","operator":"西日本旅客鉄道","section":"11"},"geometry":{"type":"LineString","coordinates":[[135.26163,34.7195],[135.24873,34.71923],[135.23905,34.71525]]}},{"type":"Feature","properties":{"route":"東海道線","alias":"JR京都線/JR神戸線/JR琵琶湖線","operator":"西日本旅客鉄道","section":"11"},"geometry":{"type":"LineString","coordinates":[[135.21733,34.70606],[135.21576,34.70569]]}},{"type":"Feature","properties":{"route":"東海道線","alias":"JR京都線/JR神戸線/JR琵琶湖線","operator":"西日本旅客鉄道","section":"11"},"geometry":{"type":"LineString","coordinates":[[135.26356,34.71997],[135.26163,34.7195]]}},{"type":"Feature","properties":{"route":"東海道線","alias":"JR京都線/JR神戸線/JR琵琶湖線","operator":"西日本旅客鉄道","section":"11"},"geometry":{"type":"LineString","coordinates":[[135.27671,34.72659],[135.26356,34.71997]]}},{"type":"Feature","properties":{"route":"東海道線","alias":"JR京都線/JR神戸線/JR琵琶湖線","operator":"西日本旅客鉄道","section":"11"},"geometry":{"type":"LineString","coordinates":[[135.18854,34.69014],[135.18612,34.68906]]}},{"type":"Feature","properties":{"route":"東海道線","alias":"JR京都線/JR神戸線/JR琵琶湖線","operator":"西日本旅客鉄道","section":"11"},"geometry":{"type":"LineString","coordinates":[[135.23776,34.71436],[135.22583141,34.70890226]]}},{"type":"Feature","properties":{"route":"東海道線","alias":"JR京都線/JR神戸線/JR琵琶湖線","operator":"西日本旅客鉄道","section":"11"},"geometry":{"type":"LineString","coordinates":[[135.19633,34.69603],[135.19375,34.69356]]}},{"type":"Feature","properties":{"route":"東海道線","alias":"JR京都線/JR神戸線/JR琵琶湖線","operator":"西日本旅客鉄道","section":"11"},"geometry":{"type":"LineString","coordinates":[[135.27843,34.72702],[135.27671,34.72659]]}},{"type":"Feature","properties":{"route":"東海道線","alias":"JR京都線/JR神戸線/JR琵琶湖線","operator":"西日本旅客鉄道","section":"11"},"geometry":{"type":"LineString","coordinates":[[135.29169,34.73039],[135.27843,34.72702]]}},{"type":"Feature","properties":{"route":"奈良線","alias":"奈良線","operator":"西日本旅客鉄道","section":"11"},"geometry":{"type":"LineString","coordinates":[[135.76955,34.98182],[135.76566,34.98529],[135.76116,34.98521]]}},{"type":"Feature","properties":{"route":"奈良線","alias":"奈良線","operator":"西日本旅客鉄道","section":"11"},"geometry":{"type":"LineString","coordinates":[[135.76116,34.98521],[135.75748,34.98513]]}},{"type":"Feature","properties":{"route":"奈良線","alias":"奈良線","operator":"西日本旅客鉄道","section":"11"},"geometry":{"type":"LineString","coordinates":[[135.79882,34.92424],[135.79903,34.92538]]}},{"type":"Feature","properties":{"route":"奈良線","alias":"奈良線","operator":"西日本旅客鉄道","section":"11"},"geometry":{"type":"LineString","coordinates":[[135.77061,34.96729],[135.76985,34.98093]]}},{"type":"Feature","properties":{"route":"奈良線","alias":"奈良線","operator":"西日本旅客鉄道","section":"11"},"geometry":{"type":"LineString","coordinates":[[135.7979,34.9326],[135.79676,34.93313]]}},{"type":"Feature","properties":{"route":"奈良線","alias":"奈良線","operator":"西日本旅客鉄道","section":"11"},"geometry":{"type":"LineString","coordinates":[[135.77101,34.93278],[135.76775,34.93735],[135.77528,34.94736]]}},{"type":"Feature","properties":{"route":"奈良線","alias":"奈良線","operator":"西日本旅客鉄道","section":"11"},"geometry":{"type":"LineString","coordinates":[[135.75748,34.98513],[135.75412,34.98546]]}},{"type":"Feature","properties":{"route":"奈良線","alias":"奈良線","operator":"西日本旅客鉄道","section":"11"},"geometry":{"type":"LineString","coordinates":[[135.77528,34.94736],[135.77593,34.94857]]}},{"type":"Feature","properties":{"route":"奈良線","alias":"奈良線","operator":"西日本旅客鉄道","section":"11"},"geometry":{"type":"LineString","coordinates":[[135.77593,34.94857],[135.77728,34.95713],[135.77091,34.96621]]}},{"type":"Feature","properties":{"route":"奈良線","alias":"奈良線","operator":"西日本旅客鉄道","section":"11"},"geometry":{"type":"LineString","coordinates":[[135.79903,34.92538],[135.79963,34.93028],[135.7979,34.9326]]}},{"type":"Feature","properties":{"route":"奈良線","alias":"奈良線","operator":"西日本旅客鉄道","section":"11"},"geometry":{"type":"LineString","coordinates":[[135.77091,34.96621],[135.77061,34.96729]]}},{"type":"Feature","properties":{"route":"奈良線","alias":"奈良線","operator":"西日本旅客鉄道","section":"11"},"geometry":{"type":"LineString","coordinates":[[135.80387,34.91227],[135.8035,34.91332]]}},{"type":"Feature","properties":{"route":"奈良線","alias":"奈良線","operator":"西日本旅客鉄道","section":"11"},"geometry":{"type":"LineString","coordinates":[[135.77291,34.93234],[135.77101,34.93278]]}},{"type":"Feature","properties":{"route":"奈良線","alias":"奈良線","operator":"西日本旅客鉄道","section":"11"},"geometry":{"type":"LineString","coordinates":[[135.8035,34.91332],[135.79868,34.92033],[135.79882,34.92424]]}},{"type":"Feature","properties":{"route":"奈良線","alias":"奈良線","operator":"西日本旅客鉄道","section":"11"},"geometry":{"type":"LineString","coordinates":[[135.76985,34.98093],[135.76955,34.98182]]}},{"type":"Feature","properties":{"route":"奈良線","alias":"奈良線","operator":"西日本旅客鉄道","section":"11"},"geometry":{"type":"LineString","coordinates":[[135.79676,34.93313],[135.78978,34.9347],[135.78079,34.93142],[135.77291,34.93234]]}},{"type":"Feature","properties":{"route":"奈良線","alias":"奈良線","operator":"西日本旅客鉄道","section":"11"},"geometry":{"type":"LineString","coordinates":[[135.82465,34.73433],[135.8249,34.73686]]}},{"type":"Feature","properties":{"route":"奈良線","alias":"奈良線","operator":"西日本旅客鉄道","section":"11"},"geometry":{"type":"LineString","coordinates":[[135.7807,34.87385],[135.78076,34.87483]]}},{"type":"Feature","properties":{"route":"奈良線","alias":"奈良線","operator":"西日本旅客鉄道","section":"11"},"geometry":{"type":"LineString","coordinates":[[135.78687,34.88916],[135.80021,34.89008]]}},{"type":"Feature","properties":{"route":"奈良線","alias":"奈良線","operator":"西日本旅客鉄道","section":"11"},"geometry":{"type":"LineString","coordinates":[[135.8249,34.73686],[135.82499,34.74093],[135.82153,34.7499]]}},{"type":"Feature","properties":{"route":"奈良線","alias":"奈良線","operator":"西日本旅客鉄道","section":"11"},"geometry":{"type":"LineString","coordinates":[[135.80698,34.80014],[135.80696,34.80124]]}},{"type":"Feature","properties":{"route":"奈良線","alias":"奈良線","operator":"西日本旅客鉄道","section":"11"},"geometry":{"type":"LineString","coordinates":[[135.78557,34.88895],[135.78687,34.88916]]}},{"type":"Feature","properties":{"route":"奈良線","alias":"奈良線","operator":"西日本旅客鉄道","section":"11"},"geometry":{"type":"LineString","coordinates":[[135.78919,34.84264],[135.78657,34.8444],[135.78134,34.85513]]}},{"type":"Feature","properties":{"route":"奈良線","alias":"奈良線","operator":"西日本旅客鉄道","section":"11"},"geometry":{"type":"LineString","coordinates":[[135.80141,34.89068],[135.80875,34.89739],[135.80387,34.91227]]}},{"type":"Feature","properties":{"route":"奈良線","alias":"奈良線","operator":"西日本旅客鉄道","section":"11"},"geometry":{"type":"LineString","coordinates":[[135.82153,34.7499],[135.82107,34.75105]]}},{"type":"Feature","properties":{"route":"奈良線","alias":"奈良線","operator":"西日本旅客鉄道","section":"11"},"geometry":{"type":"LineString","coordinates":[[135.82107,34.75105],[135.81555,34.76527],[135.816,34.77427]]}},{"type":"Feature","properties":{"route":"奈良線","alias":"奈良線","operator":"西日本旅客鉄道","section":"11"},"geometry":{"type":"LineString","coordinates":[[135.80696,34.80124],[135.8077,34.81299],[135.8064,34.81724]]}},{"type":"Feature","properties":{"route":"奈良線","alias":"奈良線","operator":"西日本旅客鉄道","section":"11"},"geometry":{"type":"LineString","coordinates":[[135.816,34.77427],[135.81604,34.775]]}},{"type":"Feature","properties":{"route":"奈良線","alias":"奈良線","operator":"西日本旅客鉄道","section":"11"},"geometry":{"type":"LineString","coordinates":[[135.80021,34.89008],[135.80141,34.89068]]}},{"type":"Feature","properties":{"route":"奈良線","alias":"奈良線","operator":"西日本旅客鉄道","section":"11"},"geometry":{"type":"LineString","coordinates":[[135.78076,34.87483],[135.78008,34.88182],[135.78557,34.88895]]}},{"type":"Feature","properties":{"route":"奈良線","alias":"奈良線","operator":"西日本旅客鉄道","section":"11"},"geometry":{"type":"LineString","coordinates":[[135.8064,34.81724],[135.80612,34.81795]]}},{"type":"Feature","properties":{"route":"奈良線","alias":"奈良線","operator":"西日本旅客鉄道","section":"11"},"geometry":{"type":"LineString","coordinates":[[135.78134,34.85513],[135.78078,34.85603]]}},{"type":"Feature","properties":{"route":"奈良線","alias":"奈良線","operator":"西日本旅客鉄道","section":"11"},"geometry":{"type":"LineString","coordinates":[[135.80612,34.81795],[135.80324,34.82507],[135.80043,34.82787]]}},{"type":"Feature","properties":{"route":"奈良線","alias":"奈良線","operator":"西日本旅客鉄道","section":"11"},"geometry":{"type":"LineString","coordinates":[[135.81604,34.775],[135.81613,34.78128],[135.80736,34.79706],[135.80698,34.80014]]}},{"type":"Feature","properties":{"route":"奈良線","alias":"奈良線","operator":"西日本旅客鉄道","section":"11"},"geometry":{"type":"LineString","coordinates":[[135.78078,34.85603],[135.77867,34.86066],[135.7807,34.87385]]}},{"type":"Feature","properties":{"route":"奈良線","alias":"奈良線","operator":"西日本旅客鉄道","section":"11"},"geometry":{"type":"LineString","coordinates":[[135.79988,34.82841],[135.79702,34.83163],[135.79559,34.83922],[135.79036,34.84214]]}},{"type":"Feature","properties":{"route":"奈良線","alias":"奈良線","operator":"西日本旅客鉄道","section":"11"},"geometry":{"type":"LineString","coordinates":[[135.79036,34.84214],[135.78919,34.84264]]}},{"type":"Feature","properties":{"route":"奈良線","alias":"奈良線","operator":"西日本旅客鉄道","section":"11"},"geometry":{"type":"LineString","coordinates":[[135.80043,34.82787],[135.79988,34.82841]]}},{"type":"Feature","properties":{"route":"福知山線","alias":"JR宝塚線","operator":"西日本旅客鉄道","section":"11"},"geometry":{"type":"LineString","coordinates":[[135.11982,35.29626],[135.12358,35.29544]]}},{"type":"Feature","properties":{"route":"福知山線","alias":"JR宝塚線","operator":"西日本旅客鉄道","section":"11"},"geometry":{"type":"LineString","coordinates":[[135.11982,35.29626],[135.11731,35.29688]]}},{"type":"Feature","properties":{"route":"福知山線","alias":"JR宝塚線","operator":"西日本旅客鉄道","section":"11"},"geometry":{"type":"LineString","coordinates":[[135.09477,35.08775],[135.09357,35.08799]]}},{"type":"Feature","properties":{"route":"福知山線","alias":"JR宝塚線","operator":"西日本旅客鉄道","section":"11"},"geometry":{"type":"LineString","coordinates":[[135.19169,34.92937],[135.19117,34.92773]]}},{"type":"Feature","properties":{"route":"福知山線","alias":"JR宝塚線","operator":"西日本旅客鉄道","section":"11"},"geometry":{"type":"LineString","coordinates":[[135.1746,35.03715],[135.1716,35.03206],[135.1557,35.02251]]}},{"type":"Feature","properties":{"route":"福知山線","alias":"JR宝塚線","operator":"西日本旅客鉄道","section":"11"},"geometry":{"type":"LineString","coordinates":[[135.09555,35.16878],[135.08325,35.17034],[135.06997,35.16707],[135.06558,35.16048],[135.064,35.15393]]}},{"type":"Feature","properties":{"route":"福知山線","alias":"JR宝塚線","operator":"西日本旅客鉄道","section":"11"},"geometry":{"type":"LineString","coordinates":[[135.04825,35.08366],[135.04907,35.08323]]}},{"type":"Feature","properties":{"route":"福知山線","alias":"JR宝塚線","operator":"西日本旅客鉄道","section":"11"},"geometry":{"type":"LineString","coordinates":[[135.07829,35.12649],[135.08414,35.12249],[135.08394,35.11447],[135.07642,35.10973],[135.06747,35.10751],[135.06085,35.10372],[135.05491,35.09543],[135.04723,35.08914],[135.04825,35.08366]]}},{"type":"Feature","properties":{"route":"福知山線","alias":"JR宝塚線","operator":"西日本旅客鉄道","section":"11"},"geometry":{"type":"LineString","coordinates":[[135.15331,34.99109],[135.15374,34.98621]]}},{"type":"Feature","properties":{"route":"福知山線","alias":"JR宝塚線","operator":"西日本旅客鉄道","section":"11"},"geometry":{"type":"LineString","coordinates":[[135.2089,34.90961],[135.20833,34.91067]]}},{"type":"Feature","properties":{"route":"福知山線","alias":"JR宝塚線","operator":"西日本旅客鉄道","section":"11"},"geometry":{"type":"LineString","coordinates":[[135.16875,35.07211],[135.17657,35.06816],[135.17711,35.05712]]}},{"type":"Feature","properties":{"route":"福知山線","alias":"JR宝塚線","operator":"西日本旅客鉄道","section":"11"},"geometry":{"type":"LineString","coordinates":[[135.1348,35.24414],[135.13339,35.24333]]}},{"type":"Feature","properties":{"route":"福知山線","alias":"JR宝塚線","operator":"西日本旅客鉄道","section":"11"},"geometry":{"type":"LineString","coordinates":[[135.13339,35.24333],[135.13069,35.23946],[135.13139,35.22391],[135.13391,35.21386],[135.13051,35.20847]]}},{"type":"Feature","properties":{"route":"福知山線","alias":"JR宝塚線","operator":"西日本旅客鉄道","section":"11"},"geometry":{"type":"LineString","coordinates":[[135.15534,34.9778],[135.15572,34.97612]]}},{"type":"Feature","properties":{"route":"福知山線","alias":"JR宝塚線","operator":"西日本旅客鉄道","section":"11"},"geometry":{"type":"LineString","coordinates":[[135.17501,35.03813],[135.1746,35.03715]]}},{"type":"Feature","properties":{"route":"福知山線","alias":"JR宝塚線","operator":"西日本旅客鉄道","section":"11"},"geometry":{"type":"LineString","coordinates":[[135.07596,35.1279],[135.07829,35.12649]]}},{"type":"Feature","properties":{"route":"福知山線","alias":"JR宝塚線","operator":"西日本旅客鉄道","section":"11"},"geometry":{"type":"LineString","coordinates":[[135.0635,35.15157],[135.06407,35.14737],[135.07596,35.1279]]}},{"type":"Feature","properties":{"route":"福知山線","alias":"JR宝塚線","operator":"西日本旅客鉄道","section":"11"},"geometry":{"type":"LineString","coordinates":[[135.12358,35.29544],[135.12743,35.29306],[135.13021,35.28772],[135.13742,35.2845],[135.1368,35.277],[135.14717,35.26961],[135.1486,35.26013],[135.1476,35.25684],[135.14996,35.2517],[135.1348,35.24414]]}},{"type":"Feature","properties":{"route":"福知山線","alias":"JR宝塚線","operator":"西日本旅客鉄道","section":"11"},"geometry":{"type":"LineString","coordinates":[[135.15239,34.99749],[135.15235,34.99637]]}},{"type":"Feature","properties":{"route":"福知山線","alias":"JR宝塚線","operator":"西日本旅客鉄道","section":"11"},"geometry":{"type":"LineString","coordinates":[[135.15374,34.98621],[135.15317,34.98296],[135.15534,34.9778]]}},{"type":"Feature","properties":{"route":"福知山線","alias":"JR宝塚線","operator":"西日本旅客鉄道","section":"11"},"geometry":{"type":"LineString","coordinates":[[135.15235,34.99637],[135.15331,34.99109]]}},{"type":"Feature","properties":{"route":"福知山線","alias":"JR宝塚線","operator":"西日本旅客鉄道","section":"11"},"geometry":{"type":"LineString","coordinates":[[135.15572,34.97612],[135.15465,34.97178],[135.14637,34.9659],[135.14399,34.96196],[135.14847,34.95121],[135.15491,34.94795]]}},{"type":"Feature","properties":{"route":"福知山線","alias":"JR宝塚線","operator":"西日本旅客鉄道","section":"11"},"geometry":{"type":"LineString","coordinates":[[135.19117,34.92773],[135.19138,34.92267],[135.20447,34.91688],[135.20833,34.91067]]}},{"type":"Feature","properties":{"route":"福知山線","alias":"JR宝塚線","operator":"西日本旅客鉄道","section":"11"},"geometry":{"type":"LineString","coordinates":[[135.15699,34.94732],[135.17471,34.93747],[135.19059,34.93379],[135.19217,34.9317],[135.19169,34.92937]]}},{"type":"Feature","properties":{"route":"福知山線","alias":"JR宝塚線","operator":"西日本旅客鉄道","section":"11"},"geometry":{"type":"LineString","coordinates":[[135.15491,34.94795],[135.15699,34.94732]]}},{"type":"Feature","properties":{"route":"福知山線","alias":"JR宝塚線","operator":"西日本旅客鉄道","section":"11"},"geometry":{"type":"LineString","coordinates":[[135.15331,34.99109],[135.15374,34.98621]]}},{"type":"Feature","properties":{"route":"福知山線","alias":"JR宝塚線","operator":"西日本旅客鉄道","section":"11"},"geometry":{"type":"LineString","coordinates":[[135.05072,35.08235],[135.04907,35.08323]]}},{"type":"Feature","properties":{"route":"福知山線","alias":"JR宝塚線","operator":"西日本旅客鉄道","section":"11"},"geometry":{"type":"LineString","coordinates":[[135.1542,35.02141],[135.14959,35.0175],[135.15226,35.01098],[135.15239,34.99749]]}},{"type":"Feature","properties":{"route":"福知山線","alias":"JR宝塚線","operator":"西日本旅客鉄道","section":"11"},"geometry":{"type":"LineString","coordinates":[[135.16838,35.07269],[135.16875,35.07211]]}},{"type":"Feature","properties":{"route":"福知山線","alias":"JR宝塚線","operator":"西日本旅客鉄道","section":"11"},"geometry":{"type":"LineString","coordinates":[[135.12961,35.20751],[135.11806,35.19212],[135.12058,35.18566],[135.11635,35.16915],[135.1112,35.16662],[135.0991,35.16826]]}},{"type":"Feature","properties":{"route":"福知山線","alias":"JR宝塚線","operator":"西日本旅客鉄道","section":"11"},"geometry":{"type":"LineString","coordinates":[[135.17711,35.05712],[135.17787,35.05527]]}},{"type":"Feature","properties":{"route":"福知山線","alias":"JR宝塚線","operator":"西日本旅客鉄道","section":"11"},"geometry":{"type":"LineString","coordinates":[[135.1557,35.02251],[135.1542,35.02141]]}},{"type":"Feature","properties":{"route":"福知山線","alias":"JR宝塚線","operator":"西日本旅客鉄道","section":"11"},"geometry":{"type":"LineString","coordinates":[[135.17787,35.05527],[135.18118,35.05065],[135.17501,35.03813]]}},{"type":"Feature","properties":{"route":"福知山線","alias":"JR宝塚線","operator":"西日本旅客鉄道","section":"11"},"geometry":{"type":"LineString","coordinates":[[135.0991,35.16826],[135.09555,35.16878]]}},{"type":"Feature","properties":{"route":"福知山線","alias":"JR宝塚線","operator":"西日本旅客鉄道","section":"11"},"geometry":{"type":"LineString","coordinates":[[135.13051,35.20847],[135.12961,35.20751]]}},{"type":"Feature","properties":{"route":"福知山線","alias":"JR宝塚線","operator":"西日本旅客鉄道","section":"11"},"geometry":{"type":"LineString","coordinates":[[135.064,35.15393],[135.0635,35.15157]]}},{"type":"Feature","properties":{"route":"福知山線","alias":"JR宝塚線","operator":"西日本旅客鉄道","section":"11"},"geometry":{"type":"LineString","coordinates":[[135.09477,35.08775],[135.10237,35.08604],[135.11282,35.0771],[135.12593,35.08153],[135.13307,35.08133],[135.13938,35.07731],[135.15566,35.08072],[135.16659,35.0751],[135.16838,35.07269]]}},{"type":"Feature","properties":{"route":"福知山線","alias":"JR宝塚線","operator":"西日本旅客鉄道","section":"11"},"geometry":{"type":"LineString","coordinates":[[135.09357,35.08799],[135.08881,35.08843],[135.07478,35.08434],[135.06508,35.08564],[135.06012,35.08268],[135.05072,35.08235]]}},{"type":"Feature","properties":{"route":"福知山線","alias":"JR宝塚線","operator":"西日本旅客鉄道","section":"11"},"geometry":{"type":"LineString","coordinates":[[135.43066,34.73204],[135.4329,34.73167]]}},{"type":"Feature","properties":{"route":"福知山線","alias":"JR宝塚線","operator":"西日本旅客鉄道","section":"11"},"geometry":{"type":"LineString","coordinates":[[135.42846,34.73245],[135.43066,34.73204]]}},{"type":"Feature","properties":{"route":"福知山線","alias":"JR宝塚線","operator":"西日本旅客鉄道","section":"11"},"geometry":{"type":"LineString","coordinates":[[135.42497,34.75173],[135.42527,34.74993]]}},{"type":"Feature","properties":{"route":"福知山線","alias":"JR宝塚線","operator":"西日本旅客鉄道","section":"11"},"geometry":{"type":"LineString","coordinates":[[135.41042,34.8247],[135.4092,34.82508]]}},{"type":"Feature","properties":{"route":"福知山線","alias":"JR宝塚線","operator":"西日本旅客鉄道","section":"11"},"geometry":{"type":"LineString","coordinates":[[135.42497,34.75173],[135.42276,34.7632]]}},{"type":"Feature","properties":{"route":"福知山線","alias":"JR宝塚線","operator":"西日本旅客鉄道","section":"11"},"geometry":{"type":"LineString","coordinates":[[135.42527,34.74993],[135.42674,34.74225]]}},{"type":"Feature","properties":{"route":"福知山線","alias":"JR宝塚線","operator":"西日本旅客鉄道","section":"11"},"geometry":{"type":"LineString","coordinates":[[135.34013,34.81168],[135.34156,34.81103]]}},{"type":"Feature","properties":{"route":"福知山線","alias":"JR宝塚線","operator":"西日本旅客鉄道","section":"11"},"geometry":{"type":"LineString","coordinates":[[135.42247,34.7648],[135.4218,34.78009]]}},{"type":"Feature","properties":{"route":"福知山線","alias":"JR宝塚線","operator":"西日本旅客鉄道","section":"11"},"geometry":{"type":"LineString","coordinates":[[135.4218,34.78009],[135.42175,34.78114]]}},{"type":"Feature","properties":{"route":"福知山線","alias":"JR宝塚線","operator":"西日本旅客鉄道","section":"11"},"geometry":{"type":"LineString","coordinates":[[135.42846,34.73245],[135.42567,34.73484],[135.42674,34.74225]]}},{"type":"Feature","properties":{"route":"福知山線","alias":"JR宝塚線","operator":"西日本旅客鉄道","section":"11"},"geometry":{"type":"LineString","coordinates":[[135.42674,34.74225],[135.4219,34.73481],[135.423,34.73333],[135.42846,34.73245]]}},{"type":"Feature","properties":{"route":"福知山線","alias":"JR宝塚線","operator":"西日本旅客鉄道","section":"11"},"geometry":{"type":"LineString","coordinates":[[135.37318,34.81665],[135.36784,34.81615],[135.3534,34.80959],[135.34156,34.81103]]}},{"type":"Feature","properties":{"route":"福知山線","alias":"JR宝塚線","operator":"西日本旅客鉄道","section":"11"},"geometry":{"type":"LineString","coordinates":[[135.4092,34.82508],[135.39741,34.82392],[135.38853,34.81829],[135.38216,34.81626],[135.37483,34.81655]]}},{"type":"Feature","properties":{"route":"福知山線","alias":"JR宝塚線","operator":"西日本旅客鉄道","section":"11"},"geometry":{"type":"LineString","coordinates":[[135.37483,34.81655],[135.37318,34.81665]]}},{"type":"Feature","properties":{"route":"福知山線","alias":"JR宝塚線","operator":"西日本旅客鉄道","section":"11"},"geometry":{"type":"LineString","coordinates":[[135.42175,34.78114],[135.41971,34.79976]]}},{"type":"Feature","properties":{"route":"福知山線","alias":"JR宝塚線","operator":"西日本旅客鉄道","section":"11"},"geometry":{"type":"LineString","coordinates":[[135.41971,34.79976],[135.41937,34.80188]]}},{"type":"Feature","properties":{"route":"福知山線","alias":"JR宝塚線","operator":"西日本旅客鉄道","section":"11"},"geometry":{"type":"LineString","coordinates":[[135.42276,34.7632],[135.42247,34.7648]]}},{"type":"Feature","properties":{"route":"福知山線","alias":"JR宝塚線","operator":"西日本旅客鉄道","section":"11"},"geometry":{"type":"LineString","coordinates":[[135.41937,34.80188],[135.41497,34.81395],[135.41442,34.82128],[135.41042,34.8247]]}},{"type":"Feature","properties":{"route":"福知山線","alias":"JR宝塚線","operator":"西日本旅客鉄道","section":"11"},"geometry":{"type":"LineString","coordinates":[[135.3061,34.85499],[135.30534,34.856]]}},{"type":"Feature","properties":{"route":"福知山線","alias":"JR宝塚線","operator":"西日本旅客鉄道","section":"11"},"geometry":{"type":"LineString","coordinates":[[135.3061,34.85499],[135.30888,34.82771]]}},{"type":"Feature","properties":{"route":"福知山線","alias":"JR宝塚線","operator":"西日本旅客鉄道","section":"11"},"geometry":{"type":"LineString","coordinates":[[135.32611,34.81966],[135.33256,34.81947],[135.34013,34.81168]]}},{"type":"Feature","properties":{"route":"福知山線","alias":"JR宝塚線","operator":"西日本旅客鉄道","section":"11"},"geometry":{"type":"LineString","coordinates":[[135.25662,34.86728],[135.25499,34.86727]]}},{"type":"Feature","properties":{"route":"福知山線","alias":"JR宝塚線","operator":"西日本旅客鉄道","section":"11"},"geometry":{"type":"LineString","coordinates":[[135.2312,34.88829],[135.22863,34.88909]]}},{"type":"Feature","properties":{"route":"福知山線","alias":"JR宝塚線","operator":"西日本旅客鉄道","section":"11"},"geometry":{"type":"LineString","coordinates":[[135.30534,34.856],[135.30214,34.85935],[135.29639,34.86173],[135.27798,34.86369],[135.26431,34.86749],[135.25662,34.86728]]}},{"type":"Feature","properties":{"route":"福知山線","alias":"JR宝塚線","operator":"西日本旅客鉄道","section":"11"},"geometry":{"type":"LineString","coordinates":[[135.32454,34.81902],[135.32611,34.81966]]}},{"type":"Feature","properties":{"route":"福知山線","alias":"JR宝塚線","operator":"西日本旅客鉄道","section":"11"},"geometry":{"type":"LineString","coordinates":[[135.30888,34.82771],[135.30889,34.82675]]}},{"type":"Feature","properties":{"route":"福知山線","alias":"JR宝塚線","operator":"西日本旅客鉄道","section":"11"},"geometry":{"type":"LineString","coordinates":[[135.22863,34.88909],[135.21482,34.89879],[135.2089,34.90961]]}},{"type":"Feature","properties":{"route":"福知山線","alias":"JR宝塚線","operator":"西日本旅客鉄道","section":"11"},"geometry":{"type":"LineString","coordinates":[[135.25499,34.86727],[135.25135,34.86905],[135.24849,34.87846],[135.24244,34.88439],[135.2312,34.88829]]}},{"type":"Feature","properties":{"route":"福知山線","alias":"JR宝塚線","operator":"西日本旅客鉄道","section":"11"},"geometry":{"type":"LineString","coordinates":[[135.30889,34.82675],[135.3101,34.82188],[135.31387,34.81851],[135.3193,34.81724],[135.32454,34.81902]]}},{"type":"Feature","properties":{"route":"片町線","alias":"学研都市線","operator":"西日本旅客鉄道","section":"11"},"geometry":{"type":"LineString","coordinates":[[135.82465,34.73433],[135.8249,34.73686]]}},{"type":"Feature","properties":{"route":"片町線","alias":"学研都市線","operator":"西日本旅客鉄道","section":"11"},"geometry":{"type":"LineString","coordinates":[[135.65337,34.75583],[135.65333,34.75518]]}},{"type":"Feature","properties":{"route":"片町線","alias":"学研都市線","operator":"西日本旅客鉄道","section":"11"},"geometry":{"type":"LineString","coordinates":[[135.64487,34.74534],[135.63927,34.73117]]}},{"type":"Feature","properties":{"route":"片町線","alias":"学研都市線","operator":"西日本旅客鉄道","section":"11"},"geometry":{"type":"LineString","coordinates":[[135.74949,34.83087],[135.73241,34.83636],[135.72784,34.83374]]}},{"type":"Feature","properties":{"route":"片町線","alias":"学研都市線","operator":"西日本旅客鉄道","section":"11"},"geometry":{"type":"LineString","coordinates":[[135.77865,34.8053],[135.77822,34.80583]]}},{"type":"Feature","properties":{"route":"片町線","alias":"学研都市線","operator":"西日本旅客鉄道","section":"11"},"geometry":{"type":"LineString","coordinates":[[135.62238,34.70631],[135.62049,34.70626]]}},{"type":"Feature","properties":{"route":"片町線","alias":"学研都市線","operator":"西日本旅客鉄道","section":"11"},"geometry":{"type":"LineString","coordinates":[[135.63688,34.71795],[135.63717,34.71896]]}},{"type":"Feature","properties":{"route":"片町線","alias":"学研都市線","operator":"西日本旅客鉄道","section":"11"},"geometry":{"type":"LineString","coordinates":[[135.66281,34.76708],[135.65373,34.75966],[135.65337,34.75583]]}},{"type":"Feature","properties":{"route":"片町線","alias":"学研都市線","operator":"西日本旅客鉄道","section":"11"},"geometry":{"type":"LineString","coordinates":[[135.66408,34.76762],[135.66281,34.76708]]}},{"type":"Feature","properties":{"route":"片町線","alias":"学研都市線","operator":"西日本旅客鉄道","section":"11"},"geometry":{"type":"LineString","coordinates":[[135.62238,34.70631],[135.63391,34.70986],[135.63688,34.71795]]}},{"type":"Feature","properties":{"route":"片町線","alias":"学研都市線","operator":"西日本旅客鉄道","section":"11"},"geometry":{"type":"LineString","coordinates":[[135.7029,34.81479],[135.7026,34.81409]]}},{"type":"Feature","properties":{"route":"片町線","alias":"学研都市線","operator":"西日本旅客鉄道","section":"11"},"geometry":{"type":"LineString","coordinates":[[135.68428,34.77635],[135.66408,34.76762]]}},{"type":"Feature","properties":{"route":"片町線","alias":"学研都市線","operator":"西日本旅客鉄道","section":"11"},"geometry":{"type":"LineString","coordinates":[[135.78427,34.79899],[135.77865,34.8053]]}},{"type":"Feature","properties":{"route":"片町線","alias":"学研都市線","operator":"西日本旅客鉄道","section":"11"},"geometry":{"type":"LineString","coordinates":[[135.78849,34.78093],[135.78474,34.79795]]}},{"type":"Feature","properties":{"route":"片町線","alias":"学研都市線","operator":"西日本旅客鉄道","section":"11"},"geometry":{"type":"LineString","coordinates":[[135.80203,34.73826],[135.79539,34.74282],[135.79205,34.75985]]}},{"type":"Feature","properties":{"route":"片町線","alias":"学研都市線","operator":"西日本旅客鉄道","section":"11"},"geometry":{"type":"LineString","coordinates":[[135.80286,34.738],[135.80203,34.73826]]}},{"type":"Feature","properties":{"route":"片町線","alias":"学研都市線","operator":"西日本旅客鉄道","section":"11"},"geometry":{"type":"LineString","coordinates":[[135.69804,34.80188],[135.69791,34.80094]]}},{"type":"Feature","properties":{"route":"片町線","alias":"学研都市線","operator":"西日本旅客鉄道","section":"11"},"geometry":{"type":"LineString","coordinates":[[135.71339,34.82617],[135.71268,34.82571]]}},{"type":"Feature","properties":{"route":"片町線","alias":"学研都市線","operator":"西日本旅客鉄道","section":"11"},"geometry":{"type":"LineString","coordinates":[[135.76776,34.8227],[135.7658,34.82449],[135.7585,34.82524],[135.7503,34.83074]]}},{"type":"Feature","properties":{"route":"片町線","alias":"学研都市線","operator":"西日本旅客鉄道","section":"11"},"geometry":{"type":"LineString","coordinates":[[135.72784,34.83374],[135.7273,34.83264]]}},{"type":"Feature","properties":{"route":"片町線","alias":"学研都市線","operator":"西日本旅客鉄道","section":"11"},"geometry":{"type":"LineString","coordinates":[[135.7026,34.81409],[135.69804,34.80188]]}},{"type":"Feature","properties":{"route":"片町線","alias":"学研都市線","operator":"西日本旅客鉄道","section":"11"},"geometry":{"type":"LineString","coordinates":[[135.59848,34.69875],[135.61344,34.70509],[135.62049,34.70626]]}},{"type":"Feature","properties":{"route":"片町線","alias":"学研都市線","operator":"西日本旅客鉄道","section":"11"},"geometry":{"type":"LineString","coordinates":[[135.63922,34.72963],[135.63927,34.73117]]}},{"type":"Feature","properties":{"route":"片町線","alias":"学研都市線","operator":"西日本旅客鉄道","section":"11"},"geometry":{"type":"LineString","coordinates":[[135.69791,34.80094],[135.69606,34.78935],[135.68878,34.77883],[135.68502,34.77668]]}},{"type":"Feature","properties":{"route":"片町線","alias":"学研都市線","operator":"西日本旅客鉄道","section":"11"},"geometry":{"type":"LineString","coordinates":[[135.71268,34.82571],[135.7029,34.81479]]}},{"type":"Feature","properties":{"route":"片町線","alias":"学研都市線","operator":"西日本旅客鉄道","section":"11"},"geometry":{"type":"LineString","coordinates":[[135.79205,34.75985],[135.792,34.76053]]}},{"type":"Feature","properties":{"route":"片町線","alias":"学研都市線","operator":"西日本旅客鉄道","section":"11"},"geometry":{"type":"LineString","coordinates":[[135.792,34.76053],[135.78862,34.78022]]}},{"type":"Feature","properties":{"route":"片町線","alias":"学研都市線","operator":"西日本旅客鉄道","section":"11"},"geometry":{"type":"LineString","coordinates":[[135.76895,34.82071],[135.76776,34.8227]]}},{"type":"Feature","properties":{"route":"片町線","alias":"学研都市線","operator":"西日本旅客鉄道","section":"11"},"geometry":{"type":"LineString","coordinates":[[135.77822,34.80583],[135.76895,34.82071]]}},{"type":"Feature","properties":{"route":"片町線","alias":"学研都市線","operator":"西日本旅客鉄道","section":"11"},"geometry":{"type":"LineString","coordinates":[[135.68502,34.77668],[135.68428,34.77635]]}},{"type":"Feature","properties":{"route":"片町線","alias":"学研都市線","operator":"西日本旅客鉄道","section":"11"},"geometry":{"type":"LineString","coordinates":[[135.65333,34.75518],[135.64544,34.74595]]}},{"type":"Feature","properties":{"route":"片町線","alias":"学研都市線","operator":"西日本旅客鉄道","section":"11"},"geometry":{"type":"LineString","coordinates":[[135.78427,34.79899],[135.78474,34.79795]]}},{"type":"Feature","properties":{"route":"片町線","alias":"学研都市線","operator":"西日本旅客鉄道","section":"11"},"geometry":{"type":"LineString","coordinates":[[135.78862,34.78022],[135.78849,34.78093]]}},{"type":"Feature","properties":{"route":"片町線","alias":"学研都市線","operator":"西日本旅客鉄道","section":"11"},"geometry":{"type":"LineString","coordinates":[[135.64544,34.74595],[135.64487,34.74534]]}},{"type":"Feature","properties":{"route":"片町線","alias":"学研都市線","operator":"西日本旅客鉄道","section":"11"},"geometry":{"type":"LineString","coordinates":[[135.7503,34.83074],[135.74949,34.83087]]}},{"type":"Feature","properties":{"route":"片町線","alias":"学研都市線","operator":"西日本旅客鉄道","section":"11"},"geometry":{"type":"LineString","coordinates":[[135.63717,34.71896],[135.63922,34.72963]]}},{"type":"Feature","properties":{"route":"片町線","alias":"学研都市線","operator":"西日本旅客鉄道","section":"11"},"geometry":{"type":"LineString","coordinates":[[135.8249,34.73686],[135.82139,34.73951],[135.81239,34.73714],[135.80286,34.738]]}},{"type":"Feature","properties":{"route":"片町線","alias":"学研都市線","operator":"西日本旅客鉄道","section":"11"},"geometry":{"type":"LineString","coordinates":[[135.7273,34.83264],[135.72309,34.82841],[135.71339,34.82617]]}},{"type":"Feature","properties":{"route":"片町線","alias":"学研都市線","operator":"西日本旅客鉄道","section":"11"},"geometry":{"type":"LineString","coordinates":[[135.59681,34.69897],[135.59848,34.69875]]}},{"type":"Feature","properties":{"route":"片町線","alias":"学研都市線","operator":"西日本旅客鉄道","section":"11"},"geometry":{"type":"LineString","coordinates":[[135.53334,34.69581],[135.53483,34.69624]]}},{"type":"Feature","properties":{"route":"片町線","alias":"学研都市線","operator":"西日本旅客鉄道","section":"11"},"geometry":{"type":"LineString","coordinates":[[135.56227152834026,34.68802012705851],[135.54590425156033,34.69220135134321]]}},{"type":"Feature","properties":{"route":"片町線","alias":"学研都市線","operator":"西日本旅客鉄道","section":"11"},"geometry":{"type":"LineString","coordinates":[[135.58184,34.69301],[135.5861,34.69794],[135.59182,34.69953],[135.59681,34.69897]]}},{"type":"Feature","properties":{"route":"片町線","alias":"学研都市線","operator":"西日本旅客鉄道","section":"11"},"geometry":{"type":"LineString","coordinates":[[135.54590425156033,34.69220135134321],[135.54436117125366,34.69338205359241]]}},{"type":"Feature","properties":{"route":"片町線","alias":"学研都市線","operator":"西日本旅客鉄道","section":"11"},"geometry":{"type":"LineString","coordinates":[[135.5640035289362,34.687978298956686],[135.56227152834026,34.68802012705851]]}},{"type":"Feature","properties":{"route":"片町線","alias":"学研都市線","operator":"西日本旅客鉄道","section":"11"},"geometry":{"type":"LineString","coordinates":[[135.5640035289362,34.687978298956686],[135.57533,34.68793],[135.581,34.69197]]}},{"type":"Feature","properties":{"route":"片町線","alias":"学研都市線","operator":"西日本旅客鉄道","section":"11"},"geometry":{"type":"LineString","coordinates":[[135.54436117125366,34.69338205359241],[135.541213470776,34.69747368931235],[135.53483,34.69624]]}},{"type":"Feature","properties":{"route":"片町線","alias":"学研都市線","operator":"西日本旅客鉄道","section":"11"},"geometry":{"type":"LineString","coordinates":[[135.581,34.69197],[135.58184,34.69301]]}},{"type":"Feature","properties":{"route":"北陸線","alias":"北陸本線","operator":"西日本旅客鉄道","section":"11"},"geometry":{"type":"LineString","coordinates":[[136.64858,36.57927],[136.64711,36.57726]]}},{"type":"Feature","properties":{"route":"北陸線","alias":"北陸本線","operator":"西日本旅客鉄道","section":"11"},"geometry":{"type":"LineString","coordinates":[[136.3131,36.29957],[136.29541,36.28542],[136.2881,36.26816],[136.28323,36.2634],[136.28203,36.26006]]}},{"type":"Feature","properties":{"route":"北陸線","alias":"北陸本線","operator":"西日本旅客鉄道","section":"11"},"geometry":{"type":"LineString","coordinates":[[136.21807,36.03726],[136.218,36.03986]]}},{"type":"Feature","properties":{"route":"北陸線","alias":"北陸本線","operator":"西日本旅客鉄道","section":"11"},"geometry":{"type":"LineString","coordinates":[[136.453,36.40394],[136.45288,36.40144]]}},{"type":"Feature","properties":{"route":"北陸線","alias":"北陸本線","operator":"西日本旅客鉄道","section":"11"},"geometry":{"type":"LineString","coordinates":[[136.59783,36.54158],[136.60004,36.54268]]}},{"type":"Feature","properties":{"route":"北陸線","alias":"北陸本線","operator":"西日本旅客鉄道","section":"11"},"geometry":{"type":"LineString","coordinates":[[136.23372,36.16359],[136.23339,36.16149]]}},{"type":"Feature","properties":{"route":"北陸線","alias":"北陸本線","operator":"西日本旅客鉄道","section":"11"},"geometry":{"type":"LineString","coordinates":[[136.23522,36.21677],[136.23517,36.21405]]}},{"type":"Feature","properties":{"route":"北陸線","alias":"北陸本線","operator":"西日本旅客鉄道","section":"11"},"geometry":{"type":"LineString","coordinates":[[136.48842,36.48578],[136.49104,36.48622]]}},{"type":"Feature","properties":{"route":"北陸線","alias":"北陸本線","operator":"西日本旅客鉄道","section":"11"},"geometry":{"type":"LineString","coordinates":[[136.45955,36.45026],[136.45989,36.4527]]}},{"type":"Feature","properties":{"route":"北陸線","alias":"北陸本線","operator":"西日本旅客鉄道","section":"11"},"geometry":{"type":"LineString","coordinates":[[136.23517,36.21405],[136.23372,36.16359]]}},{"type":"Feature","properties":{"route":"北陸線","alias":"北陸本線","operator":"西日本旅客鉄道","section":"11"},"geometry":{"type":"LineString","coordinates":[[136.38405,36.32896],[136.3821,36.32781]]}},{"type":"Feature","properties":{"route":"北陸線","alias":"北陸本線","operator":"西日本旅客鉄道","section":"11"},"geometry":{"type":"LineString","coordinates":[[136.6223,36.55385],[136.63738,36.56421],[136.64711,36.57726]]}},{"type":"Feature","properties":{"route":"北陸線","alias":"北陸本線","operator":"西日本旅客鉄道","section":"11"},"geometry":{"type":"LineString","coordinates":[[136.22292,36.11028],[136.2221,36.10836]]}},{"type":"Feature","properties":{"route":"北陸線","alias":"北陸本線","operator":"西日本旅客鉄道","section":"11"},"geometry":{"type":"LineString","coordinates":[[136.2573,36.24154],[136.25612,36.23971]]}},{"type":"Feature","properties":{"route":"北陸線","alias":"北陸本線","operator":"西日本旅客鉄道","section":"11"},"geometry":{"type":"LineString","coordinates":[[136.2221,36.10836],[136.22123,36.10321],[136.23369,36.07835],[136.23243,36.06954],[136.22413,36.06288]]}},{"type":"Feature","properties":{"route":"北陸線","alias":"北陸本線","operator":"西日本旅客鉄道","section":"11"},"geometry":{"type":"LineString","coordinates":[[136.34881,36.32023],[136.32793,36.31478],[136.32288,36.30626],[136.31532,36.3011]]}},{"type":"Feature","properties":{"route":"北陸線","alias":"北陸本線","operator":"西日本旅客鉄道","section":"11"},"geometry":{"type":"LineString","coordinates":[[136.21666,36.01123],[136.2188,36.02095],[136.21807,36.03726]]}},{"type":"Feature","properties":{"route":"北陸線","alias":"北陸本線","operator":"西日本旅客鉄道","section":"11"},"geometry":{"type":"LineString","coordinates":[[136.52847,36.50366],[136.5568,36.52306],[136.56472,36.52616]]}},{"type":"Feature","properties":{"route":"北陸線","alias":"北陸本線","operator":"西日本旅客鉄道","section":"11"},"geometry":{"type":"LineString","coordinates":[[136.3821,36.32781],[136.37776,36.32639],[136.36224,36.32611],[136.35192,36.32091]]}},{"type":"Feature","properties":{"route":"北陸線","alias":"北陸本線","operator":"西日本旅客鉄道","section":"11"},"geometry":{"type":"LineString","coordinates":[[136.52628,36.50221],[136.5129,36.49333],[136.49104,36.48622]]}},{"type":"Feature","properties":{"route":"北陸線","alias":"北陸本線","operator":"西日本旅客鉄道","section":"11"},"geometry":{"type":"LineString","coordinates":[[136.19885,35.97264],[136.19801,35.97064]]}},{"type":"Feature","properties":{"route":"北陸線","alias":"北陸本線","operator":"西日本旅客鉄道","section":"11"},"geometry":{"type":"LineString","coordinates":[[136.21752,36.04576],[136.21763,36.04435]]}},{"type":"Feature","properties":{"route":"北陸線","alias":"北陸本線","operator":"西日本旅客鉄道","section":"11"},"geometry":{"type":"LineString","coordinates":[[136.453,36.40394],[136.45393,36.41316],[136.46052,36.41836],[136.46314,36.42473]]}},{"type":"Feature","properties":{"route":"北陸線","alias":"北陸本線","operator":"西日本旅客鉄道","section":"11"},"geometry":{"type":"LineString","coordinates":[[136.56472,36.52616],[136.56759,36.52722]]}},{"type":"Feature","properties":{"route":"北陸線","alias":"北陸本線","operator":"西日本旅客鉄道","section":"11"},"geometry":{"type":"LineString","coordinates":[[136.22181,36.06002],[136.22413,36.06288]]}},{"type":"Feature","properties":{"route":"北陸線","alias":"北陸本線","operator":"西日本旅客鉄道","section":"11"},"geometry":{"type":"LineString","coordinates":[[136.35192,36.32091],[136.34881,36.32023]]}},{"type":"Feature","properties":{"route":"北陸線","alias":"北陸本線","operator":"西日本旅客鉄道","section":"11"},"geometry":{"type":"LineString","coordinates":[[136.42536,36.35686],[136.42379,36.35468]]}},{"type":"Feature","properties":{"route":"北陸線","alias":"北陸本線","operator":"西日本旅客鉄道","section":"11"},"geometry":{"type":"LineString","coordinates":[[136.56759,36.52722],[136.59783,36.54158]]}},{"type":"Feature","properties":{"route":"北陸線","alias":"北陸本線","operator":"西日本旅客鉄道","section":"11"},"geometry":{"type":"LineString","coordinates":[[136.23339,36.16149],[136.22889,36.13082]]}},{"type":"Feature","properties":{"route":"北陸線","alias":"北陸本線","operator":"西日本旅客鉄道","section":"11"},"geometry":{"type":"LineString","coordinates":[[136.46314,36.42473],[136.46318,36.42588]]}},{"type":"Feature","properties":{"route":"北陸線","alias":"北陸本線","operator":"西日本旅客鉄道","section":"11"},"geometry":{"type":"LineString","coordinates":[[136.22858,36.1287],[136.2273,36.12072],[136.22292,36.11028]]}},{"type":"Feature","properties":{"route":"北陸線","alias":"北陸本線","operator":"西日本旅客鉄道","section":"11"},"geometry":{"type":"LineString","coordinates":[[136.42379,36.35468],[136.42047,36.35062],[136.38405,36.32896]]}},{"type":"Feature","properties":{"route":"北陸線","alias":"北陸本線","operator":"西日本旅客鉄道","section":"11"},"geometry":{"type":"LineString","coordinates":[[136.218,36.03986],[136.21801,36.04068]]}},{"type":"Feature","properties":{"route":"北陸線","alias":"北陸本線","operator":"西日本旅客鉄道","section":"11"},"geometry":{"type":"LineString","coordinates":[[136.21801,36.04068],[136.21773,36.05342],[136.22181,36.06002]]}},{"type":"Feature","properties":{"route":"北陸線","alias":"北陸本線","operator":"西日本旅客鉄道","section":"11"},"geometry":{"type":"LineString","coordinates":[[136.31532,36.3011],[136.3131,36.29957]]}},{"type":"Feature","properties":{"route":"北陸線","alias":"北陸本線","operator":"西日本旅客鉄道","section":"11"},"geometry":{"type":"LineString","coordinates":[[136.60004,36.54268],[136.62002,36.5525]]}},{"type":"Feature","properties":{"route":"北陸線","alias":"北陸本線","operator":"西日本旅客鉄道","section":"11"},"geometry":{"type":"LineString","coordinates":[[136.19885,35.97264],[136.2058,35.98909],[136.21439,36.00166],[136.21635,36.00986]]}},{"type":"Feature","properties":{"route":"北陸線","alias":"北陸本線","operator":"西日本旅客鉄道","section":"11"},"geometry":{"type":"LineString","coordinates":[[136.46318,36.42588],[136.45955,36.45026]]}},{"type":"Feature","properties":{"route":"北陸線","alias":"北陸本線","operator":"西日本旅客鉄道","section":"11"},"geometry":{"type":"LineString","coordinates":[[136.52628,36.50221],[136.52847,36.50366]]}},{"type":"Feature","properties":{"route":"北陸線","alias":"北陸本線","operator":"西日本旅客鉄道","section":"11"},"geometry":{"type":"LineString","coordinates":[[136.47554,36.4773],[136.47896,36.48182],[136.48842,36.48578]]}},{"type":"Feature","properties":{"route":"北陸線","alias":"北陸本線","operator":"西日本旅客鉄道","section":"11"},"geometry":{"type":"LineString","coordinates":[[136.28203,36.26006],[136.28142,36.25884]]}},{"type":"Feature","properties":{"route":"北陸線","alias":"北陸本線","operator":"西日本旅客鉄道","section":"11"},"geometry":{"type":"LineString","coordinates":[[136.21635,36.00986],[136.21666,36.01123]]}},{"type":"Feature","properties":{"route":"北陸線","alias":"北陸本線","operator":"西日本旅客鉄道","section":"11"},"geometry":{"type":"LineString","coordinates":[[136.22889,36.13082],[136.22858,36.1287]]}},{"type":"Feature","properties":{"route":"北陸線","alias":"北陸本線","operator":"西日本旅客鉄道","section":"11"},"geometry":{"type":"LineString","coordinates":[[136.28142,36.25884],[136.27618,36.25182],[136.26252,36.24698],[136.2573,36.24154]]}},{"type":"Feature","properties":{"route":"北陸線","alias":"北陸本線","operator":"西日本旅客鉄道","section":"11"},"geometry":{"type":"LineString","coordinates":[[136.45989,36.4527],[136.47424,36.47531]]}},{"type":"Feature","properties":{"route":"北陸線","alias":"北陸本線","operator":"西日本旅客鉄道","section":"11"},"geometry":{"type":"LineString","coordinates":[[136.47424,36.47531],[136.47554,36.4773]]}},{"type":"Feature","properties":{"route":"北陸線","alias":"北陸本線","operator":"西日本旅客鉄道","section":"11"},"geometry":{"type":"LineString","coordinates":[[136.62002,36.5525],[136.6223,36.55385]]}},{"type":"Feature","properties":{"route":"北陸線","alias":"北陸本線","operator":"西日本旅客鉄道","section":"11"},"geometry":{"type":"LineString","coordinates":[[136.25612,36.23971],[136.25226,36.23181],[136.23641,36.22267],[136.23522,36.21677]]}},{"type":"Feature","properties":{"route":"北陸線","alias":"北陸本線","operator":"西日本旅客鉄道","section":"11"},"geometry":{"type":"LineString","coordinates":[[136.45288,36.40144],[136.45152,36.39561],[136.42536,36.35686]]}},{"type":"Feature","properties":{"route":"北陸線","alias":"北陸本線","operator":"西日本旅客鉄道","section":"11"},"geometry":{"type":"LineString","coordinates":[[136.14163,35.55472],[136.14334,35.5535]]}},{"type":"Feature","properties":{"route":"北陸線","alias":"北陸本線","operator":"西日本旅客鉄道","section":"11"},"geometry":{"type":"LineString","coordinates":[[136.15329,35.53544],[136.15611,35.53289],[136.16871,35.52829],[136.1924,35.53349]]}},{"type":"Feature","properties":{"route":"北陸線","alias":"北陸本線","operator":"西日本旅客鉄道","section":"11"},"geometry":{"type":"LineString","coordinates":[[136.19873,35.7736],[136.19602,35.7771],[136.19665,35.78622],[136.19147,35.7981],[136.19283,35.8029]]}},{"type":"Feature","properties":{"route":"北陸線","alias":"北陸本線","operator":"西日本旅客鉄道","section":"11"},"geometry":{"type":"LineString","coordinates":[[136.07788,35.64582],[136.08835,35.65075],[136.10774,35.65634],[136.11712,35.6624],[136.17052,35.75125],[136.17554,35.75514],[136.18414,35.75732]]}},{"type":"Feature","properties":{"route":"北陸線","alias":"北陸本線","operator":"西日本旅客鉄道","section":"11"},"geometry":{"type":"LineString","coordinates":[[136.18414,35.75732],[136.18545,35.75761]]}},{"type":"Feature","properties":{"route":"北陸線","alias":"北陸本線","operator":"西日本旅客鉄道","section":"11"},"geometry":{"type":"LineString","coordinates":[[136.15329,35.53544],[136.16891,35.52867],[136.1924,35.53349]]}},{"type":"Feature","properties":{"route":"北陸線","alias":"北陸本線","operator":"西日本旅客鉄道","section":"11"},"geometry":{"type":"LineString","coordinates":[[136.09402,35.60344],[136.09907,35.60016]]}},{"type":"Feature","properties":{"route":"北陸線","alias":"北陸本線","operator":"西日本旅客鉄道","section":"11"},"geometry":{"type":"LineString","coordinates":[[136.22213,35.50497],[136.22104,35.50739]]}},{"type":"Feature","properties":{"route":"北陸線","alias":"北陸本線","operator":"西日本旅客鉄道","section":"11"},"geometry":{"type":"LineString","coordinates":[[136.17162,35.92176],[136.17399,35.92513],[136.17999,35.92747]]}},{"type":"Feature","properties":{"route":"北陸線","alias":"北陸本線","operator":"西日本旅客鉄道","section":"11"},"geometry":{"type":"LineString","coordinates":[[136.14745,35.55089],[136.14784,35.55017]]}},{"type":"Feature","properties":{"route":"北陸線","alias":"北陸本線","operator":"西日本旅客鉄道","section":"11"},"geometry":{"type":"LineString","coordinates":[[136.23724,35.47156],[136.23815,35.46954]]}},{"type":"Feature","properties":{"route":"北陸線","alias":"北陸本線","operator":"西日本旅客鉄道","section":"11"},"geometry":{"type":"LineString","coordinates":[[136.14334,35.5535],[136.14745,35.55089]]}},{"type":"Feature","properties":{"route":"北陸線","alias":"北陸本線","operator":"西日本旅客鉄道","section":"11"},"geometry":{"type":"LineString","coordinates":[[136.1932,35.80378],[136.19563,35.81304],[136.19977,35.82046],[136.19901,35.82537],[136.19424,35.83117]]}},{"type":"Feature","properties":{"route":"北陸線","alias":"北陸本線","operator":"西日本旅客鉄道","section":"11"},"geometry":{"type":"LineString","coordinates":[[136.19424,35.83117],[136.19283,35.83243]]}},{"type":"Feature","properties":{"route":"北陸線","alias":"北陸本線","operator":"西日本旅客鉄道","section":"11"},"geometry":{"type":"LineString","coordinates":[[136.07576,35.64393],[136.07373,35.63991],[136.07509,35.63195],[136.07699,35.62561],[136.08286,35.62034],[136.08196,35.61644]]}},{"type":"Feature","properties":{"route":"北陸線","alias":"北陸本線","operator":"西日本旅客鉄道","section":"11"},"geometry":{"type":"LineString","coordinates":[[136.14784,35.55017],[136.14966,35.54589]]}},{"type":"Feature","properties":{"route":"北陸線","alias":"北陸本線","operator":"西日本旅客鉄道","section":"11"},"geometry":{"type":"LineString","coordinates":[[136.17117,35.902],[136.17078,35.90463]]}},{"type":"Feature","properties":{"route":"北陸線","alias":"北陸本線","operator":"西日本旅客鉄道","section":"11"},"geometry":{"type":"LineString","coordinates":[[136.18886,35.9446],[136.18896,35.94918],[136.19801,35.97064]]}},{"type":"Feature","properties":{"route":"北陸線","alias":"北陸本線","operator":"西日本旅客鉄道","section":"11"},"geometry":{"type":"LineString","coordinates":[[136.16575,35.86603],[136.16536,35.86661]]}},{"type":"Feature","properties":{"route":"北陸線","alias":"北陸本線","operator":"西日本旅客鉄道","section":"11"},"geometry":{"type":"LineString","coordinates":[[136.14941,35.54581],[136.14981,35.54464]]}},{"type":"Feature","properties":{"route":"北陸線","alias":"北陸本線","operator":"西日本旅客鉄道","section":"11"},"geometry":{"type":"LineString","coordinates":[[136.14334,35.5535],[136.14707,35.55086]]}},{"type":"Feature","properties":{"route":"北陸線","alias":"北陸本線","operator":"西日本旅客鉄道","section":"11"},"geometry":{"type":"LineString","coordinates":[[136.10092,35.59384],[136.10046,35.59458]]}},{"type":"Feature","properties":{"route":"北陸線","alias":"北陸本線","operator":"西日本旅客鉄道","section":"11"},"geometry":{"type":"LineString","coordinates":[[136.22104,35.50739],[136.21196,35.52836],[136.2059,35.53337],[136.19945,35.53395]]}},{"type":"Feature","properties":{"route":"北陸線","alias":"北陸本線","operator":"西日本旅客鉄道","section":"11"},"geometry":{"type":"LineString","coordinates":[[136.15185,35.53837],[136.15092,35.54105]]}},{"type":"Feature","properties":{"route":"北陸線","alias":"北陸本線","operator":"西日本旅客鉄道","section":"11"},"geometry":{"type":"LineString","coordinates":[[136.17999,35.92747],[136.18863,35.9382],[136.18897,35.94236]]}},{"type":"Feature","properties":{"route":"北陸線","alias":"北陸本線","operator":"西日本旅客鉄道","section":"11"},"geometry":{"type":"LineString","coordinates":[[136.1997,35.77259],[136.19873,35.7736]]}},{"type":"Feature","properties":{"route":"北陸線","alias":"北陸本線","operator":"西日本旅客鉄道","section":"11"},"geometry":{"type":"LineString","coordinates":[[136.14707,35.55086],[136.14941,35.54581]]}},{"type":"Feature","properties":{"route":"北陸線","alias":"北陸本線","operator":"西日本旅客鉄道","section":"11"},"geometry":{"type":"LineString","coordinates":[[136.09402,35.60344],[136.08857,35.60415],[136.08395,35.60764],[136.08185,35.61348],[136.0773,35.62088],[136.07287,35.62123],[136.07027,35.61883],[136.07045,35.61605],[136.07266,35.61431],[136.08019,35.61539]]}},{"type":"Feature","properties":{"route":"北陸線","alias":"北陸本線","operator":"西日本旅客鉄道","section":"11"},"geometry":{"type":"LineString","coordinates":[[136.14707,35.55086],[136.14784,35.55017]]}},{"type":"Feature","properties":{"route":"北陸線","alias":"北陸本線","operator":"西日本旅客鉄道","section":"11"},"geometry":{"type":"LineString","coordinates":[[136.13988,35.55565],[136.14163,35.55472]]}},{"type":"Feature","properties":{"route":"北陸線","alias":"北陸本線","operator":"西日本旅客鉄道","section":"11"},"geometry":{"type":"LineString","coordinates":[[136.15092,35.54105],[136.14981,35.54464]]}},{"type":"Feature","properties":{"route":"北陸線","alias":"北陸本線","operator":"西日本旅客鉄道","section":"11"},"geometry":{"type":"LineString","coordinates":[[136.10046,35.59458],[136.09907,35.60016]]}},{"type":"Feature","properties":{"route":"北陸線","alias":"北陸本線","operator":"西日本旅客鉄道","section":"11"},"geometry":{"type":"LineString","coordinates":[[136.22213,35.50497],[136.23724,35.47156]]}},{"type":"Feature","properties":{"route":"北陸線","alias":"北陸本線","operator":"西日本旅客鉄道","section":"11"},"geometry":{"type":"LineString","coordinates":[[136.14784,35.55017],[136.14941,35.54581]]}},{"type":"Feature","properties":{"route":"北陸線","alias":"北陸本線","operator":"西日本旅客鉄道","section":"11"},"geometry":{"type":"LineString","coordinates":[[136.07518,35.64361],[136.07313,35.63851],[136.07511,35.6307]]}},{"type":"Feature","properties":{"route":"北陸線","alias":"北陸本線","operator":"西日本旅客鉄道","section":"11"},"geometry":{"type":"LineString","coordinates":[[136.07511,35.6307],[136.08196,35.61644]]}},{"type":"Feature","properties":{"route":"北陸線","alias":"北陸本線","operator":"西日本旅客鉄道","section":"11"},"geometry":{"type":"LineString","coordinates":[[136.14163,35.55472],[136.14745,35.55089]]}},{"type":"Feature","properties":{"route":"北陸線","alias":"北陸本線","operator":"西日本旅客鉄道","section":"11"},"geometry":{"type":"LineString","coordinates":[[136.14966,35.54589],[136.14981,35.54464]]}},{"type":"Feature","properties":{"route":"北陸線","alias":"北陸本線","operator":"西日本旅客鉄道","section":"11"},"geometry":{"type":"LineString","coordinates":[[136.08196,35.61644],[136.08438,35.61033],[136.08959,35.60523],[136.09402,35.60344]]}},{"type":"Feature","properties":{"route":"北陸線","alias":"北陸本線","operator":"西日本旅客鉄道","section":"11"},"geometry":{"type":"LineString","coordinates":[[136.0779,35.64578],[136.07576,35.64393]]}},{"type":"Feature","properties":{"route":"北陸線","alias":"北陸本線","operator":"西日本旅客鉄道","section":"11"},"geometry":{"type":"LineString","coordinates":[[136.13988,35.55565],[136.10092,35.59384]]}},{"type":"Feature","properties":{"route":"北陸線","alias":"北陸本線","operator":"西日本旅客鉄道","section":"11"},"geometry":{"type":"LineString","coordinates":[[136.10092,35.59384],[136.13988,35.55565]]}},{"type":"Feature","properties":{"route":"北陸線","alias":"北陸本線","operator":"西日本旅客鉄道","section":"11"},"geometry":{"type":"LineString","coordinates":[[136.08019,35.61539],[136.08196,35.61644]]}},{"type":"Feature","properties":{"route":"北陸線","alias":"北陸本線","operator":"西日本旅客鉄道","section":"11"},"geometry":{"type":"LineString","coordinates":[[136.18886,35.9446],[136.18897,35.94236]]}},{"type":"Feature","properties":{"route":"北陸線","alias":"北陸本線","operator":"西日本旅客鉄道","section":"11"},"geometry":{"type":"LineString","coordinates":[[136.09402,35.60344],[136.09907,35.60016]]}},{"type":"Feature","properties":{"route":"北陸線","alias":"北陸本線","operator":"西日本旅客鉄道","section":"11"},"geometry":{"type":"LineString","coordinates":[[136.15185,35.53837],[136.15234,35.53692]]}},{"type":"Feature","properties":{"route":"北陸線","alias":"北陸本線","operator":"西日本旅客鉄道","section":"11"},"geometry":{"type":"LineString","coordinates":[[136.15234,35.53692],[136.15329,35.53544]]}},{"type":"Feature","properties":{"route":"北陸線","alias":"北陸本線","operator":"西日本旅客鉄道","section":"11"},"geometry":{"type":"LineString","coordinates":[[136.19283,35.83243],[136.18139,35.84271],[136.16575,35.86603]]}},{"type":"Feature","properties":{"route":"北陸線","alias":"北陸本線","operator":"西日本旅客鉄道","section":"11"},"geometry":{"type":"LineString","coordinates":[[136.17078,35.90463],[136.17162,35.92176]]}},{"type":"Feature","properties":{"route":"北陸線","alias":"北陸本線","operator":"西日本旅客鉄道","section":"11"},"geometry":{"type":"LineString","coordinates":[[136.17162,35.92176],[136.17353,35.92559],[136.17999,35.92747]]}},{"type":"Feature","properties":{"route":"北陸線","alias":"北陸本線","operator":"西日本旅客鉄道","section":"11"},"geometry":{"type":"LineString","coordinates":[[136.19283,35.8029],[136.1932,35.80378]]}},{"type":"Feature","properties":{"route":"北陸線","alias":"北陸本線","operator":"西日本旅客鉄道","section":"11"},"geometry":{"type":"LineString","coordinates":[[136.19945,35.53395],[136.19602,35.53377]]}},{"type":"Feature","properties":{"route":"北陸線","alias":"北陸本線","operator":"西日本旅客鉄道","section":"11"},"geometry":{"type":"LineString","coordinates":[[136.14745,35.55089],[136.14966,35.54589]]}},{"type":"Feature","properties":{"route":"北陸線","alias":"北陸本線","operator":"西日本旅客鉄道","section":"11"},"geometry":{"type":"LineString","coordinates":[[136.19602,35.53377],[136.1924,35.53349]]}},{"type":"Feature","properties":{"route":"北陸線","alias":"北陸本線","operator":"西日本旅客鉄道","section":"11"},"geometry":{"type":"LineString","coordinates":[[136.18545,35.75761],[136.20004,35.76522],[136.20149,35.76916],[136.1997,35.77259]]}},{"type":"Feature","properties":{"route":"北陸線","alias":"北陸本線","operator":"西日本旅客鉄道","section":"11"},"geometry":{"type":"LineString","coordinates":[[136.07518,35.64361],[136.07788,35.64582]]}},{"type":"Feature","properties":{"route":"北陸線","alias":"北陸本線","operator":"西日本旅客鉄道","section":"11"},"geometry":{"type":"LineString","coordinates":[[136.16536,35.86661],[136.16297,35.87333],[136.17117,35.902]]}},{"type":"Feature","properties":{"route":"北陸線","alias":"北陸本線","operator":"西日本旅客鉄道","section":"11"},"geometry":{"type":"LineString","coordinates":[[136.28993,35.315],[136.28908,35.31274]]}},{"type":"Feature","properties":{"route":"北陸線","alias":"北陸本線","operator":"西日本旅客鉄道","section":"11"},"geometry":{"type":"LineString","coordinates":[[136.29179,35.3209],[136.28993,35.315]]}},{"type":"Feature","properties":{"route":"北陸線","alias":"北陸本線","operator":"西日本旅客鉄道","section":"11"},"geometry":{"type":"LineString","coordinates":[[136.26563,35.37759],[136.26435,35.37962]]}},{"type":"Feature","properties":{"route":"北陸線","alias":"北陸本線","operator":"西日本旅客鉄道","section":"11"},"geometry":{"type":"LineString","coordinates":[[136.28176,35.35673],[136.27834,35.36551],[136.26563,35.37759]]}},{"type":"Feature","properties":{"route":"北陸線","alias":"北陸本線","operator":"西日本旅客鉄道","section":"11"},"geometry":{"type":"LineString","coordinates":[[136.25759,35.42391],[136.25719,35.4252]]}},{"type":"Feature","properties":{"route":"北陸線","alias":"北陸本線","operator":"西日本旅客鉄道","section":"11"},"geometry":{"type":"LineString","coordinates":[[136.282,35.35589],[136.28176,35.35673]]}},{"type":"Feature","properties":{"route":"北陸線","alias":"北陸本線","operator":"西日本旅客鉄道","section":"11"},"geometry":{"type":"LineString","coordinates":[[136.24963,35.44811],[136.25719,35.4252]]}},{"type":"Feature","properties":{"route":"北陸線","alias":"北陸本線","operator":"西日本旅客鉄道","section":"11"},"geometry":{"type":"LineString","coordinates":[[136.24939,35.44876],[136.24728,35.45576],[136.24209,35.46096],[136.23815,35.46954]]}},{"type":"Feature","properties":{"route":"北陸線","alias":"北陸本線","operator":"西日本旅客鉄道","section":"11"},"geometry":{"type":"LineString","coordinates":[[136.24963,35.44811],[136.24939,35.44876]]}},{"type":"Feature","properties":{"route":"北陸線","alias":"北陸本線","operator":"西日本旅客鉄道","section":"11"},"geometry":{"type":"LineString","coordinates":[[136.290606,35.31579],[136.29153,35.31815]]}},{"type":"Feature","properties":{"route":"北陸線","alias":"北陸本線","operator":"西日本旅客鉄道","section":"11"},"geometry":{"type":"LineString","coordinates":[[136.29153,35.31815],[136.29179,35.3209]]}},{"type":"Feature","properties":{"route":"北陸線","alias":"北陸本線","operator":"西日本旅客鉄道","section":"11"},"geometry":{"type":"LineString","coordinates":[[136.29179,35.3209],[136.28777,35.33581]]}},{"type":"Feature","properties":{"route":"北陸線","alias":"北陸本線","operator":"西日本旅客鉄道","section":"11"},"geometry":{"type":"LineString","coordinates":[[136.28759,35.33644],[136.282,35.35589]]}},{"type":"Feature","properties":{"route":"北陸線","alias":"北陸本線","operator":"西日本旅客鉄道","section":"11"},"geometry":{"type":"LineString","coordinates":[[136.26435,35.37962],[136.26096,35.41337],[136.25759,35.42391]]}},{"type":"Feature","properties":{"route":"北陸線","alias":"北陸本線","operator":"西日本旅客鉄道","section":"11"},"geometry":{"type":"LineString","coordinates":[[136.28777,35.33581],[136.28759,35.33644]]}},{"type":"Feature","properties":{"route":"北陸線","alias":"北陸本線","operator":"西日本旅客鉄道","section":"11"},"geometry":{"type":"LineString","coordinates":[[136.289841,35.313891],[136.290606,35.31579]]}},{"type":"Feature","properties":{"route":"和歌山線","alias":"和歌山線","operator":"西日本旅客鉄道","section":"11"},"geometry":{"type":"LineString","coordinates":[[135.70331,34.5771],[135.70195,34.56272]]}},{"type":"Feature","properties":{"route":"和歌山線","alias":"和歌山線","operator":"西日本旅客鉄道","section":"11"},"geometry":{"type":"LineString","coordinates":[[135.74916,34.45837],[135.75912,34.45578],[135.76252,34.45292]]}},{"type":"Feature","properties":{"route":"和歌山線","alias":"和歌山線","operator":"西日本旅客鉄道","section":"11"},"geometry":{"type":"LineString","coordinates":[[135.70196,34.56136],[135.70208,34.54896],[135.70482,34.54439]]}},{"type":"Feature","properties":{"route":"和歌山線","alias":"和歌山線","operator":"西日本旅客鉄道","section":"11"},"geometry":{"type":"LineString","coordinates":[[135.69971,34.35624],[135.70998,34.35878],[135.71557,34.36349],[135.71664,34.36997],[135.714569,34.381907]]}},{"type":"Feature","properties":{"route":"和歌山線","alias":"和歌山線","operator":"西日本旅客鉄道","section":"11"},"geometry":{"type":"LineString","coordinates":[[135.74642,34.51428],[135.74612,34.50889],[135.73639,34.48967]]}},{"type":"Feature","properties":{"route":"和歌山線","alias":"和歌山線","operator":"西日本旅客鉄道","section":"11"},"geometry":{"type":"LineString","coordinates":[[135.74521,34.51568],[135.74642,34.51428]]}},{"type":"Feature","properties":{"route":"和歌山線","alias":"和歌山線","operator":"西日本旅客鉄道","section":"11"},"geometry":{"type":"LineString","coordinates":[[135.76361,34.45205],[135.7668,34.44897],[135.76694,34.44624],[135.76312,34.43924],[135.75815,34.43498],[135.75069,34.42185]]}},{"type":"Feature","properties":{"route":"和歌山線","alias":"和歌山線","operator":"西日本旅客鉄道","section":"11"},"geometry":{"type":"LineString","coordinates":[[135.70395,34.57842],[135.70331,34.5771]]}},{"type":"Feature","properties":{"route":"和歌山線","alias":"和歌山線","operator":"西日本旅客鉄道","section":"11"},"geometry":{"type":"LineString","coordinates":[[135.70195,34.56272],[135.70196,34.56136]]}},{"type":"Feature","properties":{"route":"和歌山線","alias":"和歌山線","operator":"西日本旅客鉄道","section":"11"},"geometry":{"type":"LineString","coordinates":[[135.73639,34.48967],[135.73566,34.4882]]}},{"type":"Feature","properties":{"route":"和歌山線","alias":"和歌山線","operator":"西日本旅客鉄道","section":"11"},"geometry":{"type":"LineString","coordinates":[[135.73566,34.4882],[135.73421,34.48445],[135.73379,34.4658]]}},{"type":"Feature","properties":{"route":"和歌山線","alias":"和歌山線","operator":"西日本旅客鉄道","section":"11"},"geometry":{"type":"LineString","coordinates":[[135.63541,34.32276],[135.63406,34.32242]]}},{"type":"Feature","properties":{"route":"和歌山線","alias":"和歌山線","operator":"西日本旅客鉄道","section":"11"},"geometry":{"type":"LineString","coordinates":[[135.75027,34.42031],[135.73332,34.39516],[135.7254,34.38986],[135.71603,34.39206],[135.71348,34.39108],[135.71271,34.38865],[135.714365,34.382665]]}},{"type":"Feature","properties":{"route":"和歌山線","alias":"和歌山線","operator":"西日本旅客鉄道","section":"11"},"geometry":{"type":"LineString","coordinates":[[135.75069,34.42185],[135.75027,34.42031]]}},{"type":"Feature","properties":{"route":"和歌山線","alias":"和歌山線","operator":"西日本旅客鉄道","section":"11"},"geometry":{"type":"LineString","coordinates":[[135.70925,34.59586],[135.70978,34.59297],[135.70395,34.57842]]}},{"type":"Feature","properties":{"route":"和歌山線","alias":"和歌山線","operator":"西日本旅客鉄道","section":"11"},"geometry":{"type":"LineString","coordinates":[[135.70741,34.59696],[135.70925,34.59586]]}},{"type":"Feature","properties":{"route":"和歌山線","alias":"和歌山線","operator":"西日本旅客鉄道","section":"11"},"geometry":{"type":"LineString","coordinates":[[135.70445,34.59744],[135.70741,34.59696]]}},{"type":"Feature","properties":{"route":"和歌山線","alias":"和歌山線","operator":"西日本旅客鉄道","section":"11"},"geometry":{"type":"LineString","coordinates":[[135.63406,34.32242],[135.61551,34.31828]]}},{"type":"Feature","properties":{"route":"和歌山線","alias":"和歌山線","operator":"西日本旅客鉄道","section":"11"},"geometry":{"type":"LineString","coordinates":[[135.74785,34.45843],[135.74916,34.45837]]}},{"type":"Feature","properties":{"route":"和歌山線","alias":"和歌山線","operator":"西日本旅客鉄道","section":"11"},"geometry":{"type":"LineString","coordinates":[[135.61551,34.31828],[135.61402,34.31803]]}},{"type":"Feature","properties":{"route":"和歌山線","alias":"和歌山線","operator":"西日本旅客鉄道","section":"11"},"geometry":{"type":"LineString","coordinates":[[135.71831,34.52768],[135.71939,34.52692]]}},{"type":"Feature","properties":{"route":"和歌山線","alias":"和歌山線","operator":"西日本旅客鉄道","section":"11"},"geometry":{"type":"LineString","coordinates":[[135.68479,34.34634],[135.68409,34.3459]]}},{"type":"Feature","properties":{"route":"和歌山線","alias":"和歌山線","operator":"西日本旅客鉄道","section":"11"},"geometry":{"type":"LineString","coordinates":[[135.6562,34.32807],[135.65495,34.32811]]}},{"type":"Feature","properties":{"route":"和歌山線","alias":"和歌山線","operator":"西日本旅客鉄道","section":"11"},"geometry":{"type":"LineString","coordinates":[[135.65495,34.32811],[135.64964,34.32809],[135.63541,34.32276]]}},{"type":"Feature","properties":{"route":"和歌山線","alias":"和歌山線","operator":"西日本旅客鉄道","section":"11"},"geometry":{"type":"LineString","coordinates":[[135.70582,34.54314],[135.71831,34.52768]]}},{"type":"Feature","properties":{"route":"和歌山線","alias":"和歌山線","operator":"西日本旅客鉄道","section":"11"},"geometry":{"type":"LineString","coordinates":[[135.69766,34.35525],[135.69036,34.35167],[135.68479,34.34634]]}},{"type":"Feature","properties":{"route":"和歌山線","alias":"和歌山線","operator":"西日本旅客鉄道","section":"11"},"geometry":{"type":"LineString","coordinates":[[135.76252,34.45292],[135.76361,34.45205]]}},{"type":"Feature","properties":{"route":"和歌山線","alias":"和歌山線","operator":"西日本旅客鉄道","section":"11"},"geometry":{"type":"LineString","coordinates":[[135.68409,34.3459],[135.66905,34.33909],[135.66761,34.33604],[135.66912,34.33159],[135.6668,34.32883],[135.6562,34.32807]]}},{"type":"Feature","properties":{"route":"和歌山線","alias":"和歌山線","operator":"西日本旅客鉄道","section":"11"},"geometry":{"type":"LineString","coordinates":[[135.7338,34.46435],[135.73443,34.46178],[135.73873,34.45893],[135.74785,34.45843]]}},{"type":"Feature","properties":{"route":"和歌山線","alias":"和歌山線","operator":"西日本旅客鉄道","section":"11"},"geometry":{"type":"LineString","coordinates":[[135.70482,34.54439],[135.70582,34.54314]]}},{"type":"Feature","properties":{"route":"和歌山線","alias":"和歌山線","operator":"西日本旅客鉄道","section":"11"},"geometry":{"type":"LineString","coordinates":[[135.73379,34.4658],[135.7338,34.46435]]}},{"type":"Feature","properties":{"route":"和歌山線","alias":"和歌山線","operator":"西日本旅客鉄道","section":"11"},"geometry":{"type":"LineString","coordinates":[[135.71939,34.52692],[135.72782,34.52136],[135.7408,34.51971],[135.74407,34.517]]}},{"type":"Feature","properties":{"route":"和歌山線","alias":"和歌山線","operator":"西日本旅客鉄道","section":"11"},"geometry":{"type":"LineString","coordinates":[[135.74407,34.517],[135.74521,34.51568]]}},{"type":"Feature","properties":{"route":"和歌山線","alias":"和歌山線","operator":"西日本旅客鉄道","section":"11"},"geometry":{"type":"LineString","coordinates":[[135.69971,34.35624],[135.69766,34.35525]]}},{"type":"Feature","properties":{"route":"和歌山線","alias":"和歌山線","operator":"西日本旅客鉄道","section":"11"},"geometry":{"type":"LineString","coordinates":[[135.7031,34.59749],[135.70445,34.59744]]}},{"type":"Feature","properties":{"route":"和歌山線","alias":"和歌山線","operator":"西日本旅客鉄道","section":"11"},"geometry":{"type":"LineString","coordinates":[[135.714365,34.382665],[135.714569,34.381907]]}},{"type":"Feature","properties":{"route":"和歌山線","alias":"和歌山線","operator":"西日本旅客鉄道","section":"11"},"geometry":{"type":"LineString","coordinates":[[135.53281,34.30465],[135.53208,34.30429]]}},{"type":"Feature","properties":{"route":"和歌山線","alias":"和歌山線","operator":"西日本旅客鉄道","section":"11"},"geometry":{"type":"LineString","coordinates":[[135.43437,34.2732],[135.43302,34.27272]]}},{"type":"Feature","properties":{"route":"和歌山線","alias":"和歌山線","operator":"西日本旅客鉄道","section":"11"},"geometry":{"type":"LineString","coordinates":[[135.51701,34.2985],[135.49427,34.29872]]}},{"type":"Feature","properties":{"route":"和歌山線","alias":"和歌山線","operator":"西日本旅客鉄道","section":"11"},"geometry":{"type":"LineString","coordinates":[[135.36496,34.26518],[135.38723,34.26643],[135.39103,34.26816]]}},{"type":"Feature","properties":{"route":"和歌山線","alias":"和歌山線","operator":"西日本旅客鉄道","section":"11"},"geometry":{"type":"LineString","coordinates":[[135.53208,34.30429],[135.52478,34.2995],[135.51779,34.29852]]}},{"type":"Feature","properties":{"route":"和歌山線","alias":"和歌山線","operator":"西日本旅客鉄道","section":"11"},"geometry":{"type":"LineString","coordinates":[[135.43302,34.27272],[135.40492,34.27089]]}},{"type":"Feature","properties":{"route":"和歌山線","alias":"和歌山線","operator":"西日本旅客鉄道","section":"11"},"geometry":{"type":"LineString","coordinates":[[135.40492,34.27089],[135.40347,34.27055]]}},{"type":"Feature","properties":{"route":"和歌山線","alias":"和歌山線","operator":"西日本旅客鉄道","section":"11"},"geometry":{"type":"LineString","coordinates":[[135.51779,34.29852],[135.51701,34.2985]]}},{"type":"Feature","properties":{"route":"和歌山線","alias":"和歌山線","operator":"西日本旅客鉄道","section":"11"},"geometry":{"type":"LineString","coordinates":[[135.36337,34.26511],[135.34063,34.26203]]}},{"type":"Feature","properties":{"route":"和歌山線","alias":"和歌山線","operator":"西日本旅客鉄道","section":"11"},"geometry":{"type":"LineString","coordinates":[[135.5844,34.3132],[135.58382,34.31277]]}},{"type":"Feature","properties":{"route":"和歌山線","alias":"和歌山線","operator":"西日本旅客鉄道","section":"11"},"geometry":{"type":"LineString","coordinates":[[135.40347,34.27055],[135.39219,34.26834]]}},{"type":"Feature","properties":{"route":"和歌山線","alias":"和歌山線","operator":"西日本旅客鉄道","section":"11"},"geometry":{"type":"LineString","coordinates":[[135.55739,34.30756],[135.55646,34.30768]]}},{"type":"Feature","properties":{"route":"和歌山線","alias":"和歌山線","operator":"西日本旅客鉄道","section":"11"},"geometry":{"type":"LineString","coordinates":[[135.34063,34.26203],[135.33976,34.26199]]}},{"type":"Feature","properties":{"route":"和歌山線","alias":"和歌山線","operator":"西日本旅客鉄道","section":"11"},"geometry":{"type":"LineString","coordinates":[[135.55646,34.30768],[135.54826,34.30827],[135.53281,34.30465]]}},{"type":"Feature","properties":{"route":"和歌山線","alias":"和歌山線","operator":"西日本旅客鉄道","section":"11"},"geometry":{"type":"LineString","coordinates":[[135.39219,34.26834],[135.39103,34.26816]]}},{"type":"Feature","properties":{"route":"和歌山線","alias":"和歌山線","operator":"西日本旅客鉄道","section":"11"},"geometry":{"type":"LineString","coordinates":[[135.58382,34.31277],[135.55739,34.30756]]}},{"type":"Feature","properties":{"route":"和歌山線","alias":"和歌山線","operator":"西日本旅客鉄道","section":"11"},"geometry":{"type":"LineString","coordinates":[[135.45222,34.28008],[135.44675,34.27965],[135.43437,34.2732]]}},{"type":"Feature","properties":{"route":"和歌山線","alias":"和歌山線","operator":"西日本旅客鉄道","section":"11"},"geometry":{"type":"LineString","coordinates":[[135.49427,34.29872],[135.49343,34.29848]]}},{"type":"Feature","properties":{"route":"和歌山線","alias":"和歌山線","operator":"西日本旅客鉄道","section":"11"},"geometry":{"type":"LineString","coordinates":[[135.61402,34.31803],[135.5844,34.3132]]}},{"type":"Feature","properties":{"route":"和歌山線","alias":"和歌山線","operator":"西日本旅客鉄道","section":"11"},"geometry":{"type":"LineString","coordinates":[[135.47937,34.29174],[135.46212,34.28751],[135.45854,34.28204],[135.45305,34.28016]]}},{"type":"Feature","properties":{"route":"和歌山線","alias":"和歌山線","operator":"西日本旅客鉄道","section":"11"},"geometry":{"type":"LineString","coordinates":[[135.45305,34.28016],[135.45222,34.28008]]}},{"type":"Feature","properties":{"route":"和歌山線","alias":"和歌山線","operator":"西日本旅客鉄道","section":"11"},"geometry":{"type":"LineString","coordinates":[[135.48043,34.29239],[135.47937,34.29174]]}},{"type":"Feature","properties":{"route":"和歌山線","alias":"和歌山線","operator":"西日本旅客鉄道","section":"11"},"geometry":{"type":"LineString","coordinates":[[135.49343,34.29848],[135.48647,34.29642],[135.48043,34.29239]]}},{"type":"Feature","properties":{"route":"和歌山線","alias":"和歌山線","operator":"西日本旅客鉄道","section":"11"},"geometry":{"type":"LineString","coordinates":[[135.36337,34.26511],[135.36496,34.26518]]}},{"type":"Feature","properties":{"route":"和歌山線","alias":"和歌山線","operator":"西日本旅客鉄道","section":"11"},"geometry":{"type":"LineString","coordinates":[[135.19156,34.23162],[135.19123,34.23334]]}},{"type":"Feature","properties":{"route":"和歌山線","alias":"和歌山線","operator":"西日本旅客鉄道","section":"11"},"geometry":{"type":"LineString","coordinates":[[135.19123,34.23334],[135.1905,34.23714]]}},{"type":"Feature","properties":{"route":"和歌山線","alias":"和歌山線","operator":"西日本旅客鉄道","section":"11"},"geometry":{"type":"LineString","coordinates":[[135.19017,34.23904],[135.1905,34.23714]]}},{"type":"Feature","properties":{"route":"和歌山線","alias":"和歌山線","operator":"西日本旅客鉄道","section":"11"},"geometry":{"type":"LineString","coordinates":[[135.19017,34.23904],[135.19411,34.24231],[135.22909,34.24208]]}},{"type":"Feature","properties":{"route":"和歌山線","alias":"和歌山線","operator":"西日本旅客鉄道","section":"11"},"geometry":{"type":"LineString","coordinates":[[135.32142,34.25539],[135.32115,34.25465]]}},{"type":"Feature","properties":{"route":"和歌山線","alias":"和歌山線","operator":"西日本旅客鉄道","section":"11"},"geometry":{"type":"LineString","coordinates":[[135.2298,34.24207],[135.24525,34.24166]]}},{"type":"Feature","properties":{"route":"和歌山線","alias":"和歌山線","operator":"西日本旅客鉄道","section":"11"},"geometry":{"type":"LineString","coordinates":[[135.22909,34.24208],[135.2298,34.24207]]}},{"type":"Feature","properties":{"route":"和歌山線","alias":"和歌山線","operator":"西日本旅客鉄道","section":"11"},"geometry":{"type":"LineString","coordinates":[[135.26251,34.24462],[135.26083,34.24428]]}},{"type":"Feature","properties":{"route":"和歌山線","alias":"和歌山線","operator":"西日本旅客鉄道","section":"11"},"geometry":{"type":"LineString","coordinates":[[135.28701,34.24633],[135.26251,34.24462]]}},{"type":"Feature","properties":{"route":"和歌山線","alias":"和歌山線","operator":"西日本旅客鉄道","section":"11"},"geometry":{"type":"LineString","coordinates":[[135.33976,34.26199],[135.32937,34.26147],[135.32343,34.25898],[135.32142,34.25539]]}},{"type":"Feature","properties":{"route":"和歌山線","alias":"和歌山線","operator":"西日本旅客鉄道","section":"11"},"geometry":{"type":"LineString","coordinates":[[135.31182,34.24835],[135.31066,34.24826]]}},{"type":"Feature","properties":{"route":"和歌山線","alias":"和歌山線","operator":"西日本旅客鉄道","section":"11"},"geometry":{"type":"LineString","coordinates":[[135.31066,34.24826],[135.28783,34.24641]]}},{"type":"Feature","properties":{"route":"和歌山線","alias":"和歌山線","operator":"西日本旅客鉄道","section":"11"},"geometry":{"type":"LineString","coordinates":[[135.24525,34.24166],[135.24608,34.24164]]}},{"type":"Feature","properties":{"route":"和歌山線","alias":"和歌山線","operator":"西日本旅客鉄道","section":"11"},"geometry":{"type":"LineString","coordinates":[[135.24608,34.24164],[135.26083,34.24428]]}},{"type":"Feature","properties":{"route":"和歌山線","alias":"和歌山線","operator":"西日本旅客鉄道","section":"11"},"geometry":{"type":"LineString","coordinates":[[135.32115,34.25465],[135.31182,34.24835]]}},{"type":"Feature","properties":{"route":"和歌山線","alias":"和歌山線","operator":"西日本旅客鉄道","section":"11"},"geometry":{"type":"LineString","coordinates":[[135.28783,34.24641],[135.28701,34.24633]]}},{"type":"Feature","properties":{"route":"東海道線","alias":"JR京都線/JR神戸線/JR琵琶湖線","operator":"西日本旅客鉄道","section":"11"},"geometry":{"type":"LineString","coordinates":[[135.3302,34.73903],[135.30885,34.73453]]}},{"type":"Feature","properties":{"route":"東海道線","alias":"JR京都線/JR神戸線/JR琵琶湖線","operator":"西日本旅客鉄道","section":"11"},"geometry":{"type":"LineString","coordinates":[[135.34728,34.73901],[135.33196,34.73904]]}},{"type":"Feature","properties":{"route":"東海道線","alias":"JR京都線/JR神戸線/JR琵琶湖線","operator":"西日本旅客鉄道","section":"11"},"geometry":{"type":"LineString","coordinates":[[135.33196,34.73904],[135.3302,34.73903]]}},{"type":"Feature","properties":{"route":"おおさか東線","alias":"おおさか東線","operator":"西日本旅客鉄道","section":"11"},"geometry":{"type":"LineString","coordinates":[[135.5640035289362,34.687978298956686],[135.57217,34.68684],[135.57244,34.67968]]}},{"type":"Feature","properties":{"route":"おおさか東線","alias":"おおさか東線","operator":"西日本旅客鉄道","section":"11"},"geometry":{"type":"LineString","coordinates":[[135.56721,34.62803],[135.56907,34.62663]]}},{"type":"Feature","properties":{"route":"おおさか東線","alias":"おおさか東線","operator":"西日本旅客鉄道","section":"11"},"geometry":{"type":"LineString","coordinates":[[135.56907,34.62663],[135.58364,34.62259]]}},{"type":"Feature","properties":{"route":"おおさか東線","alias":"おおさか東線","operator":"西日本旅客鉄道","section":"11"},"geometry":{"type":"LineString","coordinates":[[135.5705,34.65056],[135.57017,34.64937]]}},{"type":"Feature","properties":{"route":"おおさか東線","alias":"おおさか東線","operator":"西日本旅客鉄道","section":"11"},"geometry":{"type":"LineString","coordinates":[[135.57017,34.64937],[135.567304588955,34.63908344552305]]}},{"type":"Feature","properties":{"route":"おおさか東線","alias":"おおさか東線","operator":"西日本旅客鉄道","section":"11"},"geometry":{"type":"LineString","coordinates":[[135.57246,34.65942],[135.57243,34.65789]]}},{"type":"Feature","properties":{"route":"おおさか東線","alias":"おおさか東線","operator":"西日本旅客鉄道","section":"11"},"geometry":{"type":"LineString","coordinates":[[135.57243,34.65789],[135.5705,34.65056]]}},{"type":"Feature","properties":{"route":"おおさか東線","alias":"おおさか東線","operator":"西日本旅客鉄道","section":"11"},"geometry":{"type":"LineString","coordinates":[[135.57229,34.66507],[135.57234,34.66359]]}},{"type":"Feature","properties":{"route":"おおさか東線","alias":"おおさか東線","operator":"西日本旅客鉄道","section":"11"},"geometry":{"type":"LineString","coordinates":[[135.57234,34.66359],[135.57246,34.65942]]}},{"type":"Feature","properties":{"route":"おおさか東線","alias":"おおさか東線","operator":"西日本旅客鉄道","section":"11"},"geometry":{"type":"LineString","coordinates":[[135.57244,34.67968],[135.57219,34.67802]]}},{"type":"Feature","properties":{"route":"おおさか東線","alias":"おおさか東線","operator":"西日本旅客鉄道","section":"11"},"geometry":{"type":"LineString","coordinates":[[135.57219,34.67802],[135.57229,34.66507]]}},{"type":"Feature","properties":{"route":"東海道線","alias":"JR京都線/JR神戸線/JR琵琶湖線","operator":"西日本旅客鉄道","section":"11"},"geometry":{"type":"LineString","coordinates":[[135.71024,34.96372],[135.70981,34.95577]]}},{"type":"Feature","properties":{"route":"東海道線","alias":"JR京都線/JR神戸線/JR琵琶湖線","operator":"西日本旅客鉄道","section":"11"},"geometry":{"type":"LineString","coordinates":[[135.71061,34.96554],[135.71024,34.96372]]}},{"type":"Feature","properties":{"route":"山陰線","alias":"嵯峨野線","operator":"西日本旅客鉄道","section":"11"},"geometry":{"type":"LineString","coordinates":[[130.92361,34.01439],[130.92373,34.01333]]}},{"type":"Feature","properties":{"route":"山陰線","alias":"嵯峨野線","operator":"西日本旅客鉄道","section":"11"},"geometry":{"type":"LineString","coordinates":[[130.92373,34.01333],[130.92644,34.00467]]}},{"type":"Feature","properties":{"route":"山陽線","alias":"JR神戸線","operator":"西日本旅客鉄道","section":"11"},"geometry":{"type":"LineString","coordinates":[[135.13431,34.65113],[135.12726,34.64751]]}},{"type":"Feature","properties":{"route":"山陽線","alias":"JR神戸線","operator":"西日本旅客鉄道","section":"11"},"geometry":{"type":"LineString","coordinates":[[135.12726,34.64751],[135.12595,34.64681]]}},{"type":"Feature","properties":{"route":"山陽線","alias":"JR神戸線","operator":"西日本旅客鉄道","section":"11"},"geometry":{"type":"LineString","coordinates":[[134.61337,34.81015],[134.58598,34.81396]]}},{"type":"Feature","properties":{"route":"山陽線","alias":"JR神戸線","operator":"西日本旅客鉄道","section":"11"},"geometry":{"type":"LineString","coordinates":[[134.61566,34.81019],[134.61337,34.81015]]}},{"type":"Feature","properties":{"route":"山陽線","alias":"JR神戸線","operator":"西日本旅客鉄道","section":"11"},"geometry":{"type":"LineString","coordinates":[[133.92239,34.67488],[133.92775,34.67819],[133.93723,34.67873]]}},{"type":"Feature","properties":{"route":"山陽線","alias":"JR神戸線","operator":"西日本旅客鉄道","section":"11"},"geometry":{"type":"LineString","coordinates":[[133.93723,34.67873],[133.93926,34.67927]]}},{"type":"Feature","properties":{"route":"山陽線","alias":"JR神戸線","operator":"西日本旅客鉄道","section":"11"},"geometry":{"type":"LineString","coordinates":[[132.22381,34.21637],[132.22737,34.20456]]}},{"type":"Feature","properties":{"route":"山陽線","alias":"JR神戸線","operator":"西日本旅客鉄道","section":"11"},"geometry":{"type":"LineString","coordinates":[[132.22737,34.20456],[132.22818,34.20338]]}},{"type":"Feature","properties":{"route":"東海道線","alias":"JR京都線/JR神戸線/JR琵琶湖線","operator":"西日本旅客鉄道","section":"11"},"geometry":{"type":"LineString","coordinates":[[135.67819,34.89196],[135.67114,34.8897],[135.66305,34.88098]]}},{"type":"Feature","properties":{"route":"東海道線","alias":"JR京都線/JR神戸線/JR琵琶湖線","operator":"西日本旅客鉄道","section":"11"},"geometry":{"type":"LineString","coordinates":[[135.66305,34.88098],[135.662,34.87977]]}},{"type":"Feature","properties":{"route":"山陽線","alias":"JR神戸線","operator":"西日本旅客鉄道","section":"11"},"geometry":{"type":"LineString","coordinates":[[132.45326,34.41029],[132.46051955,34.40869698]]}},{"type":"Feature","properties":{"route":"山陽線","alias":"JR神戸線","operator":"西日本旅客鉄道","section":"11"},"geometry":{"type":"LineString","coordinates":[[132.46051955,34.40869698],[132.46172450000003,34.40825871]]}},{"type":"Feature","properties":{"route":"山陽線","alias":"JR神戸線","operator":"西日本旅客鉄道","section":"11"},"geometry":{"type":"LineString","coordinates":[[134.71036,34.82446],[134.692862,34.826493]]}},{"type":"Feature","properties":{"route":"山陽線","alias":"JR神戸線","operator":"西日本旅客鉄道","section":"11"},"geometry":{"type":"LineString","coordinates":[[134.71292391,34.82429576],[134.71036,34.82446]]}},{"type":"Feature","properties":{"route":"東海道線","alias":"JR京都線/JR神戸線/JR琵琶湖線","operator":"西日本旅客鉄道","section":"11"},"geometry":{"type":"LineString","coordinates":[[135.22583141,34.70890226],[135.22335481,34.70802999]]}},{"type":"Feature","properties":{"route":"東海道線","alias":"JR京都線/JR神戸線/JR琵琶湖線","operator":"西日本旅客鉄道","section":"11"},"geometry":{"type":"LineString","coordinates":[[135.22335481,34.70802999],[135.21733,34.70606]]}},{"type":"Feature","properties":{"route":"山陽線","alias":"JR神戸線","operator":"西日本旅客鉄道","section":"11"},"geometry":{"type":"LineString","coordinates":[[132.72214551,34.44016578],[132.72315232,34.43888518]]}},{"type":"Feature","properties":{"route":"山陽線","alias":"JR神戸線","operator":"西日本旅客鉄道","section":"11"},"geometry":{"type":"LineString","coordinates":[[132.72315232,34.43888518],[132.72588,34.43571],[132.73461,34.43116],[132.74249,34.43111]]}},{"type":"Feature","properties":{"route":"東海道線","alias":"JR京都線/JR神戸線/JR琵琶湖線","operator":"西日本旅客鉄道","section":"11"},"geometry":{"type":"LineString","coordinates":[[135.5770395488996,34.828150227886255],[135.56888,34.82311],[135.56289,34.81608]]}},{"type":"Feature","properties":{"route":"東海道線","alias":"JR京都線/JR神戸線/JR琵琶湖線","operator":"西日本旅客鉄道","section":"11"},"geometry":{"type":"LineString","coordinates":[[135.57831,34.82889],[135.5770395488996,34.828150227886255]]}},{"type":"Feature","properties":{"route":"おおさか東線","alias":"おおさか東線","operator":"西日本旅客鉄道","section":"11"},"geometry":{"type":"LineString","coordinates":[[135.56694299495598,34.6377797733058],[135.56523,34.63097],[135.56721,34.62803]]}},{"type":"Feature","properties":{"route":"おおさか東線","alias":"おおさか東線","operator":"西日本旅客鉄道","section":"11"},"geometry":{"type":"LineString","coordinates":[[135.567304588955,34.63908344552305],[135.56694299495598,34.6377797733058]]}},{"type":"Feature","properties":{"route":"山陰線","alias":"嵯峨野線","operator":"西日本旅客鉄道","section":"11"},"geometry":{"type":"LineString","coordinates":[[135.74305990175955,34.98976613782989],[135.7432431796188,34.98827926392958]]}},{"type":"Feature","properties":{"route":"山陰線","alias":"嵯峨野線","operator":"西日本旅客鉄道","section":"11"},"geometry":{"type":"LineString","coordinates":[[135.7432431796188,34.98827926392958],[135.74521,34.98595],[135.75146,34.98538]]}},{"type":"Feature","properties":{"route":"おおさか東線","alias":"おおさか東線","operator":"西日本旅客鉄道","section":"11"},"geometry":{"type":"LineString","coordinates":[[135.5012915082622,34.73261185718626],[135.5019639296909,34.73540304047521]]}},{"type":"Feature","properties":{"route":"おおさか東線","alias":"おおさか東線","operator":"西日本旅客鉄道","section":"11"},"geometry":{"type":"LineString","coordinates":[[135.5019639296909,34.73540304047521],[135.5075782455378,34.74779618502643],[135.51036919754972,34.74932723892801]]}},{"type":"Feature","properties":{"route":"おおさか東線","alias":"おおさか東線","operator":"西日本旅客鉄道","section":"11"},"geometry":{"type":"LineString","coordinates":[[135.51036919754972,34.74932723892801],[135.51222152827782,34.74942873650215]]}},{"type":"Feature","properties":{"route":"おおさか東線","alias":"おおさか東線","operator":"西日本旅客鉄道","section":"11"},"geometry":{"type":"LineString","coordinates":[[135.51222152827782,34.74942873650215],[135.51931367127105,34.741385053751294]]}},{"type":"Feature","properties":{"route":"おおさか東線","alias":"おおさか東線","operator":"西日本旅客鉄道","section":"11"},"geometry":{"type":"LineString","coordinates":[[135.51931367127105,34.741385053751294],[135.52031595981572,34.74021783164864]]}},{"type":"Feature","properties":{"route":"おおさか東線","alias":"おおさか東線","operator":"西日本旅客鉄道","section":"11"},"geometry":{"type":"LineString","coordinates":[[135.52031595981572,34.74021783164864],[135.53023893358775,34.72435566388953]]}},{"type":"Feature","properties":{"route":"おおさか東線","alias":"おおさか東線","operator":"西日本旅客鉄道","section":"11"},"geometry":{"type":"LineString","coordinates":[[135.53023893358775,34.72435566388953],[135.53096210380352,34.723048882622436]]}},{"type":"Feature","properties":{"route":"おおさか東線","alias":"おおさか東線","operator":"西日本旅客鉄道","section":"11"},"geometry":{"type":"LineString","coordinates":[[135.53096210380352,34.723048882622436],[135.54095105760663,34.710828793170116],[135.54142904113706,34.70757050256555]]}},{"type":"Feature","properties":{"route":"おおさか東線","alias":"おおさか東線","operator":"西日本旅客鉄道","section":"11"},"geometry":{"type":"LineString","coordinates":[[135.54142904113706,34.70757050256555],[135.54135291795646,34.706111474937245]]}},{"type":"Feature","properties":{"route":"おおさか東線","alias":"おおさか東線","operator":"西日本旅客鉄道","section":"11"},"geometry":{"type":"LineString","coordinates":[[135.54135291795646,34.706111474937245],[135.54104264330832,34.6998588613481],[135.54436117125366,34.69338205359241]]}},{"type":"Feature","properties":{"route":"おおさか東線","alias":"おおさか東線","operator":"西日本旅客鉄道","section":"11"},"geometry":{"type":"LineString","coordinates":[[135.54436117125366,34.69338205359241],[135.54590425156033,34.69220135134321]]}},{"type":"Feature","properties":{"route":"おおさか東線","alias":"おおさか東線","operator":"西日本旅客鉄道","section":"11"},"geometry":{"type":"LineString","coordinates":[[135.56227152834026,34.68802012705851],[135.5640035289362,34.687978298956686]]}},{"type":"Feature","properties":{"route":"おおさか東線","alias":"おおさか東線","operator":"西日本旅客鉄道","section":"11"},"geometry":{"type":"LineString","coordinates":[[135.58364,34.622590000000116],[135.58523000000014,34.62208]]}}]}